{
  "type": "FeatureCollection",
  "features": [
    {
      "type": "Feature",
      "id": "a985dd5a-4558-4d0c-a653-ec30f51d4d25",
      "properties": {
        "name": "PA1=\"Southeast Front Door Entrance\"",
        "description": "Ecodash.ai Ecological Niche Model v0.5\n\nM1: Moisture (level)      = Dry - Moderate\nM2: Light (hours)           = 4 - 6\nM3: pH (0-14)                 = 6.7 - 7.2 \nM4: N (ppm)                   = 3 - 5 \nM5: P (ppm)                   = 6 - 9\nM6: K (ppm)                   = 8 - 10\nM7: Organic (%)             = 10 - 15\nM8: Drought (Risk %)    = 5 - 10       \nM9: Flood (Risk %)        = 5 - 10\nM10: Wind                      = 0 - 5",
        "created": "2025-05-22T00:12:11.490Z",
        "modified": "2025-05-28T16:54:26.323Z",
        "tags": [],
        "color": [
          0.7137254901960784,
          0.9450980392156862,
          0.050980392156862744,
          1
        ],
        "cameraPosition": [
          435698.4748794483,
          3155155.6000044164,
          11.586150622958172
        ],
        "visible": true,
        "mode": "default",
        "perimeter": 54.192,
        "area": 77.600078
      },
      "geometry": {
        "type": "Polygon",
        "coordinates": [
          [
            [
              -81.65708211169546,
              28.521543577068613,
              7.082783
            ],
            [
              -81.65709045085558,
              28.521544548057683,
              6.902348
            ],
            [
              -81.65709974789715,
              28.521544594950875,
              7.004292
            ],
            [
              -81.65711212218693,
              28.521545296853883,
              7.061253
            ],
            [
              -81.65713168598734,
              28.521546764304684,
              7.127571
            ],
            [
              -81.65719387718705,
              28.521544052352823,
              7.254821
            ],
            [
              -81.65719549111037,
              28.521554772734117,
              7.183769
            ],
            [
              -81.65719594146076,
              28.521560292086274,
              7.133938
            ],
            [
              -81.65719495872003,
              28.521625737309908,
              7.025166
            ],
            [
              -81.65715248442754,
              28.5216228091982,
              7.279804
            ],
            [
              -81.65715335208644,
              28.521588965881786,
              7.25024
            ],
            [
              -81.65712394082631,
              28.521588462748436,
              6.996105
            ],
            [
              -81.65709967127052,
              28.521587050317276,
              6.936882
            ],
            [
              -81.6570987768297,
              28.52157249028455,
              6.968491
            ],
            [
              -81.6570985445062,
              28.521561429797703,
              6.977185
            ],
            [
              -81.65709403961672,
              28.521561053942822,
              6.994194
            ],
            [
              -81.65707859957811,
              28.521560739389788,
              6.965988
            ],
            [
              -81.6570578413194,
              28.5215612963282,
              6.923183
            ],
            [
              -81.65705795398245,
              28.521576785571025,
              6.883015
            ],
            [
              -81.65705750118985,
              28.521591206661355,
              6.875122
            ],
            [
              -81.65704078111148,
              28.52159016251748,
              7.169174
            ],
            [
              -81.65704153473682,
              28.521567738298664,
              7.013575
            ],
            [
              -81.65704132374307,
              28.521564511709826,
              6.985893
            ],
            [
              -81.65704241344153,
              28.521542986345626,
              6.889217
            ],
            [
              -81.65708211169546,
              28.521543577068613,
              7.082783
            ]
          ]
        ]
      }
    },
    {
      "type": "Feature",
      "id": "e87a5ae4-2c7b-4d12-bfab-0cf96d46f0fb",
      "properties": {
        "name": "PA2=\"South Field\"",
        "description": "Ecodash.ai Ecological Niche Model v0.5\n\nM1: Moisture (level)      = Dry - Moderate\nM2: Light (hours)           = 8-12\nM3: pH (0-14)                 = 4.8-6.8\nM4: N (ppm)                   = 1.0-3.0\nM5: P (ppm)                   = 93-99\nM6: K (ppm)                   = 22-28\nM7: Organic (%)             = 1-3\nM8: Drought (Risk %)    = 5 - 10       \nM9: Flood (Risk %)        = 0-5\nM10: Wind                      = 10-15",
        "created": "2025-05-23T19:43:05.610Z",
        "modified": "2025-06-09T05:07:28.400Z",
        "tags": [],
        "color": [
          0.7137254901960784,
          0.9450980392156862,
          0.050980392156862744,
          1
        ],
        "cameraPosition": [
          435748.86571766133,
          3155134.03134901,
          144.07598814365682
        ],
        "visible": true,
        "mode": "default",
        "perimeter": 281.50600000000003,
        "area": 2345.460705
      },
      "geometry": {
        "type": "Polygon",
        "coordinates": [
          [
            [
              -81.65731869944335,
              28.52122780433798,
              9.573143
            ],
            [
              -81.65691153216434,
              28.521231929255233,
              9.354405
            ],
            [
              -81.6565522060645,
              28.52129354560273,
              8.446217
            ],
            [
              -81.65650896024972,
              28.521313350634586,
              8.192444
            ],
            [
              -81.65648505936625,
              28.52133705175666,
              7.954804
            ],
            [
              -81.6564752207878,
              28.52148760314887,
              6.810837
            ],
            [
              -81.65645729806644,
              28.52151862036333,
              6.392639
            ],
            [
              -81.65642770983779,
              28.521536233089783,
              6.225391
            ],
            [
              -81.65638168822892,
              28.52155741661105,
              6.02066
            ],
            [
              -81.65633949687287,
              28.521561961010566,
              5.945168
            ],
            [
              -81.65630993462038,
              28.52156622988638,
              5.8335
            ],
            [
              -81.65629554190998,
              28.521565581221804,
              5.830505
            ],
            [
              -81.65635272772388,
              28.52113652144033,
              8.913113
            ],
            [
              -81.65653682692776,
              28.52107371109466,
              9.514069
            ],
            [
              -81.65659407894358,
              28.52108170771974,
              9.541668
            ],
            [
              -81.6566229347693,
              28.52107396382895,
              9.615277
            ],
            [
              -81.65665472352882,
              28.52106067334783,
              9.635437
            ],
            [
              -81.65668723346876,
              28.521059928372466,
              9.841503
            ],
            [
              -81.65673126980619,
              28.52105466129435,
              9.981007
            ],
            [
              -81.65676647395523,
              28.521054732692416,
              9.941136
            ],
            [
              -81.65682179343997,
              28.521064762717003,
              10.232598
            ],
            [
              -81.65685789566591,
              28.52105450673152,
              10.289082
            ],
            [
              -81.65690672956387,
              28.52105379655376,
              10.22308
            ],
            [
              -81.65697327116038,
              28.521060814078897,
              10.526051
            ],
            [
              -81.65699783148594,
              28.521067495945182,
              10.642105
            ],
            [
              -81.6570338222662,
              28.521060369963948,
              10.565006
            ],
            [
              -81.65707475674249,
              28.521055819370922,
              10.586644
            ],
            [
              -81.65709380866772,
              28.52104983071433,
              10.540493
            ],
            [
              -81.65714006721909,
              28.52106820164606,
              10.657845
            ],
            [
              -81.65717391527227,
              28.521084585641674,
              10.525654
            ],
            [
              -81.65720530529566,
              28.521099556016523,
              10.452843
            ],
            [
              -81.6572374003919,
              28.52110858701823,
              10.231492
            ],
            [
              -81.65727532119946,
              28.521124865824348,
              9.775116
            ],
            [
              -81.65731472943769,
              28.521160774508665,
              9.99997
            ],
            [
              -81.65732428694791,
              28.521185068559777,
              9.881936
            ],
            [
              -81.65735042881947,
              28.521229495148102,
              9.458718
            ],
            [
              -81.65731869944335,
              28.52122780433798,
              9.573143
            ]
          ]
        ]
      }
    },
    {
      "type": "Feature",
      "id": "41cfd92a-bf3f-4e89-816c-ec4e9bb5ef86",
      "properties": {
        "name": "PA3=\"Southwest Front Door Foundation\"",
        "description": "Ecodash.ai Ecological Niche Model v0.5\n\nM1: Moisture (level)      = Dry - Moderate\nM2: Light (hours)           = 0-4\nM3: pH (0-14)                 = 5.2-7.2\nM4: N (ppm)                   = 1.35-3.35\nM5: P (ppm)                   = 31-37\nM6: K (ppm)                   = 87-93\nM7: Organic (%)             = 6-10\nM8: Drought (Risk %)    = 0-5       \nM9: Flood (Risk %)        = 0-5\nM10: Wind                      = 0 - 3",
        "created": "2025-05-23T19:44:46.094Z",
        "modified": "2025-06-09T05:07:48.230Z",
        "tags": [],
        "color": [
          0.7137254901960784,
          0.9450980392156862,
          0.050980392156862744,
          1
        ],
        "cameraPosition": [
          435702.79862879106,
          3155153.511502379,
          10.630459865878933
        ],
        "visible": true,
        "mode": "default",
        "perimeter": 28.246000000000002,
        "area": 47.398990999999995
      },
      "geometry": {
        "type": "Polygon",
        "coordinates": [
          [
            [
              -81.65699948422963,
              28.521540757485607,
              6.852398
            ],
            [
              -81.65699911583283,
              28.521523894983975,
              6.835667
            ],
            [
              -81.65699707700084,
              28.521524107835884,
              6.889885
            ],
            [
              -81.65699288503451,
              28.5215209854362,
              6.876804
            ],
            [
              -81.65699269075462,
              28.521488628657867,
              7.021538
            ],
            [
              -81.65706961805171,
              28.521488447027348,
              7.179142
            ],
            [
              -81.6570834796494,
              28.52154384634968,
              7.024865
            ],
            [
              -81.65699948422963,
              28.521540757485607,
              6.852398
            ]
          ]
        ]
      }
    },
    {
      "type": "Feature",
      "id": "a2e5890a-3e87-48b9-ba5c-de687edff145",
      "properties": {
        "name": "PA4=\"Southeast Front Door Foundation\"",
        "description": "Ecodash.ai Ecological Niche Model v0.5\n\nM1: Moisture (level)      = Dry - Moderate\nM2: Light (hours)           = 1-4\nM3: pH (0-14)                 = 5.2-7.2\nM4: N (ppm)                   = 1.35-3.35\nM5: P (ppm)                   = 31-37\nM6: K (ppm)                   = 87-93\nM7: Organic (%)             = 6-10\nM8: Drought (Risk %)    = 0-5       \nM9: Flood (Risk %)        = 0-5\nM10: Wind                      = 0 - 3\n",
        "created": "2025-05-23T19:47:04.506Z",
        "modified": "2025-06-09T05:07:39.448Z",
        "tags": [],
        "color": [
          0.7137254901960784,
          0.9450980392156862,
          0.050980392156862744,
          1
        ],
        "cameraPosition": [
          435732.2761733799,
          3155156.9471970443,
          11.5501022626773
        ],
        "visible": true,
        "mode": "default",
        "perimeter": 38.417,
        "area": 85.094196
      },
      "geometry": {
        "type": "Polygon",
        "coordinates": [
          [
            [
              -81.65696698499022,
              28.521541339479953,
              6.952569
            ],
            [
              -81.65696432854531,
              28.521520807530557,
              7.155148
            ],
            [
              -81.65697192659584,
              28.521524249246703,
              6.922425
            ],
            [
              -81.65697123753101,
              28.521517323615786,
              7.174626
            ],
            [
              -81.65697490898665,
              28.521517526156718,
              7.156712
            ],
            [
              -81.65697377199339,
              28.521492182683538,
              7.078053
            ],
            [
              -81.65692605915957,
              28.52147770415712,
              7.068896
            ],
            [
              -81.65690502282034,
              28.52147863653806,
              7.061959
            ],
            [
              -81.65688578858469,
              28.52149594522623,
              6.838276
            ],
            [
              -81.65684595523554,
              28.52151781265424,
              7.04147
            ],
            [
              -81.65684492187111,
              28.52152498147754,
              6.959073
            ],
            [
              -81.65684360572882,
              28.521533053213208,
              6.958744
            ],
            [
              -81.65684556356474,
              28.521541008187654,
              6.883457
            ],
            [
              -81.65684578989111,
              28.521547096982303,
              6.745785
            ],
            [
              -81.65685467284608,
              28.52155682122153,
              6.735928
            ],
            [
              -81.65685993280647,
              28.521562354129813,
              6.642124
            ],
            [
              -81.65686404769421,
              28.521565412530823,
              6.565934
            ],
            [
              -81.65686876130994,
              28.52156749096873,
              6.603604
            ],
            [
              -81.65687291831297,
              28.521568094107053,
              6.550038
            ],
            [
              -81.65687732479907,
              28.521568183743238,
              6.70654
            ],
            [
              -81.65688614829165,
              28.521567074345032,
              6.738049
            ],
            [
              -81.6568914469303,
              28.52156521162361,
              6.717892
            ],
            [
              -81.65692905502715,
              28.521543198137962,
              6.829365
            ],
            [
              -81.65696698499022,
              28.521541339479953,
              6.952569
            ]
          ]
        ]
      }
    },
    {
      "type": "Feature",
      "id": "2096b72b-0685-4202-a63c-2be2e030303d",
      "properties": {
        "name": "PA5=\"Front Door Entrance\" ",
        "description": "Ecodash.ai Ecological Niche Model v0.5\n\nM1: Moisture (level)      = Dry - Moderate\nM2: Light (hours)           = 0-1\nM3: pH (0-14)                 = 5.2-7.2\nM4: N (ppm)                   = 1.35-3.35\nM5: P (ppm)                   = 31-37\nM6: K (ppm)                   = 87-93\nM7: Organic (%)             = 6-10\nM8: Drought (Risk %)    = 0-5       \nM9: Flood (Risk %)        = 0-5\nM10: Wind                      = 0 - 3\n",
        "created": "2025-05-23T19:49:21.561Z",
        "modified": "2025-05-28T16:54:24.128Z",
        "tags": [],
        "color": [
          0.7137254901960784,
          0.9450980392156862,
          0.050980392156862744,
          1
        ],
        "cameraPosition": [
          435725.682596778,
          3155139.242344672,
          13.35356069432649
        ],
        "visible": true,
        "mode": "default",
        "perimeter": 29.97,
        "area": 61.094401
      },
      "geometry": {
        "type": "Polygon",
        "coordinates": [
          [
            [
              -81.65703187595949,
              28.521461873773255,
              7.011784
            ],
            [
              -81.65702525442438,
              28.521393944942098,
              7.366486
            ],
            [
              -81.65699453542418,
              28.521384449188904,
              7.373047
            ],
            [
              -81.65697806979247,
              28.52138370514885,
              7.88358
            ],
            [
              -81.65697240988541,
              28.521386326709152,
              7.927384
            ],
            [
              -81.65694386437261,
              28.52141916665561,
              7.404109
            ],
            [
              -81.65694374181106,
              28.52142193389438,
              7.37746
            ],
            [
              -81.65694302223069,
              28.521433243470845,
              7.287435
            ],
            [
              -81.65695626243765,
              28.521440256557465,
              7.263302
            ],
            [
              -81.65697495426059,
              28.521468053321684,
              6.922771
            ],
            [
              -81.65703187595949,
              28.521461873773255,
              7.011784
            ]
          ]
        ]
      }
    },
    {
      "type": "Feature",
      "id": "0b24332a-26b5-4f25-8b4a-171300fcb9bb",
      "properties": {
        "name": "PA6=\"Eastside Foundation of the House\"",
        "description": "Ecodash.ai Ecological Niche Model v0.5\n\nM1: Moisture (level)      = Dry - Moderate\nM2: Light (hours)           = 1-7\nM3: pH (0-14)                 = 4.9-6.9\nM4: N (ppm)                   = 11-15\nM5: P (ppm)                   = 110-114\nM6: K (ppm)                   = 18-22\nM7: Organic (%)             = 1-3\nM8: Drought (Risk %)    = 5-10     \nM9: Flood (Risk %)        = 0-5\nM10: Wind                      = 0 - 3\n",
        "created": "2025-05-23T19:52:04.579Z",
        "modified": "2025-06-09T05:04:42.425Z",
        "tags": [],
        "color": [
          0.7137254901960784,
          0.9450980392156862,
          0.050980392156862744,
          1
        ],
        "cameraPosition": [
          435727.27113376814,
          3155165.33294591,
          30.148119323624883
        ],
        "visible": true,
        "mode": "default",
        "perimeter": 48.86,
        "area": 111.74262999999999
      },
      "geometry": {
        "type": "Polygon",
        "coordinates": [
          [
            [
              -81.65692750699594,
              28.52168565584212,
              6.476223
            ],
            [
              -81.65692851672661,
              28.52154358730053,
              6.847568
            ],
            [
              -81.6568910779858,
              28.521565677078687,
              6.748402
            ],
            [
              -81.65688235012853,
              28.52156717519202,
              6.63295
            ],
            [
              -81.656872494767,
              28.521568741480035,
              6.531186
            ],
            [
              -81.6568639388587,
              28.521565212366664,
              6.581959
            ],
            [
              -81.65685582215906,
              28.521559229590647,
              6.621407
            ],
            [
              -81.65684638048508,
              28.521548184880963,
              6.82243
            ],
            [
              -81.65684840981238,
              28.52168822352157,
              5.708496
            ],
            [
              -81.65692750699594,
              28.52168565584212,
              6.476223
            ]
          ]
        ]
      }
    },
    {
      "type": "Feature",
      "id": "f5b5aaa1-73ab-4d96-8c40-f501209800e3",
      "properties": {
        "name": "PA7=\"Northeast Side Foundation of House\"",
        "description": "Ecodash.ai Ecological Niche Model v0.5\n\nM1: Moisture (level)      = Dry - Moderate\nM2: Light (hours)           = 5-8\nM3: pH (0-14)                 = 4.9-6.9\nM4: N (ppm)                   = 2-4\nM5: P (ppm)                   = 57-61\nM6: K (ppm)                   = 8-12\nM7: Organic (%)             = 1-3\nM8: Drought (Risk %)    = 5-10     \nM9: Flood (Risk %)        = 0-5\nM10: Wind                      = 0 - 5",
        "created": "2025-05-23T19:54:27.965Z",
        "modified": "2025-06-09T05:04:36.294Z",
        "tags": [],
        "color": [
          0.7137254901960784,
          0.9450980392156862,
          0.050980392156862744,
          1
        ],
        "cameraPosition": [
          435720.81303806516,
          3155174.3806849723,
          22.556169088852343
        ],
        "visible": true,
        "mode": "default",
        "perimeter": 36.550000000000004,
        "area": 49.936039
      },
      "geometry": {
        "type": "Polygon",
        "coordinates": [
          [
            [
              -81.65684786516067,
              28.52168888086734,
              5.719307
            ],
            [
              -81.65692789475547,
              28.521686291683025,
              6.401875
            ],
            [
              -81.65693730101228,
              28.521687123842145,
              6.254875
            ],
            [
              -81.65694535700432,
              28.52168890174185,
              6.262482
            ],
            [
              -81.65695765847747,
              28.521689322453994,
              6.08889
            ],
            [
              -81.6569689905256,
              28.52168943364808,
              6.149178
            ],
            [
              -81.65697506502723,
              28.521688465340755,
              6.171604
            ],
            [
              -81.65698199268867,
              28.52168774000184,
              6.200417
            ],
            [
              -81.65698783108562,
              28.52168628463116,
              6.264374
            ],
            [
              -81.65699190956623,
              28.52168609020403,
              6.343365
            ],
            [
              -81.65699731012441,
              28.52168650943467,
              6.485615
            ],
            [
              -81.6569972848944,
              28.52170326173307,
              6.095257
            ],
            [
              -81.6569893788182,
              28.521703017299775,
              6.156956
            ],
            [
              -81.65697856814921,
              28.521702832386747,
              6.092625
            ],
            [
              -81.6569714839529,
              28.521705635556547,
              5.980453
            ],
            [
              -81.6569693821011,
              28.521710556587326,
              6.039963
            ],
            [
              -81.65696935654557,
              28.521715140257395,
              5.810528
            ],
            [
              -81.65697028395901,
              28.52171835484294,
              5.768684
            ],
            [
              -81.65685096077866,
              28.521724697806917,
              5.060436
            ],
            [
              -81.65684786516067,
              28.52168888086734,
              5.719307
            ]
          ]
        ]
      }
    },
    {
      "type": "Feature",
      "id": "9dad46e7-66ea-462b-b3cf-2041f8bd8d73",
      "properties": {
        "name": "PA8=\"Northside Planting Bed\"",
        "description": "Ecodash.ai Ecological Niche Model v0.5\n\nM1: Moisture (level)      = Dry - Moderate\nM2: Light (hours)           = 5-8\nM3: pH (0-14)                 = 4.9-6.9\nM4: N (ppm)                   = 2-4\nM5: P (ppm)                   = 57-61\nM6: K (ppm)                   = 8-12\nM7: Organic (%)             = 1-3\nM8: Drought (Risk %)    = 5-10     \nM9: Flood (Risk %)        = 0-5\nM10: Wind                      = 0 - 5",
        "created": "2025-05-23T19:57:01.223Z",
        "modified": "2025-06-09T05:04:10.189Z",
        "tags": [],
        "color": [
          0.7137254901960784,
          0.9450980392156862,
          0.050980392156862744,
          1
        ],
        "cameraPosition": [
          435717.11771832587,
          3155174.8569977875,
          13.685346510440098
        ],
        "visible": true,
        "mode": "default",
        "perimeter": 9.34,
        "area": 6.0627249999999995
      },
      "geometry": {
        "type": "Polygon",
        "coordinates": [
          [
            [
              -81.6569972848944,
              28.52170326173307,
              6.095257
            ],
            [
              -81.65697879607802,
              28.521703637656522,
              6.280613
            ],
            [
              -81.65697171146869,
              28.521706013181095,
              6.151798
            ],
            [
              -81.6569695535602,
              28.52171058791883,
              6.051601
            ],
            [
              -81.65696931674209,
              28.521714990721897,
              5.812855
            ],
            [
              -81.65696985635212,
              28.521718243296952,
              5.751568
            ],
            [
              -81.65697167364618,
              28.52172176849717,
              5.75959
            ],
            [
              -81.65697575301353,
              28.52172470566288,
              5.728428
            ],
            [
              -81.6569828330405,
              28.52172513345293,
              5.71925
            ],
            [
              -81.65699644683923,
              28.52172395113796,
              5.758728
            ],
            [
              -81.6569972848944,
              28.52170326173307,
              6.095257
            ]
          ]
        ]
      }
    },
    {
      "type": "Feature",
      "id": "a947ed86-198b-46ab-bb7b-dd0e437d6449",
      "properties": {
        "name": "PA9=\"Southside of Pool\"",
        "description": "Ecodash.ai Ecological Niche Model v0.5\n\nM1: Moisture (level)      = Dry - Moderate\nM2: Light (hours)           = 5-8\nM3: pH (0-14)                 = 4.9-6.9\nM4: N (ppm)                   = 2-4\nM5: P (ppm)                   = 57-61\nM6: K (ppm)                   = 8-12\nM7: Organic (%)             = 1-3\nM8: Drought (Risk %)    = 5-10     \nM9: Flood (Risk %)        = 0-5\nM10: Wind                      = 0 - 5",
        "created": "2025-05-23T19:58:05.678Z",
        "modified": "2025-06-09T05:04:01.892Z",
        "tags": [],
        "color": [
          0.7137254901960784,
          0.9450980392156862,
          0.050980392156862744,
          1
        ],
        "cameraPosition": [
          435717.06807787524,
          3155175.6468263427,
          10.476222572131888
        ],
        "visible": true,
        "mode": "default",
        "perimeter": 35.764,
        "area": 37.140583
      },
      "geometry": {
        "type": "Polygon",
        "coordinates": [
          [
            [
              -81.65699644683923,
              28.52172395113796,
              5.758728
            ],
            [
              -81.65699634983231,
              28.52172927906368,
              5.684074
            ],
            [
              -81.65698831229551,
              28.52173209585297,
              5.641571
            ],
            [
              -81.65698363532931,
              28.521734997638145,
              5.640614
            ],
            [
              -81.65698034419502,
              28.521739931190076,
              5.555794
            ],
            [
              -81.65697452899504,
              28.5217391199667,
              5.550329
            ],
            [
              -81.65692857332957,
              28.52173885133601,
              5.613331
            ],
            [
              -81.65692631752702,
              28.521738975478712,
              5.51757
            ],
            [
              -81.6569245920759,
              28.52174049611266,
              5.507908
            ],
            [
              -81.6569229274911,
              28.52174360717217,
              5.64185
            ],
            [
              -81.65692174728628,
              28.521754872228268,
              5.535624
            ],
            [
              -81.65692110180143,
              28.521756407696415,
              5.51049
            ],
            [
              -81.65691989660688,
              28.521757907401,
              5.33297
            ],
            [
              -81.65691960081841,
              28.52175876730299,
              5.547338
            ],
            [
              -81.65691892360438,
              28.52175982029824,
              5.567749
            ],
            [
              -81.65691695850855,
              28.521761003271298,
              5.534321
            ],
            [
              -81.65691346429077,
              28.521761254543808,
              5.502369
            ],
            [
              -81.65690504231662,
              28.521760378043513,
              5.513428
            ],
            [
              -81.65690017477463,
              28.52176211552644,
              5.517754
            ],
            [
              -81.65689881186842,
              28.521763338579646,
              5.716782
            ],
            [
              -81.65689500160201,
              28.521765047599132,
              5.494606
            ],
            [
              -81.65687736931801,
              28.521766436566235,
              5.155567
            ],
            [
              -81.65686232238157,
              28.521724175059422,
              5.132238
            ],
            [
              -81.65685122915377,
              28.521724786979767,
              5.068348
            ],
            [
              -81.65696985635212,
              28.521718243296952,
              5.751568
            ],
            [
              -81.6569707183769,
              28.521720189852513,
              5.78228
            ],
            [
              -81.65697193017297,
              28.521722043379665,
              5.76614
            ],
            [
              -81.6569748393197,
              28.521724299295244,
              5.751299
            ],
            [
              -81.65697648967964,
              28.521725010014045,
              5.712364
            ],
            [
              -81.65697972107226,
              28.52172518753179,
              5.710007
            ],
            [
              -81.6569833377455,
              28.52172526136077,
              5.713364
            ],
            [
              -81.65699644683923,
              28.52172395113796,
              5.758728
            ]
          ]
        ]
      }
    },
    {
      "type": "Feature",
      "id": "194fba8f-d2d1-45c6-a494-6b40b3a5621f",
      "properties": {
        "name": "PA10=\"Northwest Side Foundation of House\"",
        "description": "Ecodash.ai Ecological Niche Model v0.5\n\nM1: Moisture (level)      = Dry - Moderate\nM2: Light (hours)           = 1-10\nM3: pH (0-14)                 = 5.1-7.1\nM4: N (ppm)                   = 2-6\nM5: P (ppm)                   = 72-77\nM6: K (ppm)                   = 23-27\nM7: Organic (%)             = 1-3\nM8: Drought (Risk %)    = 5-10     \nM9: Flood (Risk %)        = 0-5\nM10: Wind                      = 0 - 5",
        "created": "2025-05-23T20:00:27.604Z",
        "modified": "2025-06-09T05:03:55.792Z",
        "tags": [],
        "color": [
          0.7137254901960784,
          0.9450980392156862,
          0.050980392156862744,
          1
        ],
        "cameraPosition": [
          435712.8734330088,
          3155172.7997730975,
          12.04617424577377
        ],
        "visible": true,
        "mode": "default",
        "perimeter": 66.818,
        "area": 141.498529
      },
      "geometry": {
        "type": "Polygon",
        "coordinates": [
          [
            [
              -81.65701404663129,
              28.521664752481698,
              6.586403
            ],
            [
              -81.65701482577127,
              28.521696065591886,
              6.22984
            ],
            [
              -81.65701416949678,
              28.521741180854942,
              5.544212
            ],
            [
              -81.65702061070859,
              28.52174301940831,
              5.831966
            ],
            [
              -81.65702935558338,
              28.521748815324795,
              5.573792
            ],
            [
              -81.657035740479,
              28.521754587704557,
              5.609383
            ],
            [
              -81.65703874115415,
              28.521759777205407,
              5.72023
            ],
            [
              -81.65704094176454,
              28.52176457426761,
              5.647312
            ],
            [
              -81.65704726317503,
              28.521767366312794,
              5.42918
            ],
            [
              -81.65705037548831,
              28.521769977015047,
              5.539276
            ],
            [
              -81.65719641768047,
              28.52176523062161,
              5.49395
            ],
            [
              -81.65719704793098,
              28.521687419833427,
              6.403588
            ],
            [
              -81.65716708422923,
              28.521686902060733,
              6.504372
            ],
            [
              -81.65716744954615,
              28.52173393856375,
              6.261627
            ],
            [
              -81.65712707532134,
              28.52173461742441,
              6.315651
            ],
            [
              -81.65712340589553,
              28.521702999920596,
              6.584012
            ],
            [
              -81.65710505314877,
              28.521703624933235,
              6.59248
            ],
            [
              -81.65710263649463,
              28.52167805148802,
              6.844105
            ],
            [
              -81.65703002470785,
              28.521677569668814,
              6.586292
            ],
            [
              -81.6570294653088,
              28.52166601383078,
              6.721428
            ],
            [
              -81.65701404663129,
              28.521664752481698,
              6.586403
            ]
          ]
        ]
      }
    },
    {
      "type": "Feature",
      "id": "590dffcd-d755-4b61-8520-6b3a7d7e366d",
      "properties": {
        "name": "PA11=\"West Side Foundation of House\"",
        "description": "Ecodash.ai Ecological Niche Model v0.5\n\nM1: Moisture (level)      = Dry - Moderate\nM2: Light (hours)           = 2-4\nM3: pH (0-14)                 = 6.1-8.1\nM4: N (ppm)                   = 5-9\nM5: P (ppm)                   = 55-61\nM6: K (ppm)                   = 60-66\nM7: Organic (%)             = 4-8\nM8: Drought (Risk %)    = 0-5    \nM9: Flood (Risk %)        = 0-5\nM10: Wind                      = 0 - 5",
        "created": "2025-05-23T20:23:13.376Z",
        "modified": "2025-06-09T05:04:23.764Z",
        "tags": [],
        "color": [
          0.7137254901960784,
          0.9450980392156862,
          0.050980392156862744,
          1
        ],
        "cameraPosition": [
          435687.5099124532,
          3155164.0668027382,
          43.015106073251836
        ],
        "visible": true,
        "mode": "default",
        "perimeter": 55.838,
        "area": 77.086736
      },
      "geometry": {
        "type": "Polygon",
        "coordinates": [
          [
            [
              -81.6571972832758,
              28.521764871547933,
              5.557471
            ],
            [
              -81.65719742546707,
              28.521687331381855,
              6.412575
            ],
            [
              -81.65719866007116,
              28.52166840294495,
              6.701056
            ],
            [
              -81.65719312655723,
              28.521667766931355,
              6.74645
            ],
            [
              -81.65719504990848,
              28.521625974052412,
              7.023644
            ],
            [
              -81.65719600886419,
              28.521594259260414,
              6.997389
            ],
            [
              -81.65719413223049,
              28.52154423633839,
              7.256725
            ],
            [
              -81.65722201778892,
              28.521542935695813,
              7.543893
            ],
            [
              -81.65723393295289,
              28.521763002814815,
              5.564264
            ],
            [
              -81.6571972832758,
              28.521764871547933,
              5.557471
            ]
          ]
        ]
      }
    },
    {
      "type": "Feature",
      "id": "fbf5763c-d842-43e8-8e71-09407847a66f",
      "properties": {
        "name": "PA12=\"Southwest of House Open Area\"",
        "description": "Ecodash.ai Ecological Niche Model v0.5\n\nM1: Moisture (level)      = Dry - Moderate\nM2: Light (hours)           = 2-10\nM3: pH (0-14)                 = 6.1-8.1\nM4: N (ppm)                   = 5-9\nM5: P (ppm)                   = 55-61\nM6: K (ppm)                   = 60-66\nM7: Organic (%)             = 4-8\nM8: Drought (Risk %)    = 5-10    \nM9: Flood (Risk %)        = 0-5\nM10: Wind                      = 5-10",
        "created": "2025-05-23T20:28:06.376Z",
        "modified": "2025-06-09T05:37:21.779Z",
        "tags": [],
        "color": [
          0.7137254901960784,
          0.9450980392156862,
          0.050980392156862744,
          1
        ],
        "cameraPosition": [
          435698.5743738873,
          3155141.2244478483,
          45.91301134199051
        ],
        "visible": true,
        "mode": "default",
        "perimeter": 51.088,
        "area": 151.63584799999998
      },
      "geometry": {
        "type": "Polygon",
        "coordinates": [
          [
            [
              -81.65712024791324,
              28.52154608285983,
              7.091368
            ],
            [
              -81.65713198483897,
              28.521502380002655,
              7.273686
            ],
            [
              -81.65718135016208,
              28.5214345544732,
              7.80666
            ],
            [
              -81.65722984733797,
              28.52141297094695,
              8.11855
            ],
            [
              -81.65725517211786,
              28.521408515553052,
              8.27915
            ],
            [
              -81.65726168837693,
              28.52148554263352,
              7.672332
            ],
            [
              -81.65726813051364,
              28.521541499531804,
              7.74878
            ],
            [
              -81.65712024791324,
              28.52154608285983,
              7.091368
            ]
          ]
        ]
      }
    },
    {
      "type": "Feature",
      "id": "872abb13-3b9f-46ab-8f60-5b43bb9e87e2",
      "properties": {
        "name": "PA13=\"Southeast Open Field\"",
        "description": "Ecodash.ai Ecological Niche Model v0.5\n\nM1: Moisture (level)      = Dry - Moderate\nM2: Light (hours)           = 7-12\nM3: pH (0-14)                 = 4.9-6.9\nM4: N (ppm)                   = 10-16\nM5: P (ppm)                   = 109-115\nM6: K (ppm)                   = 17-23\nM7: Organic (%)             = 1-3\nM8: Drought (Risk %)    = 5-10    \nM9: Flood (Risk %)        = 0-5\nM10: Wind                      = 5-10",
        "created": "2025-05-23T20:29:59.097Z",
        "modified": "2025-06-09T04:58:24.346Z",
        "tags": [],
        "color": [
          0.7137254901960784,
          0.9450980392156862,
          0.050980392156862744,
          1
        ],
        "cameraPosition": [
          435751.23474212096,
          3155154.390006388,
          94.51863838868415
        ],
        "visible": true,
        "mode": "default",
        "perimeter": 155.614,
        "area": 1091.3032349999999
      },
      "geometry": {
        "type": "Polygon",
        "coordinates": [
          [
            [
              -81.65677508959408,
              28.521599295259545,
              6.43303
            ],
            [
              -81.65676973922444,
              28.521257429849406,
              9.085957
            ],
            [
              -81.65655303672699,
              28.52129462996866,
              8.417589
            ],
            [
              -81.6565124040525,
              28.52131221393923,
              8.221089
            ],
            [
              -81.65648543296149,
              28.521335901591428,
              7.950787
            ],
            [
              -81.65647646102768,
              28.52148970298781,
              6.789554
            ],
            [
              -81.6564590776902,
              28.52151968073787,
              6.408035
            ],
            [
              -81.65638468999867,
              28.52155953671581,
              5.982538
            ],
            [
              -81.65629810285108,
              28.52156718098968,
              5.807143
            ],
            [
              -81.65629661337336,
              28.52159554661152,
              5.696876
            ],
            [
              -81.65677508959408,
              28.521599295259545,
              6.43303
            ]
          ]
        ]
      }
    },
    {
      "type": "Feature",
      "id": "076a7f4d-3dc6-42a5-b85a-c8abdb2585c8",
      "properties": {
        "name": "PA14=\"Southeast Forested\"",
        "description": "Ecodash.ai Ecological Niche Model v0.5\n\nM1: Moisture (level)      = Dry - Moderate\nM2: Light (hours)           = 0-3\nM3: pH (0-14)                 = 4.8-6.8\nM4: N (ppm)                   = 2-5\nM5: P (ppm)                   = 52-56\nM6: K (ppm)                   = 15-19\nM7: Organic (%)             = 1-3\nM8: Drought (Risk %)    = 0-5  \nM9: Flood (Risk %)        = 0-5\nM10: Wind                      = 0-3",
        "created": "2025-05-23T21:20:47.253Z",
        "modified": "2025-06-09T05:07:03.652Z",
        "tags": [],
        "color": [
          0.7137254901960784,
          0.9450980392156862,
          0.050980392156862744,
          1
        ],
        "cameraPosition": [
          435715.3240847505,
          3155137.9164953753,
          59.9572457677128
        ],
        "visible": true,
        "mode": "default",
        "perimeter": 63.566,
        "area": 238.849479
      },
      "geometry": {
        "type": "Polygon",
        "coordinates": [
          [
            [
              -81.65677230353671,
              28.521413948925737,
              7.908201
            ],
            [
              -81.65681849581564,
              28.52142052817695,
              7.770682
            ],
            [
              -81.65684465350942,
              28.521422469713094,
              7.758008
            ],
            [
              -81.65689196614315,
              28.521422088725963,
              7.556753
            ],
            [
              -81.65691869449914,
              28.521422040966044,
              7.47573
            ],
            [
              -81.6569430517751,
              28.521433258113035,
              7.287888
            ],
            [
              -81.65694386437261,
              28.52141916665561,
              7.404109
            ],
            [
              -81.65697240988541,
              28.521386326709152,
              7.927384
            ],
            [
              -81.65697806979247,
              28.52138370514885,
              7.88358
            ],
            [
              -81.6569908727288,
              28.5213272868224,
              8.793911
            ],
            [
              -81.65696587039596,
              28.52131783865087,
              8.766286
            ],
            [
              -81.6568960749005,
              28.521312963928455,
              8.851175
            ],
            [
              -81.65686493325278,
              28.521313265593214,
              8.758932
            ],
            [
              -81.65684954590535,
              28.521314056117628,
              8.76833
            ],
            [
              -81.65682541384429,
              28.521312278039222,
              8.912763
            ],
            [
              -81.65680500829068,
              28.521309440054647,
              8.656239
            ],
            [
              -81.65677122132895,
              28.521311079328648,
              8.745417
            ],
            [
              -81.65677230353671,
              28.521413948925737,
              7.908201
            ]
          ]
        ]
      }
    },
    {
      "type": "Feature",
      "id": "fb8fb2b6-3b0f-4dd9-b111-faf956d02dfd",
      "properties": {
        "name": "PA15=\"Southwest Forested\"",
        "description": "Ecodash.ai Ecological Niche Model v0.5\n\nM1: Moisture (level)      = Dry - Moderate\nM2: Light (hours)           = 0-3\nM3: pH (0-14)                 = 5.2-7.2\nM4: N (ppm)                   = 1-5\nM5: P (ppm)                   = 52-56\nM6: K (ppm)                   = 39-43\nM7: Organic (%)             = 1-3\nM8: Drought (Risk %)    = 0-5   \nM9: Flood (Risk %)        = 0-5\nM10: Wind                      = 0-5",
        "created": "2025-05-23T21:21:44.538Z",
        "modified": "2025-06-09T05:06:46.497Z",
        "tags": [],
        "color": [
          0.7137254901960784,
          0.9450980392156862,
          0.050980392156862744,
          1
        ],
        "cameraPosition": [
          435711.63889378024,
          3155127.734330571,
          59.95725590121938
        ],
        "visible": true,
        "mode": "default",
        "perimeter": 69.208,
        "area": 237.869836
      },
      "geometry": {
        "type": "Polygon",
        "coordinates": [
          [
            [
              -81.65699244344137,
              28.521321469775106,
              8.761421
            ],
            [
              -81.65697923265141,
              28.52138316654145,
              7.874581
            ],
            [
              -81.65699576193961,
              28.521384828327776,
              7.372785
            ],
            [
              -81.6570278048275,
              28.52139380764795,
              7.377604
            ],
            [
              -81.65710626151319,
              28.5213793417288,
              7.777042
            ],
            [
              -81.65715249222193,
              28.521374431918957,
              8.028654
            ],
            [
              -81.65721940167442,
              28.521366077622467,
              8.319597
            ],
            [
              -81.65721633204747,
              28.52134699078993,
              8.420327
            ],
            [
              -81.65721197734553,
              28.521321063025013,
              8.923635
            ],
            [
              -81.65722924835188,
              28.521317655599624,
              8.938499
            ],
            [
              -81.65723446803115,
              28.521310453243647,
              9.026089
            ],
            [
              -81.65723973031949,
              28.521303192082705,
              9.114394
            ],
            [
              -81.6572436845415,
              28.521297735872043,
              9.180749
            ],
            [
              -81.65725222275815,
              28.521285954431047,
              9.324027
            ],
            [
              -81.65720572228688,
              28.521283508959936,
              9.268692
            ],
            [
              -81.65713555374207,
              28.521282255623433,
              9.163671
            ],
            [
              -81.6570739037961,
              28.521289736475275,
              9.125995
            ],
            [
              -81.65704193494061,
              28.521293898516525,
              9.159144
            ],
            [
              -81.65700351342538,
              28.521299587230327,
              9.054882
            ],
            [
              -81.65699244344137,
              28.521321469775106,
              8.761421
            ]
          ]
        ]
      }
    },
    {
      "type": "Feature",
      "id": "4ed7ef3e-e509-48c0-bf35-12856d92a001",
      "properties": {
        "name": "PA16=\"South Semiforested\"",
        "description": "Ecodash.ai Ecological Niche Model v0.5\n\nM1: Moisture (level)      = Dry - Moderate\nM2: Light (hours)           = 2-5\nM3: pH (0-14)                 = 4.9-6.9\nM4: N (ppm)                   = 1-4\nM5: P (ppm)                   = 103-109\nM6: K (ppm)                   = 25-29\nM7: Organic (%)             = 1-3\nM8: Drought (Risk %)    = 5-10   \nM9: Flood (Risk %)        = 0-5\nM10: Wind                      = 5-10",
        "created": "2025-05-23T21:25:22.089Z",
        "modified": "2025-06-09T05:06:37.253Z",
        "tags": [],
        "color": [
          0.7137254901960784,
          0.9450980392156862,
          0.050980392156862744,
          1
        ],
        "cameraPosition": [
          435721.97132714815,
          3155104.4591747853,
          73.58361448082336
        ],
        "visible": true,
        "mode": "default",
        "perimeter": 131.401,
        "area": 406.540758
      },
      "geometry": {
        "type": "Polygon",
        "coordinates": [
          [
            [
              -81.65677049997946,
              28.521311011408955,
              8.730961
            ],
            [
              -81.6567707752008,
              28.521255921116463,
              9.097363
            ],
            [
              -81.65691340253112,
              28.521232487007804,
              9.344262
            ],
            [
              -81.65735042881947,
              28.521229495148102,
              9.458718
            ],
            [
              -81.65737220336418,
              28.521287541987785,
              9.524606
            ],
            [
              -81.65713862206825,
              28.521281883386216,
              9.165546
            ],
            [
              -81.65700197749045,
              28.52129846062297,
              9.082033
            ],
            [
              -81.65699025665418,
              28.521327052473634,
              8.793243
            ],
            [
              -81.65696719169227,
              28.52131637020205,
              8.784595
            ],
            [
              -81.65677049997946,
              28.521311011408955,
              8.730961
            ]
          ]
        ]
      }
    },
    {
      "type": "Feature",
      "id": "0bdc49e3-e036-44f3-bee6-cd2d8f613f3f",
      "properties": {
        "name": "PA17=\"South Entrance\"",
        "description": "Ecodash.ai Ecological Niche Model v0.5\n\nM1: Moisture (level)      = Dry - Moderate\nM2: Light (hours)           = 0-2\nM3: pH (0-14)                 = 5.9-7.9\nM4: N (ppm)                   = 1-3\nM5: P (ppm)                   = 37-41\nM6: K (ppm)                   = 54-58\nM7: Organic (%)             = 2-4\nM8: Drought (Risk %)    = 0-5   \nM9: Flood (Risk %)        = 0-5\nM10: Wind                      = 0-3",
        "created": "2025-05-23T21:26:04.422Z",
        "modified": "2025-05-28T16:54:19.635Z",
        "tags": [],
        "color": [
          0.7137254901960784,
          0.9450980392156862,
          0.050980392156862744,
          1
        ],
        "cameraPosition": [
          435660.48684774525,
          3155131.232829736,
          37.372233773340426
        ],
        "visible": true,
        "mode": "default",
        "perimeter": 52.581,
        "area": 97.980201
      },
      "geometry": {
        "type": "Polygon",
        "coordinates": [
          [
            [
              -81.65721940167442,
              28.521366077622467,
              8.319597
            ],
            [
              -81.65738290451169,
              28.521362690482057,
              8.72171
            ],
            [
              -81.65744505153259,
              28.521351515181152,
              8.6988
            ],
            [
              -81.65743685219533,
              28.521337973409015,
              8.703151
            ],
            [
              -81.6574376454466,
              28.52132249067742,
              8.826698
            ],
            [
              -81.65721282603002,
              28.52132211732335,
              8.887538
            ],
            [
              -81.65721940167442,
              28.521366077622467,
              8.319597
            ]
          ]
        ]
      }
    },
    {
      "type": "Feature",
      "id": "e6c9629c-a6fa-44ab-a5f2-5486c8429639",
      "properties": {
        "name": "PA18=\"North Entrance\"",
        "description": "Ecodash.ai Ecological Niche Model v0.5\n\nM1: Moisture (level)      = Dry - Moderate\nM2: Light (hours)           = 0-2\nM3: pH (0-14)                 = 5.9-7.9\nM4: N (ppm)                   = 1-3\nM5: P (ppm)                   = 37-41\nM6: K (ppm)                   = 54-58\nM7: Organic (%)             = 2-4\nM8: Drought (Risk %)    = 0-5   \nM9: Flood (Risk %)        = 0-5\nM10: Wind                      = 0-3",
        "created": "2025-05-23T21:28:31.479Z",
        "modified": "2025-05-28T16:54:17.327Z",
        "tags": [],
        "color": [
          0.7137254901960784,
          0.9450980392156862,
          0.050980392156862744,
          1
        ],
        "cameraPosition": [
          435673.6441669261,
          3155134.62622647,
          9.839852560110046
        ],
        "visible": true,
        "mode": "default",
        "perimeter": 40.355000000000004,
        "area": 65.737442
      },
      "geometry": {
        "type": "Polygon",
        "coordinates": [
          [
            [
              -81.65725517211786,
              28.521408515553052,
              8.27915
            ],
            [
              -81.65725880659336,
              28.521445813959748,
              8.130396
            ],
            [
              -81.65742509848197,
              28.521416460508267,
              8.280105
            ],
            [
              -81.65742384013966,
              28.5213907011001,
              8.485886
            ],
            [
              -81.65736996034458,
              28.52138799903386,
              8.6132
            ],
            [
              -81.65735545552553,
              28.521390570446233,
              8.570833
            ],
            [
              -81.65725517211786,
              28.521408515553052,
              8.27915
            ]
          ]
        ]
      }
    },
    {
      "type": "Feature",
      "id": "cad668aa-1911-4a1d-8304-6ac7ca800e5e",
      "properties": {
        "name": "PA19=\"West Forested\"",
        "description": "Ecodash.ai Ecological Niche Model v0.5\n\nM1: Moisture (level)      = Dry - Moderate\nM2: Light (hours)           = 0-2\nM3: pH (0-14)                 = 6.1-8.1\nM4: N (ppm)                   = 6-8\nM5: P (ppm)                   = 56-60\nM6: K (ppm)                   = 61-65\nM7: Organic (%)             = 4-7\nM8: Drought (Risk %)    = 0-5   \nM9: Flood (Risk %)        = 0-5\nM10: Wind                      = 0-3",
        "created": "2025-05-23T21:29:49.870Z",
        "modified": "2025-06-09T05:06:24.738Z",
        "tags": [],
        "color": [
          0.7137254901960784,
          0.9450980392156862,
          0.050980392156862744,
          1
        ],
        "cameraPosition": [
          435674.7919563476,
          3155163.445960891,
          52.827091128681516
        ],
        "visible": true,
        "mode": "default",
        "perimeter": 97.426,
        "area": 435.67605599999996
      },
      "geometry": {
        "type": "Polygon",
        "coordinates": [
          [
            [
              -81.65725849380053,
              28.521445571122513,
              8.014691
            ],
            [
              -81.65726758282003,
              28.521540603037405,
              7.800509
            ],
            [
              -81.65722201778892,
              28.521542935695813,
              7.543893
            ],
            [
              -81.6572333647852,
              28.52176220804628,
              5.566757
            ],
            [
              -81.65734781835859,
              28.521749173115285,
              5.879383
            ],
            [
              -81.65737563637452,
              28.52164156242988,
              6.737432
            ],
            [
              -81.65736164819586,
              28.52150628140271,
              7.844719
            ],
            [
              -81.65736540639925,
              28.521427977607566,
              8.290423
            ],
            [
              -81.65725849380053,
              28.521445571122513,
              8.014691
            ]
          ]
        ]
      }
    },
    {
      "type": "Feature",
      "id": "90169335-c170-4139-9e0d-d5d8d389f8e6",
      "properties": {
        "name": "PA20=\"East Semiforested\"",
        "description": "Ecodash.ai Ecological Niche Model v0.5\n\nM1: Moisture (level)      = Dry - Moderate\nM2: Light (hours)           = 2-5\nM3: pH (0-14)                 = 4.9-6.9\nM4: N (ppm)                   = 11-15\nM5: P (ppm)                   = 110-114\nM6: K (ppm)                   = 18-22\nM7: Organic (%)             = 1-3\nM8: Drought (Risk %)    = 0-5   \nM9: Flood (Risk %)        = 0-5\nM10: Wind                      = 0-3",
        "created": "2025-05-23T21:31:06.483Z",
        "modified": "2025-06-09T05:06:18.869Z",
        "tags": [],
        "color": [
          0.7137254901960784,
          0.9450980392156862,
          0.050980392156862744,
          1
        ],
        "cameraPosition": [
          435744.2236041021,
          3155168.7725131568,
          27.836042889429763
        ],
        "visible": true,
        "mode": "default",
        "perimeter": 135.419,
        "area": 450.178429
      },
      "geometry": {
        "type": "Polygon",
        "coordinates": [
          [
            [
              -81.6567752320604,
              28.521599608775734,
              6.441161
            ],
            [
              -81.65677284999369,
              28.52141384686849,
              7.919568
            ],
            [
              -81.65680188735584,
              28.52141882758682,
              8.308747
            ],
            [
              -81.65679788382928,
              28.52145207638329,
              7.480994
            ],
            [
              -81.65685991200446,
              28.521475948003214,
              7.465557
            ],
            [
              -81.65684288602203,
              28.521497951464163,
              7.268516
            ],
            [
              -81.65680771831761,
              28.521502738642425,
              7.175452
            ],
            [
              -81.65679211252812,
              28.521528853698452,
              6.985509
            ],
            [
              -81.65684592446941,
              28.521517530000512,
              7.0853
            ],
            [
              -81.65684788750978,
              28.521689139452555,
              5.71455
            ],
            [
              -81.65685038070656,
              28.521725988616993,
              5.196133
            ],
            [
              -81.65686215373842,
              28.521724200670015,
              5.13314
            ],
            [
              -81.65687088731495,
              28.521748261037274,
              5.145607
            ],
            [
              -81.65658702519647,
              28.521765853383993,
              4.145828
            ],
            [
              -81.65662362657528,
              28.521696897640744,
              5.049737
            ],
            [
              -81.65669480428396,
              28.521665041618082,
              5.611868
            ],
            [
              -81.65669756190388,
              28.52159873898374,
              6.27279
            ],
            [
              -81.6567752320604,
              28.521599608775734,
              6.441161
            ]
          ]
        ]
      }
    },
    {
      "type": "Feature",
      "id": "fcf8fd37-4c12-4038-923d-d070c6592502",
      "properties": {
        "name": "PA21=\"Northeast Open\"",
        "description": "Ecodash.ai Ecological Niche Model v0.5\n\nM1: Moisture (level)      = Dry - Moderate\nM2: Light (hours)           = 8-12\nM3: pH (0-14)                 = 4.9-6.9\nM4: N (ppm)                   = 11-15\nM5: P (ppm)                   = 110-114\nM6: K (ppm)                   = 18-22\nM7: Organic (%)             = 1-3\nM8: Drought (Risk %)    = 5-10\nM9: Flood (Risk %)        = 5 - 10\nM10: Wind                      = 3-5",
        "created": "2025-05-23T21:33:21.572Z",
        "modified": "2025-06-09T05:05:58.816Z",
        "tags": [],
        "color": [
          0.7137254901960784,
          0.9450980392156862,
          0.050980392156862744,
          1
        ],
        "cameraPosition": [
          435766.3231528451,
          3155217.8385871197,
          21.581807338039383
        ],
        "visible": true,
        "mode": "default",
        "perimeter": 143.913,
        "area": 872.149008
      },
      "geometry": {
        "type": "Polygon",
        "coordinates": [
          [
            [
              -81.65629614945783,
              28.52159527191721,
              5.705299
            ],
            [
              -81.65669731075624,
              28.521597912009167,
              6.27138
            ],
            [
              -81.65669425135393,
              28.521664979996615,
              5.606214
            ],
            [
              -81.65662234514883,
              28.52169701542617,
              5.04038
            ],
            [
              -81.65658733837816,
              28.521765495973053,
              4.151107
            ],
            [
              -81.65652926014926,
              28.521770799798446,
              4.046426
            ],
            [
              -81.65646513107768,
              28.521831166791078,
              3.371075
            ],
            [
              -81.6564690462717,
              28.521859042030183,
              3.034167
            ],
            [
              -81.65649398569332,
              28.5218708919659,
              2.94201
            ],
            [
              -81.65650033238559,
              28.521903430897154,
              2.568314
            ],
            [
              -81.65629234065798,
              28.52188523752645,
              2.580508
            ],
            [
              -81.65635548707351,
              28.521791797670698,
              3.72445
            ],
            [
              -81.65632387789937,
              28.52173467423417,
              4.204614
            ],
            [
              -81.65629335559166,
              28.521709207178485,
              4.46099
            ],
            [
              -81.65629614945783,
              28.52159527191721,
              5.705299
            ]
          ]
        ]
      }
    },
    {
      "type": "Feature",
      "id": "98bdc181-2f4a-4f50-b256-9fa62cc968a5",
      "properties": {
        "name": "PA22=\"Backyard\"",
        "description": "Ecodash.ai Ecological Niche Model v0.5\n\nM1: Moisture (level)      = Dry - Moderate\nM2: Light (hours)           = 6-11\nM3: pH (0-14)                 = 4.9-6.9\nM4: N (ppm)                   = 1-4\nM5: P (ppm)                   = 17-21\nM6: K (ppm)                   = 8-12\nM7: Organic (%)             = 1-3\nM8: Drought (Risk %)    = 5-10\nM9: Flood (Risk %)        = 5 - 10\nM10: Wind                      = 3-5",
        "created": "2025-05-23T21:34:52.697Z",
        "modified": "2025-05-28T16:54:17.317Z",
        "tags": [],
        "color": [
          0.7137254901960784,
          0.9450980392156862,
          0.050980392156862744,
          1
        ],
        "cameraPosition": [
          435718.4941904959,
          3155192.905614215,
          28.12703203165747
        ],
        "visible": true,
        "mode": "default",
        "perimeter": 137.35,
        "area": 804.204801
      },
      "geometry": {
        "type": "Polygon",
        "coordinates": [
          [
            [
              -81.65688040851312,
              28.521813606675003,
              5.28481
            ],
            [
              -81.65687737954909,
              28.521852707102177,
              4.342713
            ],
            [
              -81.65690664496574,
              28.521859319187175,
              4.33219
            ],
            [
              -81.65691916760801,
              28.52188264660012,
              3.732101
            ],
            [
              -81.65693879042387,
              28.521921339211538,
              3.127114
            ],
            [
              -81.65694146249163,
              28.521949814150204,
              2.882592
            ],
            [
              -81.65692362244926,
              28.521981136220308,
              2.375606
            ],
            [
              -81.65692106878971,
              28.521998292169098,
              2.201117
            ],
            [
              -81.65721790697688,
              28.522108086999097,
              2.060374
            ],
            [
              -81.65721013184869,
              28.522020762954565,
              2.692482
            ],
            [
              -81.6571921605021,
              28.521966549393134,
              2.804072
            ],
            [
              -81.65718182665357,
              28.52190711990921,
              3.391875
            ],
            [
              -81.65720209904308,
              28.521844484543312,
              4.257833
            ],
            [
              -81.65723526101817,
              28.52176177688499,
              5.612703
            ],
            [
              -81.65705104610919,
              28.521770476743193,
              5.559218
            ],
            [
              -81.6570528111233,
              28.521805938627725,
              5.790425
            ],
            [
              -81.65704395736289,
              28.521813865779805,
              5.915801
            ],
            [
              -81.65703443579837,
              28.521822319766652,
              5.997846
            ],
            [
              -81.6570105147742,
              28.521823046009963,
              5.536602
            ],
            [
              -81.65700812089364,
              28.521825989747963,
              5.524444
            ],
            [
              -81.65700533692468,
              28.52183349889851,
              5.508281
            ],
            [
              -81.65699913582326,
              28.521836315472505,
              5.516149
            ],
            [
              -81.65697325509909,
              28.521836748246407,
              5.412798
            ],
            [
              -81.6569678967113,
              28.52183343424456,
              5.42962
            ],
            [
              -81.65696352422356,
              28.521825607550685,
              5.462123
            ],
            [
              -81.65695816203618,
              28.521822206390972,
              5.522523
            ],
            [
              -81.65692334142038,
              28.521824421651555,
              5.439399
            ],
            [
              -81.65690478412039,
              28.521821102996466,
              5.399944
            ],
            [
              -81.65689748218851,
              28.52182044533796,
              5.359396
            ],
            [
              -81.65689737267488,
              28.521814759345375,
              5.558801
            ],
            [
              -81.65688040851312,
              28.521813606675003,
              5.28481
            ]
          ]
        ]
      }
    },
    {
      "type": "Feature",
      "id": "2d6da0ab-d4d7-4704-9d94-8054cb29a85e",
      "properties": {
        "name": "PA23=\"Northeast Semiforested\"",
        "description": "Ecodash.ai Ecological Niche Model v0.5\n\nM1: Moisture (level)      = Dry - Moderate\nM2: Light (hours)           = 2-5\nM3: pH (0-14)                 = 4.6-6.6\nM4: N (ppm)                   = 1-4\nM5: P (ppm)                   = 33-37\nM6: K (ppm)                   = 9-13\nM7: Organic (%)             = 1-4\nM8: Drought (Risk %)    = 0-5\nM9: Flood (Risk %)        = 5 - 10\nM10: Wind                      = 3-5",
        "created": "2025-05-23T21:36:27.284Z",
        "modified": "2025-06-09T05:05:50.009Z",
        "tags": [],
        "color": [
          0.7137254901960784,
          0.9450980392156862,
          0.050980392156862744,
          1
        ],
        "cameraPosition": [
          435737.26795900485,
          3155205.604957718,
          106.61526189219126
        ],
        "visible": true,
        "mode": "default",
        "perimeter": 126.141,
        "area": 883.248216
      },
      "geometry": {
        "type": "Polygon",
        "coordinates": [
          [
            [
              -81.65652926014926,
              28.521770799798446,
              4.046426
            ],
            [
              -81.65646737619531,
              28.52182905338702,
              3.394718
            ],
            [
              -81.65647006449615,
              28.521857549840238,
              3.051285
            ],
            [
              -81.65649492753946,
              28.521868219452863,
              2.971499
            ],
            [
              -81.6565004175494,
              28.521899199595907,
              2.614717
            ],
            [
              -81.65679827233986,
              28.521985553534556,
              2.199121
            ],
            [
              -81.65692106878971,
              28.521998292169098,
              2.201117
            ],
            [
              -81.65692238011941,
              28.521982091241934,
              2.364706
            ],
            [
              -81.65694158021151,
              28.52194945422659,
              2.888981
            ],
            [
              -81.6569396698765,
              28.521921678652603,
              3.263394
            ],
            [
              -81.65690706006987,
              28.521860198325715,
              4.314803
            ],
            [
              -81.65687578933276,
              28.521852527423544,
              4.337151
            ],
            [
              -81.65688033474481,
              28.52181400385416,
              5.270987
            ],
            [
              -81.65687748431338,
              28.521768466391332,
              5.179965
            ],
            [
              -81.65687088731495,
              28.521748261037274,
              5.145607
            ],
            [
              -81.65652926014926,
              28.521770799798446,
              4.046426
            ]
          ]
        ]
      }
    },
    {
      "type": "Feature",
      "id": "5d1c34f4-d338-4ec0-95cf-f76594b9c5b6",
      "properties": {
        "name": "PA24=\"Northwest Forested\"",
        "description": "Ecodash.ai Ecological Niche Model v0.5\n\nM1: Moisture (level)      = Dry - Moderate\nM2: Light (hours)           = 2-5\nM3: pH (0-14)                 = 4.6-6.6\nM4: N (ppm)                   = 1-4\nM5: P (ppm)                   = 33-37\nM6: K (ppm)                   = 9-13\nM7: Organic (%)             = 1-4\nM8: Drought (Risk %)    = 0-5\nM9: Flood (Risk %)        = 5 - 10\nM10: Wind                      = 3-5",
        "created": "2025-05-23T21:37:18.311Z",
        "modified": "2025-06-09T05:05:43.250Z",
        "tags": [],
        "color": [
          0.7137254901960784,
          0.9450980392156862,
          0.050980392156862744,
          1
        ],
        "cameraPosition": [
          435680.0168582292,
          3155190.027864814,
          11.099731846486833
        ],
        "visible": true,
        "mode": "default",
        "perimeter": 126.745,
        "area": 864.418045
      },
      "geometry": {
        "type": "Polygon",
        "coordinates": [
          [
            [
              -81.65723491984104,
              28.52176262779138,
              5.598764
            ],
            [
              -81.6571829922255,
              28.521903947814856,
              3.440324
            ],
            [
              -81.65719210240448,
              28.521966215268474,
              2.807377
            ],
            [
              -81.65721013184869,
              28.522020762954565,
              2.692482
            ],
            [
              -81.65721774489232,
              28.522106266622465,
              2.073551
            ],
            [
              -81.65746703190258,
              28.52218851493023,
              2.285547
            ],
            [
              -81.65743123712106,
              28.522031688996822,
              2.941301
            ],
            [
              -81.65741244842721,
              28.521930324976804,
              4.030247
            ],
            [
              -81.65734759913619,
              28.521750261247323,
              5.903841
            ],
            [
              -81.65723491984104,
              28.52176262779138,
              5.598764
            ]
          ]
        ]
      }
    },
    {
      "type": "Feature",
      "id": "f305917e-a6bb-478e-996d-0240c5deed7c",
      "properties": {
        "name": "NPA1=\"Driveway\"",
        "description": "",
        "created": "2025-05-23T18:18:16.714Z",
        "modified": "2025-05-23T20:19:37.761Z",
        "tags": [],
        "color": [
          1,
          0.3215686274509804,
          0.3215686274509804,
          1
        ],
        "cameraPosition": [
          435698.66062651953,
          3155147.238978143,
          13.93461864087466
        ],
        "visible": true,
        "mode": "default",
        "perimeter": 126.10900000000001,
        "area": 340.030738
      },
      "geometry": {
        "type": "Polygon",
        "coordinates": [
          [
            [
              -81.65711953898472,
              28.521546142757284,
              7.081207
            ],
            [
              -81.65713176001783,
              28.521502806146806,
              7.29105
            ],
            [
              -81.65718148750435,
              28.521433833890537,
              7.814018
            ],
            [
              -81.65723175366344,
              28.521412401598692,
              8.195775
            ],
            [
              -81.6573695840222,
              28.521388077009536,
              8.61367
            ],
            [
              -81.6575102958533,
              28.521395699852494,
              8.236839
            ],
            [
              -81.65753140671082,
              28.52133704583413,
              8.167065
            ],
            [
              -81.65738290451169,
              28.521362690482057,
              8.72171
            ],
            [
              -81.65722365887594,
              28.52136756551814,
              8.328232
            ],
            [
              -81.65711057818437,
              28.521378563553743,
              7.79892
            ],
            [
              -81.65702525442438,
              28.521393944942098,
              7.366486
            ],
            [
              -81.65703187595949,
              28.521461873773255,
              7.011784
            ],
            [
              -81.65707019514453,
              28.5214886196891,
              7.191323
            ],
            [
              -81.6570834796494,
              28.52154384634968,
              7.024865
            ],
            [
              -81.65711953898472,
              28.521546142757284,
              7.081207
            ]
          ]
        ]
      }
    },
    {
      "type": "Feature",
      "id": "abca75e4-1169-451c-81b9-6b480b321d72",
      "properties": {
        "name": "NPA2=\"Walkway\"",
        "description": "",
        "created": "2025-05-23T18:22:04.244Z",
        "modified": "2025-05-23T20:19:47.176Z",
        "tags": [],
        "color": [
          1,
          0.3215686274509804,
          0.3215686274509804,
          1
        ],
        "cameraPosition": [
          435716.39880504756,
          3155149.5481319115,
          18.666857848577393
        ],
        "visible": true,
        "mode": "default",
        "perimeter": 31.005,
        "area": 27.772499
      },
      "geometry": {
        "type": "Polygon",
        "coordinates": [
          [
            [
              -81.65699707700084,
              28.521524107835884,
              6.889885
            ],
            [
              -81.6569936905913,
              28.521518930778043,
              6.96752
            ],
            [
              -81.65699220220348,
              28.52148931762277,
              6.94223
            ],
            [
              -81.65706961805171,
              28.521488447027348,
              7.179142
            ],
            [
              -81.65703187595949,
              28.521461873773255,
              7.011784
            ],
            [
              -81.65697491769926,
              28.521468209147713,
              6.908413
            ],
            [
              -81.65697429936701,
              28.521490055716246,
              6.888847
            ],
            [
              -81.65697543055745,
              28.521517667901566,
              7.129169
            ],
            [
              -81.65697134646214,
              28.521517855702903,
              7.169678
            ],
            [
              -81.65697161912234,
              28.521524247836155,
              6.941544
            ],
            [
              -81.65699707700084,
              28.521524107835884,
              6.889885
            ]
          ]
        ]
      }
    },
    {
      "type": "Feature",
      "id": "bd568385-6cff-4538-b172-29b02cb7e03e",
      "properties": {
        "name": "NPA3=\"Walkway\"",
        "description": "",
        "created": "2025-05-23T18:25:01.956Z",
        "modified": "2025-05-23T20:19:56.360Z",
        "tags": [],
        "color": [
          1,
          0.3215686274509804,
          0.3215686274509804,
          1
        ],
        "cameraPosition": [
          435712.03469306673,
          3155152.4793167035,
          14.829463408244067
        ],
        "visible": true,
        "mode": "default",
        "perimeter": 63.023,
        "area": 115.634975
      },
      "geometry": {
        "type": "Polygon",
        "coordinates": [
          [
            [
              -81.65697519476917,
              28.52149245745937,
              7.070324
            ],
            [
              -81.65697495426059,
              28.521468053321684,
              6.922771
            ],
            [
              -81.6569566184107,
              28.521440745360426,
              7.256313
            ],
            [
              -81.65691844625857,
              28.521419683309706,
              7.343689
            ],
            [
              -81.65686838277821,
              28.52142423099672,
              7.74651
            ],
            [
              -81.65679401568715,
              28.521418711157796,
              7.782543
            ],
            [
              -81.65679931917316,
              28.52145218768837,
              7.474815
            ],
            [
              -81.65686224293796,
              28.52147690713985,
              7.537022
            ],
            [
              -81.65684259944639,
              28.52149765296048,
              7.210759
            ],
            [
              -81.65680748446151,
              28.521503222616005,
              7.182045
            ],
            [
              -81.65679231557118,
              28.521529085351247,
              6.892716
            ],
            [
              -81.6568448742705,
              28.521517605004718,
              7.04023
            ],
            [
              -81.65688708046584,
              28.52149258307982,
              7.032734
            ],
            [
              -81.65690510479074,
              28.52147719999684,
              7.30901
            ],
            [
              -81.65692605704567,
              28.521477399412934,
              7.118248
            ],
            [
              -81.6569610134061,
              28.521488159437556,
              7.03363
            ],
            [
              -81.65697519476917,
              28.52149245745937,
              7.070324
            ]
          ]
        ]
      }
    },
    {
      "type": "Feature",
      "id": "6e6f4c9f-8c0d-4b47-a751-9f9adce320af",
      "properties": {
        "name": "NPA4=\"Utilities\"",
        "description": "",
        "created": "2025-05-23T18:27:02.554Z",
        "modified": "2025-05-23T20:20:12.134Z",
        "tags": [],
        "color": [
          1,
          0.3215686274509804,
          0.3215686274509804,
          1
        ],
        "cameraPosition": [
          435732.58326955634,
          3155147.7393711866,
          20.388362740656042
        ],
        "visible": true,
        "mode": "default",
        "perimeter": 7.5040000000000004,
        "area": 3.2644189999999997
      },
      "geometry": {
        "type": "Polygon",
        "coordinates": [
          [
            [
              -81.65682023047796,
              28.52146990136859,
              7.477543
            ],
            [
              -81.65680745102527,
              28.52147149043606,
              7.378663
            ],
            [
              -81.65680749688408,
              28.521492759161873,
              7.153809
            ],
            [
              -81.65682268704597,
              28.521491065170697,
              7.336769
            ],
            [
              -81.65682023047796,
              28.52146990136859,
              7.477543
            ]
          ]
        ]
      }
    },
    {
      "type": "Feature",
      "id": "2d320693-5bbc-4829-a517-01591fa8f28b",
      "properties": {
        "name": "NPA5=\"Utilities\"",
        "description": "",
        "created": "2025-05-23T18:28:51.876Z",
        "modified": "2025-05-23T20:20:28.188Z",
        "tags": [],
        "color": [
          1,
          0.3215686274509804,
          0.3215686274509804,
          1
        ],
        "cameraPosition": [
          435732.85711180815,
          3155166.668353509,
          15.00490898066326
        ],
        "visible": true,
        "mode": "default",
        "perimeter": 10.282,
        "area": 6.296142
      },
      "geometry": {
        "type": "Polygon",
        "coordinates": [
          [
            [
              -81.6568127917942,
              28.52163780679525,
              6.02916
            ],
            [
              -81.65681306410862,
              28.521664103401307,
              5.7509
            ],
            [
              -81.65683390925882,
              28.52166496294465,
              5.718899
            ],
            [
              -81.65683338868227,
              28.521635519306816,
              6.06815
            ],
            [
              -81.6568127917942,
              28.52163780679525,
              6.02916
            ]
          ]
        ]
      }
    },
    {
      "type": "Feature",
      "id": "a6a32bc6-d02e-4a50-85f0-9685b2c10704",
      "properties": {
        "name": "NPA6=\"Pool Patio\"",
        "description": "",
        "created": "2025-05-23T18:31:29.737Z",
        "modified": "2025-05-23T20:20:37.359Z",
        "tags": [],
        "color": [
          1,
          0.3215686274509804,
          0.3215686274509804,
          1
        ],
        "cameraPosition": [
          435722.62919247284,
          3155178.382382933,
          24.756991632634055
        ],
        "visible": true,
        "mode": "default",
        "perimeter": 50.057,
        "area": 141.49432
      },
      "geometry": {
        "type": "Polygon",
        "coordinates": [
          [
            [
              -81.65688058005631,
              28.521813053048916,
              5.309544
            ],
            [
              -81.65689732509308,
              28.521814375525164,
              5.483109
            ],
            [
              -81.65689834385164,
              28.521820919022964,
              5.502007
            ],
            [
              -81.65690529886268,
              28.521821006841773,
              5.430115
            ],
            [
              -81.65691105429615,
              28.521822349851657,
              5.358303
            ],
            [
              -81.65691715477477,
              28.521823473722623,
              5.412197
            ],
            [
              -81.65692030413598,
              28.521823801393463,
              5.432854
            ],
            [
              -81.6569225187781,
              28.5218241196565,
              5.452915
            ],
            [
              -81.65692394071552,
              28.521824070537726,
              5.440392
            ],
            [
              -81.65692564146148,
              28.52182400650425,
              5.461937
            ],
            [
              -81.65695855827343,
              28.521821885179147,
              5.522705
            ],
            [
              -81.65696345841525,
              28.521824196004847,
              5.487377
            ],
            [
              -81.65696527460483,
              28.521828213729535,
              5.458862
            ],
            [
              -81.6569685637123,
              28.52183298243086,
              5.452557
            ],
            [
              -81.65697382942363,
              28.521836421335234,
              5.503761
            ],
            [
              -81.65697672070131,
              28.521836630158127,
              5.506683
            ],
            [
              -81.65698042906435,
              28.521836585822953,
              5.491577
            ],
            [
              -81.65699236810352,
              28.521836064848348,
              5.515018
            ],
            [
              -81.65699737038175,
              28.52183577560944,
              5.51981
            ],
            [
              -81.65699877812895,
              28.521835981180914,
              5.502354
            ],
            [
              -81.65700000071475,
              28.521835554183298,
              5.470798
            ],
            [
              -81.65700233454358,
              28.52183473035076,
              5.559372
            ],
            [
              -81.65700533390198,
              28.521832480540827,
              5.536205
            ],
            [
              -81.65700687214574,
              28.521830955034403,
              5.507438
            ],
            [
              -81.6570075405362,
              28.52182961961291,
              5.510521
            ],
            [
              -81.65700902187208,
              28.521825825300567,
              5.556767
            ],
            [
              -81.65701038869834,
              28.521824105438753,
              5.507187
            ],
            [
              -81.6570111474326,
              28.52182338323217,
              5.532913
            ],
            [
              -81.65701643076937,
              28.521823015160745,
              5.529495
            ],
            [
              -81.65703433131067,
              28.521822959423066,
              5.563673
            ],
            [
              -81.65704341851217,
              28.521813953720365,
              5.569309
            ],
            [
              -81.65705124179107,
              28.521807750851444,
              5.561035
            ],
            [
              -81.65705290008759,
              28.52180540128707,
              5.549721
            ],
            [
              -81.65705208569796,
              28.52177223730133,
              5.551384
            ],
            [
              -81.6570510106107,
              28.52177041662834,
              5.559486
            ],
            [
              -81.65704892226246,
              28.52176888283696,
              5.535202
            ],
            [
              -81.6570454472256,
              28.521767388192583,
              5.541798
            ],
            [
              -81.6570412476747,
              28.52176496792268,
              5.630428
            ],
            [
              -81.65703620033325,
              28.52175746412463,
              5.805279
            ],
            [
              -81.6570222246947,
              28.521742772108368,
              5.527313
            ],
            [
              -81.65701717868447,
              28.52174163621029,
              5.644341
            ],
            [
              -81.6570030049537,
              28.52174063387805,
              5.565865
            ],
            [
              -81.6570013020662,
              28.521741219353142,
              5.564742
            ],
            [
              -81.65699902269813,
              28.521742364140607,
              5.550249
            ],
            [
              -81.65699699144326,
              28.52174320146636,
              5.508644
            ],
            [
              -81.65699406037199,
              28.52174405593386,
              5.540379
            ],
            [
              -81.65699155559278,
              28.52174400374374,
              5.520128
            ],
            [
              -81.65698879273997,
              28.52174334804967,
              5.523621
            ],
            [
              -81.65698458783683,
              28.521741539497008,
              5.528984
            ],
            [
              -81.65698092177944,
              28.521739808735497,
              5.554804
            ],
            [
              -81.65697430582539,
              28.52173917800177,
              5.549239
            ],
            [
              -81.656928380676,
              28.521738724644983,
              5.523239
            ],
            [
              -81.6569263163623,
              28.521739072805723,
              5.518002
            ],
            [
              -81.65692482557833,
              28.521740406823852,
              5.557777
            ],
            [
              -81.65692386841872,
              28.521741663848957,
              5.618721
            ],
            [
              -81.65692269316392,
              28.52174324522302,
              5.511673
            ],
            [
              -81.65692247127038,
              28.521745047328277,
              5.529661
            ],
            [
              -81.65692238479893,
              28.521746657917937,
              5.525185
            ],
            [
              -81.65692199259342,
              28.52175352841861,
              5.584782
            ],
            [
              -81.65692194666288,
              28.521755118999554,
              5.605679
            ],
            [
              -81.65692093999982,
              28.521756925332788,
              5.524587
            ],
            [
              -81.65692023591103,
              28.521758257523583,
              5.544674
            ],
            [
              -81.65691841065521,
              28.52176044637739,
              5.576655
            ],
            [
              -81.65691712959654,
              28.52176106045593,
              5.534966
            ],
            [
              -81.65691519376927,
              28.521761183141486,
              5.509407
            ],
            [
              -81.65691213752055,
              28.521761128697168,
              5.481388
            ],
            [
              -81.6569075948263,
              28.521760514833446,
              5.480797
            ],
            [
              -81.65690502627479,
              28.521760489054106,
              5.403725
            ],
            [
              -81.65690417972107,
              28.521760569970183,
              5.481982
            ],
            [
              -81.65690329367544,
              28.521760929158937,
              5.522804
            ],
            [
              -81.65690017477463,
              28.52176211552644,
              5.517754
            ],
            [
              -81.65689940618185,
              28.521763479729326,
              5.577756
            ],
            [
              -81.65689632235434,
              28.52176450926698,
              5.497849
            ],
            [
              -81.65689473186926,
              28.52176546816518,
              5.499249
            ],
            [
              -81.65689454703953,
              28.521764968118227,
              5.57933
            ],
            [
              -81.65689110002747,
              28.52176529691432,
              5.546997
            ],
            [
              -81.65687733971065,
              28.52176638375218,
              5.173912
            ],
            [
              -81.65688058005631,
              28.521813053048916,
              5.309544
            ]
          ]
        ]
      }
    },
    {
      "type": "Feature",
      "id": "ca2c7ceb-76a1-4193-b8d3-8c78589731a4",
      "properties": {
        "name": "NPA7='Utilities\"",
        "description": "",
        "created": "2025-05-23T18:37:33.966Z",
        "modified": "2025-05-23T20:20:53.351Z",
        "tags": [],
        "color": [
          1,
          0.3215686274509804,
          0.3215686274509804,
          1
        ],
        "cameraPosition": [
          435723.42992419534,
          3155177.864372459,
          7.723207685470086
        ],
        "visible": true,
        "mode": "default",
        "perimeter": 1.621,
        "area": 0.138042
      },
      "geometry": {
        "type": "Polygon",
        "coordinates": [
          [
            [
              -81.65691235120332,
              28.52175057299659,
              5.448174
            ],
            [
              -81.6569117800863,
              28.52175141566283,
              5.415794
            ],
            [
              -81.65691234907925,
              28.521752350552763,
              5.637749
            ],
            [
              -81.65691269220292,
              28.521753153631877,
              5.620636
            ],
            [
              -81.65691311009938,
              28.521753403408365,
              5.471306
            ],
            [
              -81.65691446137131,
              28.52175336350423,
              5.632854
            ],
            [
              -81.65691491950379,
              28.521752998369205,
              5.651794
            ],
            [
              -81.65691531856159,
              28.521752248494707,
              5.632267
            ],
            [
              -81.65691545055111,
              28.5217513367164,
              5.640995
            ],
            [
              -81.65691482706004,
              28.52175088562798,
              5.730423
            ],
            [
              -81.65691394786859,
              28.521750492452,
              5.681049
            ],
            [
              -81.65691289111672,
              28.521750152026698,
              5.480152
            ],
            [
              -81.65691235120332,
              28.52175057299659,
              5.448174
            ]
          ]
        ]
      }
    },
    {
      "type": "Feature",
      "id": "2937fe89-db2a-4ac6-a440-32d0b7eff55f",
      "properties": {
        "name": "NPA8=\"Walkway\"",
        "description": "",
        "created": "2025-05-23T18:41:36.909Z",
        "modified": "2025-05-23T20:21:03.020Z",
        "tags": [],
        "color": [
          1,
          0.3215686274509804,
          0.3215686274509804,
          1
        ],
        "cameraPosition": [
          435713.5904726154,
          3155174.304550107,
          13.98133984078099
        ],
        "visible": true,
        "mode": "default",
        "perimeter": 24.171,
        "area": 16.700509999999998
      },
      "geometry": {
        "type": "Polygon",
        "coordinates": [
          [
            [
              -81.65698047484737,
              28.521739628069458,
              5.597725
            ],
            [
              -81.65698351840187,
              28.521735279264,
              5.591904
            ],
            [
              -81.65698838545227,
              28.521732056740323,
              5.643776
            ],
            [
              -81.65699272696912,
              28.521730607001583,
              5.683002
            ],
            [
              -81.65699033747168,
              28.521665093249016,
              6.621075
            ],
            [
              -81.65701379369322,
              28.52166533832827,
              6.609287
            ],
            [
              -81.65701391418749,
              28.521741174904733,
              5.626148
            ],
            [
              -81.6569979994241,
              28.521743170677272,
              5.509785
            ],
            [
              -81.65699406037199,
              28.52174405593386,
              5.540379
            ],
            [
              -81.6569906699328,
              28.521743584333056,
              5.514713
            ],
            [
              -81.65698606678201,
              28.52174226061249,
              5.514187
            ],
            [
              -81.65698047484737,
              28.521739628069458,
              5.597725
            ]
          ]
        ]
      }
    },
    {
      "type": "Feature",
      "id": "93d95e78-9104-4433-bc6c-c1a4c1a8971c",
      "properties": {
        "name": "NPA9=\"Concrete Slab\"",
        "description": "",
        "created": "2025-05-23T18:47:37.538Z",
        "modified": "2025-05-23T20:21:13.584Z",
        "tags": [],
        "color": [
          1,
          0.3215686274509804,
          0.3215686274509804,
          1
        ],
        "cameraPosition": [
          435685.7651387452,
          3155176.630847561,
          13.692533931409415
        ],
        "visible": true,
        "mode": "default",
        "perimeter": 19.792,
        "area": 24.450782
      },
      "geometry": {
        "type": "Polygon",
        "coordinates": [
          [
            [
              -81.65727942067423,
              28.521753723410924,
              5.899422
            ],
            [
              -81.65730277314618,
              28.521715584034418,
              5.896137
            ],
            [
              -81.65725981216116,
              28.521694160253993,
              6.092796
            ],
            [
              -81.65723318998963,
              28.521733960914712,
              5.79784
            ],
            [
              -81.65727942067423,
              28.521753723410924,
              5.899422
            ]
          ]
        ]
      }
    },
    {
      "type": "Feature",
      "id": "a51281cb-b872-469a-9351-4cf04f6c4558",
      "properties": {
        "name": "NPA10=\"Shed\"",
        "description": "",
        "created": "2025-05-23T18:49:46.450Z",
        "modified": "2025-05-23T20:21:22.139Z",
        "tags": [],
        "color": [
          1,
          0.3215686274509804,
          0.3215686274509804,
          1
        ],
        "cameraPosition": [
          435683.08152284805,
          3155168.8975440767,
          20.355720464751826
        ],
        "visible": true,
        "mode": "default",
        "perimeter": 22.445,
        "area": 27.965217
      },
      "geometry": {
        "type": "Polygon",
        "coordinates": [
          [
            [
              -81.65732112693006,
              28.521644723011594,
              6.383835
            ],
            [
              -81.65731607912677,
              28.521717194518562,
              5.872078
            ],
            [
              -81.657358960985,
              28.521704713888496,
              6.293491
            ],
            [
              -81.65735782466491,
              28.521647600456646,
              6.595792
            ],
            [
              -81.65732112693006,
              28.521644723011594,
              6.383835
            ]
          ]
        ]
      }
    },
    {
      "type": "Feature",
      "id": "cae0a730-bbbc-45fd-9ab2-ab9634484d38",
      "properties": {
        "name": "NPA11=\"Lakeside\"",
        "description": "",
        "created": "2025-05-23T20:31:57.652Z",
        "modified": "2025-06-09T05:00:36.973Z",
        "tags": [],
        "color": [
          1,
          0.3215686274509804,
          0.3215686274509804,
          1
        ],
        "cameraPosition": [
          435636.53126710234,
          3155243.7530153305,
          133.96878764888697
        ],
        "visible": true,
        "mode": "default",
        "perimeter": 332.091,
        "area": 2151.103565
      },
      "geometry": {
        "type": "Polygon",
        "coordinates": [
          [
            [
              -81.65629831611352,
              28.522044467183388,
              1.074291
            ],
            [
              -81.65629282138838,
              28.52188506695419,
              2.553503
            ],
            [
              -81.656499121101,
              28.52190175134491,
              2.4823
            ],
            [
              -81.65662227207083,
              28.521937822174692,
              2.356241
            ],
            [
              -81.65680213514128,
              28.52198839814976,
              2.175168
            ],
            [
              -81.65691918880964,
              28.52199833072151,
              2.173076
            ],
            [
              -81.65701622292366,
              28.522038070445248,
              2.182498
            ],
            [
              -81.65712504365324,
              28.52207936421533,
              2.110741
            ],
            [
              -81.65727433009612,
              28.522126091474473,
              2.037268
            ],
            [
              -81.65742820132812,
              28.522174434542674,
              2.225079
            ],
            [
              -81.65753550856604,
              28.522208161296604,
              2.337631
            ],
            [
              -81.65769908655973,
              28.522245823445452,
              2.748282
            ],
            [
              -81.65777847092792,
              28.52226145189715,
              2.840828
            ],
            [
              -81.65777458394763,
              28.522294355500343,
              2.48032
            ],
            [
              -81.6577704172729,
              28.522324764167198,
              2.032876
            ],
            [
              -81.65777251772694,
              28.522350200916637,
              1.676157
            ],
            [
              -81.65776525206093,
              28.522362322818616,
              1.610173
            ],
            [
              -81.65773043107555,
              28.5223650225586,
              1.389858
            ],
            [
              -81.65771719848065,
              28.522376745176118,
              1.236632
            ],
            [
              -81.65770881207125,
              28.522386826044535,
              1.229937
            ],
            [
              -81.65747009021794,
              28.522327090949894,
              1.114707
            ],
            [
              -81.65736435195316,
              28.52228040745924,
              1.20588
            ],
            [
              -81.65717184759067,
              28.52220904065737,
              1.172767
            ],
            [
              -81.65700957160063,
              28.522169003916805,
              1.147452
            ],
            [
              -81.65682965814734,
              28.522119095084093,
              1.253855
            ],
            [
              -81.65656814829097,
              28.522059499063296,
              1.151891
            ],
            [
              -81.65640195286777,
              28.52204776058178,
              1.207594
            ],
            [
              -81.65629831611352,
              28.522044467183388,
              1.074291
            ]
          ]
        ]
      }
    },
    {
      "type": "Feature",
      "id": "392c792a-23d7-41c6-a7a0-d02ea78904e8",
      "properties": {
        "name": "NPA12=\"Tree\"",
        "description": "",
        "created": "2025-05-23T20:49:42.634Z",
        "modified": "2025-06-09T05:03:23.826Z",
        "tags": [],
        "color": [
          0.26666666666666666,
          0.5411764705882353,
          1,
          1
        ],
        "cameraPosition": [
          435706.66652526835,
          3155188.34694949,
          6.189108722139224
        ],
        "visible": true,
        "mode": "default",
        "perimeter": 2.64,
        "area": 0.505966
      },
      "geometry": {
        "type": "Polygon",
        "coordinates": [
          [
            [
              -81.65710305314983,
              28.521837669119684,
              4.516185
            ],
            [
              -81.65710516035898,
              28.521836267959262,
              4.52446
            ],
            [
              -81.65710559936396,
              28.521834179527975,
              4.613986
            ],
            [
              -81.65710531108058,
              28.521831997238927,
              4.565403
            ],
            [
              -81.65710321098987,
              28.52182996439691,
              4.668153
            ],
            [
              -81.65710130227836,
              28.521829840392037,
              4.700775
            ],
            [
              -81.6570991994527,
              28.521830170066313,
              4.678743
            ],
            [
              -81.657097772418,
              28.52183287979866,
              4.630578
            ],
            [
              -81.65709953267769,
              28.52183537431797,
              4.480563
            ],
            [
              -81.65710119283146,
              28.521837346013683,
              4.543324
            ],
            [
              -81.65710305314983,
              28.521837669119684,
              4.516185
            ]
          ]
        ]
      }
    },
    {
      "type": "Feature",
      "id": "cc249ad6-6cc9-4e70-bea9-6d6baeabf37b",
      "properties": {
        "name": "NPA13=\"Tree\"",
        "description": "",
        "created": "2025-05-23T20:50:24.115Z",
        "modified": "2025-06-09T05:03:17.726Z",
        "tags": [],
        "color": [
          0.26666666666666666,
          0.5411764705882353,
          1,
          1
        ],
        "cameraPosition": [
          435708.46228361956,
          3155183.9191454956,
          8.169494344209028
        ],
        "visible": true,
        "mode": "default",
        "perimeter": 2.578,
        "area": 0.483139
      },
      "geometry": {
        "type": "Polygon",
        "coordinates": [
          [
            [
              -81.6571009934024,
              28.5218174804641,
              4.902128
            ],
            [
              -81.65710310831918,
              28.521815464874454,
              4.859331
            ],
            [
              -81.65710242246759,
              28.52181248913038,
              4.955867
            ],
            [
              -81.65709938135421,
              28.52181074875119,
              5.024415
            ],
            [
              -81.65709726684646,
              28.52181084255295,
              5.041354
            ],
            [
              -81.65709424352498,
              28.52181215122004,
              5.028338
            ],
            [
              -81.65709449173022,
              28.521814030979503,
              5.009029
            ],
            [
              -81.65709697554904,
              28.521816791027536,
              4.952833
            ],
            [
              -81.65709845625152,
              28.52181746396902,
              4.952595
            ],
            [
              -81.6571009934024,
              28.5218174804641,
              4.902128
            ]
          ]
        ]
      }
    },
    {
      "type": "Feature",
      "id": "914db234-2544-4666-89ef-855beed70c04",
      "properties": {
        "name": "NPA14=\"Tree\"",
        "description": "",
        "created": "2025-05-23T20:50:52.879Z",
        "modified": "2025-06-09T05:03:15.061Z",
        "tags": [],
        "color": [
          0.26666666666666666,
          0.5411764705882353,
          1,
          1
        ],
        "cameraPosition": [
          435699.74372093624,
          3155196.1424761713,
          8.227525230353137
        ],
        "visible": true,
        "mode": "default",
        "perimeter": 4.039,
        "area": 1.065691
      },
      "geometry": {
        "type": "Polygon",
        "coordinates": [
          [
            [
              -81.65712431804505,
              28.52190835554359,
              3.378495
            ],
            [
              -81.65712240702216,
              28.521912528232203,
              3.322176
            ],
            [
              -81.65712550460225,
              28.521914853448397,
              3.416935
            ],
            [
              -81.6571283695203,
              28.52191759631674,
              3.349042
            ],
            [
              -81.65713351647358,
              28.521919083539704,
              3.270024
            ],
            [
              -81.65713709217648,
              28.521915819065725,
              3.359279
            ],
            [
              -81.65713561284137,
              28.521912047584834,
              3.454568
            ],
            [
              -81.6571281319246,
              28.521908430490807,
              3.407438
            ],
            [
              -81.65712431804505,
              28.52190835554359,
              3.378495
            ]
          ]
        ]
      }
    },
    {
      "type": "Feature",
      "id": "8ff259bf-4318-44d6-8eae-2fde12177858",
      "properties": {
        "name": "NPA15=\"Tree\"",
        "description": "",
        "created": "2025-05-23T20:51:11.853Z",
        "modified": "2025-06-09T05:03:10.233Z",
        "tags": [],
        "color": [
          0.26666666666666666,
          0.5411764705882353,
          1,
          1
        ],
        "cameraPosition": [
          435704.349296777,
          3155194.3121032952,
          6.954019189265523
        ],
        "visible": true,
        "mode": "default",
        "perimeter": 3.332,
        "area": 0.7285269999999999
      },
      "geometry": {
        "type": "Polygon",
        "coordinates": [
          [
            [
              -81.65715465686843,
              28.52188243803304,
              3.971401
            ],
            [
              -81.65715314924121,
              28.521878806109136,
              3.985459
            ],
            [
              -81.657148192448,
              28.521877240882606,
              3.954522
            ],
            [
              -81.65714460971567,
              28.52187953796294,
              3.83668
            ],
            [
              -81.65714496303231,
              28.521885338321244,
              3.755348
            ],
            [
              -81.65715135580975,
              28.521884898742446,
              3.799284
            ],
            [
              -81.65715540684023,
              28.521884485682136,
              3.910858
            ],
            [
              -81.65715465686843,
              28.52188243803304,
              3.971401
            ]
          ]
        ]
      }
    },
    {
      "type": "Feature",
      "id": "3a693d2a-1310-4ce1-a56c-faaeb010fee8",
      "properties": {
        "name": "NPA16=\"Tree\"",
        "description": "",
        "created": "2025-05-23T20:51:34.080Z",
        "modified": "2025-06-09T05:03:07.589Z",
        "tags": [],
        "color": [
          0.26666666666666666,
          0.5411764705882353,
          1,
          1
        ],
        "cameraPosition": [
          435701.986070657,
          3155189.4377938784,
          6.684735896364572
        ],
        "visible": true,
        "mode": "default",
        "perimeter": 2.879,
        "area": 0.583846
      },
      "geometry": {
        "type": "Polygon",
        "coordinates": [
          [
            [
              -81.6571647623007,
              28.521880134385224,
              3.925217
            ],
            [
              -81.6571690592258,
              28.521879265463138,
              3.937239
            ],
            [
              -81.65717208732126,
              28.521876506581666,
              3.899585
            ],
            [
              -81.65717165178287,
              28.52187392792991,
              3.946139
            ],
            [
              -81.65716722579991,
              28.52187293767403,
              4.16375
            ],
            [
              -81.6571624065193,
              28.52187466751327,
              4.112462
            ],
            [
              -81.65716208194964,
              28.521876764516747,
              4.084352
            ],
            [
              -81.6571647623007,
              28.521880134385224,
              3.925217
            ]
          ]
        ]
      }
    },
    {
      "type": "Feature",
      "id": "e0cc7573-86b4-403a-9316-0b383acc09e3",
      "properties": {
        "name": "NPA17=\"Tree\"",
        "description": "",
        "created": "2025-05-23T20:51:52.562Z",
        "modified": "2025-06-09T05:03:01.650Z",
        "tags": [],
        "color": [
          0.26666666666666666,
          0.5411764705882353,
          1,
          1
        ],
        "cameraPosition": [
          435696.5837078317,
          3155187.4336606865,
          6.921532785170115
        ],
        "visible": true,
        "mode": "default",
        "perimeter": 2.725,
        "area": 0.536397
      },
      "geometry": {
        "type": "Polygon",
        "coordinates": [
          [
            [
              -81.65715961806347,
              28.521861294095004,
              4.26184
            ],
            [
              -81.6571609683961,
              28.521865001824228,
              4.298779
            ],
            [
              -81.65716525880036,
              28.521865037683245,
              4.289454
            ],
            [
              -81.65716819153359,
              28.521864098230576,
              4.238197
            ],
            [
              -81.65716866273239,
              28.521861360843214,
              4.216301
            ],
            [
              -81.65716674938105,
              28.521859213142076,
              4.318799
            ],
            [
              -81.65716374762945,
              28.521857688193805,
              4.311017
            ],
            [
              -81.65716149615214,
              28.521858820013694,
              4.344944
            ],
            [
              -81.65715961806347,
              28.521861294095004,
              4.26184
            ]
          ]
        ]
      }
    },
    {
      "type": "Feature",
      "id": "91550109-8027-4681-895b-e00fdc007eb7",
      "properties": {
        "name": "NPA18=\"Tree and Plants\"",
        "description": "",
        "created": "2025-05-23T20:52:17.609Z",
        "modified": "2025-06-09T05:00:17.969Z",
        "tags": [],
        "color": [
          0.26666666666666666,
          0.5411764705882353,
          1,
          1
        ],
        "cameraPosition": [
          435702.8098029438,
          3155185.648013796,
          9.542886526189179
        ],
        "visible": true,
        "mode": "default",
        "perimeter": 16.224,
        "area": 19.390539999999998
      },
      "geometry": {
        "type": "Polygon",
        "coordinates": [
          [
            [
              -81.65725438359553,
              28.521789799049547,
              5.364598
            ],
            [
              -81.65724354669224,
              28.521781819611245,
              5.295744
            ],
            [
              -81.65722741348586,
              28.521778075498993,
              5.425603
            ],
            [
              -81.65721437989014,
              28.52178130176701,
              5.250259
            ],
            [
              -81.65720441035715,
              28.52179214427425,
              5.419437
            ],
            [
              -81.65720198001813,
              28.521810486542666,
              4.771451
            ],
            [
              -81.65721853556079,
              28.52181750589547,
              4.745531
            ],
            [
              -81.65723925304871,
              28.521822119717804,
              4.707624
            ],
            [
              -81.65725330187206,
              28.521811693965788,
              5.06538
            ],
            [
              -81.65725438359553,
              28.521789799049547,
              5.364598
            ]
          ]
        ]
      }
    },
    {
      "type": "Feature",
      "id": "64840465-5147-448b-99b1-00ec84665236",
      "properties": {
        "name": "NPA19=\"Tree\"",
        "description": "",
        "created": "2025-05-23T20:53:00.189Z",
        "modified": "2025-06-09T05:02:54.245Z",
        "tags": [],
        "color": [
          0.26666666666666666,
          0.5411764705882353,
          1,
          1
        ],
        "cameraPosition": [
          435693.60813335667,
          3155201.4788102466,
          8.342973398121742
        ],
        "visible": true,
        "mode": "default",
        "perimeter": 7.008,
        "area": 3.378908
      },
      "geometry": {
        "type": "Polygon",
        "coordinates": [
          [
            [
              -81.65724102094622,
              28.52205100465233,
              2.914027
            ],
            [
              -81.65724709108557,
              28.522059642213588,
              2.853369
            ],
            [
              -81.65725472411623,
              28.522057825835184,
              2.870128
            ],
            [
              -81.65725997913776,
              28.522049801031354,
              2.908321
            ],
            [
              -81.65725546223875,
              28.52204204458461,
              2.897587
            ],
            [
              -81.65724588182586,
              28.5220388650039,
              2.878898
            ],
            [
              -81.65723763552089,
              28.52204069314031,
              2.856992
            ],
            [
              -81.65723760239158,
              28.522047852017952,
              2.896046
            ],
            [
              -81.65724102094622,
              28.52205100465233,
              2.914027
            ]
          ]
        ]
      }
    },
    {
      "type": "Feature",
      "id": "c94d4a2c-c672-4fb7-b579-6b70afa28269",
      "properties": {
        "name": "NPA20=\"Trees\"",
        "description": "",
        "created": "2025-05-23T20:53:46.652Z",
        "modified": "2025-06-09T05:02:47.699Z",
        "tags": [],
        "color": [
          0.26666666666666666,
          0.5411764705882353,
          1,
          1
        ],
        "cameraPosition": [
          435678.0079576626,
          3155166.6407719706,
          18.006644507461047
        ],
        "visible": true,
        "mode": "default",
        "perimeter": 34.584,
        "area": 61.315928
      },
      "geometry": {
        "type": "Polygon",
        "coordinates": [
          [
            [
              -81.65730835304198,
              28.52180825379074,
              5.076495
            ],
            [
              -81.65731436179513,
              28.52181715387796,
              4.955594
            ],
            [
              -81.65730758991636,
              28.521833294458947,
              4.693097
            ],
            [
              -81.65731539449675,
              28.52184987359615,
              4.505343
            ],
            [
              -81.65733374531018,
              28.521851729103933,
              4.564863
            ],
            [
              -81.65734494219714,
              28.521855137165307,
              4.634025
            ],
            [
              -81.65735342121383,
              28.521865641210155,
              4.522258
            ],
            [
              -81.65735969619719,
              28.521878446798638,
              4.308386
            ],
            [
              -81.65737107536582,
              28.52188178993432,
              4.40855
            ],
            [
              -81.65738318630534,
              28.521873996719084,
              4.449409
            ],
            [
              -81.65738075012855,
              28.521860187743744,
              4.608171
            ],
            [
              -81.65737743075728,
              28.521851726339367,
              4.897322
            ],
            [
              -81.65738409246752,
              28.52184313317187,
              4.967974
            ],
            [
              -81.6573816533698,
              28.521832929145322,
              5.025697
            ],
            [
              -81.65738428227057,
              28.521821647977347,
              5.137853
            ],
            [
              -81.6573869900163,
              28.521815129551875,
              5.365394
            ],
            [
              -81.65739395605094,
              28.521809595642402,
              5.386314
            ],
            [
              -81.65739787881132,
              28.521791008324648,
              5.648761
            ],
            [
              -81.65738197581831,
              28.52178259294539,
              5.666849
            ],
            [
              -81.65733670230881,
              28.521793296813783,
              5.380463
            ],
            [
              -81.65730695546878,
              28.521795228369882,
              5.618288
            ],
            [
              -81.65730835304198,
              28.52180825379074,
              5.076495
            ]
          ]
        ]
      }
    },
    {
      "type": "Feature",
      "id": "78216dc0-dede-494b-8fbb-c852ad0fbd85",
      "properties": {
        "name": "NPA21=\" Palmtree\"",
        "description": "",
        "created": "2025-05-23T20:55:03.193Z",
        "modified": "2025-06-09T05:02:44.984Z",
        "tags": [],
        "color": [
          0.26666666666666666,
          0.5411764705882353,
          1,
          1
        ],
        "cameraPosition": [
          435710.12902656035,
          3155206.5289781843,
          4.56610730291078
        ],
        "visible": true,
        "mode": "default",
        "perimeter": 3.69,
        "area": 0.888296
      },
      "geometry": {
        "type": "Polygon",
        "coordinates": [
          [
            [
              -81.65711420319036,
              28.522030382878818,
              2.501122
            ],
            [
              -81.65711906720341,
              28.52203199421018,
              2.508634
            ],
            [
              -81.65712494573721,
              28.52203007515779,
              2.560961
            ],
            [
              -81.65712551915007,
              28.522025836783133,
              2.580891
            ],
            [
              -81.65711370953441,
              28.52202296065288,
              2.567706
            ],
            [
              -81.65711224903694,
              28.522027099245207,
              2.528667
            ],
            [
              -81.65711420319036,
              28.522030382878818,
              2.501122
            ]
          ]
        ]
      }
    },
    {
      "type": "Feature",
      "id": "5809fbab-1e25-4dd1-8266-a81f696b7aad",
      "properties": {
        "name": "NPA22=\"Tree\"",
        "description": "",
        "created": "2025-05-23T20:55:31.187Z",
        "modified": "2025-06-09T05:02:39.857Z",
        "tags": [],
        "color": [
          0.26666666666666666,
          0.5411764705882353,
          1,
          1
        ],
        "cameraPosition": [
          435710.8770273014,
          3155181.9117196533,
          13.804031625953684
        ],
        "visible": true,
        "mode": "default",
        "perimeter": 4.934,
        "area": 1.782975
      },
      "geometry": {
        "type": "Polygon",
        "coordinates": [
          [
            [
              -81.65704433485604,
              28.52172662009277,
              6.046901
            ],
            [
              -81.65705010577207,
              28.52172952125624,
              6.104749
            ],
            [
              -81.65705540493468,
              28.52172706475892,
              6.396624
            ],
            [
              -81.6570595161515,
              28.521722131490275,
              6.290753
            ],
            [
              -81.65705689675492,
              28.52171740269768,
              6.147523
            ],
            [
              -81.65704846266715,
              28.521714914874764,
              6.143413
            ],
            [
              -81.65704445914601,
              28.521719121015487,
              6.134087
            ],
            [
              -81.65704336213494,
              28.521723082333214,
              6.109196
            ],
            [
              -81.65704433485604,
              28.52172662009277,
              6.046901
            ]
          ]
        ]
      }
    },
    {
      "type": "Feature",
      "id": "eb313d69-c17d-4f86-bc9b-72ea7f510e9d",
      "properties": {
        "name": "NPA23=\"Tree\"",
        "description": "",
        "created": "2025-05-23T20:56:01.487Z",
        "modified": "2025-06-09T05:02:33.994Z",
        "tags": [],
        "color": [
          0.26666666666666666,
          0.5411764705882353,
          1,
          1
        ],
        "cameraPosition": [
          435733.3086168302,
          3155192.9563872465,
          8.35119640032471
        ],
        "visible": true,
        "mode": "default",
        "perimeter": 6.43,
        "area": 3.002728
      },
      "geometry": {
        "type": "Polygon",
        "coordinates": [
          [
            [
              -81.656897848106,
              28.52190912069555,
              3.212522
            ],
            [
              -81.65690570045888,
              28.521903007379485,
              3.314326
            ],
            [
              -81.65690188198086,
              28.52189401626808,
              3.432391
            ],
            [
              -81.65689303378593,
              28.52189137572757,
              3.416186
            ],
            [
              -81.65688808030916,
              28.521892701079356,
              3.324111
            ],
            [
              -81.65688443534016,
              28.521898369626026,
              3.223016
            ],
            [
              -81.65688540529793,
              28.52190665571219,
              3.186873
            ],
            [
              -81.65689307595945,
              28.52190821353967,
              3.217434
            ],
            [
              -81.656897848106,
              28.52190912069555,
              3.212522
            ]
          ]
        ]
      }
    },
    {
      "type": "Feature",
      "id": "22701fee-5c48-41ca-b1bc-08dec7afcad7",
      "properties": {
        "name": "NPA24=\"Tree\"",
        "description": "",
        "created": "2025-05-23T20:56:22.620Z",
        "modified": "2025-06-09T05:02:31.401Z",
        "tags": [],
        "color": [
          0.26666666666666666,
          0.5411764705882353,
          1,
          1
        ],
        "cameraPosition": [
          435728.4845754677,
          3155203.389784335,
          7.391616841223666
        ],
        "visible": true,
        "mode": "default",
        "perimeter": 9.037,
        "area": 5.808909
      },
      "geometry": {
        "type": "Polygon",
        "coordinates": [
          [
            [
              -81.65684641866812,
              28.521934628702862,
              2.953706
            ],
            [
              -81.65685326429089,
              28.521927207465684,
              3.074801
            ],
            [
              -81.65684898952483,
              28.521910195863384,
              3.144886
            ],
            [
              -81.65683943269961,
              28.52190802816644,
              3.128941
            ],
            [
              -81.65682749372871,
              28.521913035063577,
              3.097639
            ],
            [
              -81.65682837589151,
              28.521924653283957,
              3.019862
            ],
            [
              -81.65683561303085,
              28.521935717787155,
              2.89809
            ],
            [
              -81.65684641866812,
              28.521934628702862,
              2.953706
            ]
          ]
        ]
      }
    },
    {
      "type": "Feature",
      "id": "d72fb4ca-27a5-4275-964d-42485d96274a",
      "properties": {
        "name": "NPA25=\"House\"",
        "description": "",
        "created": "2025-05-23T20:48:02.253Z",
        "modified": "2025-05-23T21:02:29.220Z",
        "tags": [],
        "color": [
          0.48627450980392156,
          0.30196078431372547,
          1,
          1
        ],
        "cameraPosition": [
          435716.403615777,
          3155169.443719074,
          10.115909302515703
        ],
        "visible": true,
        "mode": "default",
        "perimeter": 111.819,
        "area": 356.915664
      },
      "geometry": {
        "type": "Polygon",
        "coordinates": [
          [
            [
              -81.65699033747168,
              28.521665093249016,
              6.621075
            ],
            [
              -81.65701379369322,
              28.52166533832827,
              6.609287
            ],
            [
              -81.65701428265656,
              28.521664771793798,
              6.58847
            ],
            [
              -81.6570294653088,
              28.52166601383078,
              6.721428
            ],
            [
              -81.65703002470785,
              28.521677569668814,
              6.586292
            ],
            [
              -81.65710234941709,
              28.52167801836006,
              6.843535
            ],
            [
              -81.65710505314877,
              28.521703624933235,
              6.59248
            ],
            [
              -81.65712317490426,
              28.521702958487992,
              6.58409
            ],
            [
              -81.65712703043921,
              28.521734230693784,
              6.318933
            ],
            [
              -81.65716744787319,
              28.521733723168634,
              6.262739
            ],
            [
              -81.65716708422923,
              28.521686902060733,
              6.504372
            ],
            [
              -81.65719698835007,
              28.52168741340609,
              6.403651
            ],
            [
              -81.65719866007116,
              28.52166840294495,
              6.701056
            ],
            [
              -81.65719311807402,
              28.52166776681895,
              6.746445
            ],
            [
              -81.65719478112479,
              28.52162572506285,
              7.026231
            ],
            [
              -81.65715248442754,
              28.5216228091982,
              7.279804
            ],
            [
              -81.65715327172927,
              28.52158896451036,
              7.249546
            ],
            [
              -81.65709967127052,
              28.521587050317276,
              6.936882
            ],
            [
              -81.6570985445062,
              28.521561429797703,
              6.977185
            ],
            [
              -81.65705812873618,
              28.521561288619726,
              6.923776
            ],
            [
              -81.65705758227723,
              28.521591451080035,
              6.874843
            ],
            [
              -81.65704078111148,
              28.52159016251748,
              7.169174
            ],
            [
              -81.65704130759941,
              28.52154229551469,
              6.938274
            ],
            [
              -81.65699948422963,
              28.521540757485607,
              6.852398
            ],
            [
              -81.65699860477157,
              28.521523948336633,
              6.849258
            ],
            [
              -81.65697168373669,
              28.521524261722032,
              6.954852
            ],
            [
              -81.65696435945976,
              28.521521046469257,
              7.15279
            ],
            [
              -81.65696710481622,
              28.521541100119215,
              6.973202
            ],
            [
              -81.65692905502715,
              28.521543198137962,
              6.829365
            ],
            [
              -81.65692804483199,
              28.521546308867535,
              7.516533
            ],
            [
              -81.65692787619656,
              28.52168553501822,
              6.477074
            ],
            [
              -81.65693836852672,
              28.521686844642133,
              6.271864
            ],
            [
              -81.65694464767894,
              28.521688625772324,
              6.262931
            ],
            [
              -81.65696861952121,
              28.521689430008365,
              6.147204
            ],
            [
              -81.65698268034404,
              28.521687568588963,
              6.20795
            ],
            [
              -81.65698997928543,
              28.52168598303661,
              6.309056
            ],
            [
              -81.65699800484948,
              28.5216866211691,
              6.506038
            ],
            [
              -81.65699826885397,
              28.52167947409104,
              6.643259
            ],
            [
              -81.65699098362548,
              28.521679206292077,
              6.556866
            ],
            [
              -81.65699033747168,
              28.521665093249016,
              6.621075
            ]
          ]
        ]
      }
    },
    {
      "type": "Feature",
      "id": "48f18ad3-9909-4b9a-a7a4-33e98cfc6828",
      "properties": {
        "name": "NPA26=\"Tree\"",
        "description": "",
        "created": "2025-05-23T21:04:44.591Z",
        "modified": "2025-06-09T05:02:28.799Z",
        "tags": [],
        "color": [
          0.26666666666666666,
          0.5411764705882353,
          1,
          1
        ],
        "cameraPosition": [
          435733.16252450016,
          3155183.886722823,
          8.870760037119808
        ],
        "visible": true,
        "mode": "default",
        "perimeter": 17.861,
        "area": 22.40939
      },
      "geometry": {
        "type": "Polygon",
        "coordinates": [
          [
            [
              -81.65679407281534,
              28.521839512198138,
              3.775209
            ],
            [
              -81.65678495407899,
              28.52184853880633,
              3.816175
            ],
            [
              -81.65678252865924,
              28.521863679629217,
              3.682246
            ],
            [
              -81.65678795054073,
              28.5218796993862,
              3.446795
            ],
            [
              -81.65679125170053,
              28.52188417277485,
              3.428787
            ],
            [
              -81.65680235479482,
              28.521886563187888,
              3.408817
            ],
            [
              -81.65681173256765,
              28.52188920955942,
              3.344352
            ],
            [
              -81.65681812233693,
              28.521887980933183,
              3.368596
            ],
            [
              -81.65682830497515,
              28.521862738994983,
              3.746709
            ],
            [
              -81.65682887841778,
              28.521852213102083,
              3.835214
            ],
            [
              -81.65682583965057,
              28.521841428920514,
              4.046145
            ],
            [
              -81.65681292701076,
              28.521831058654527,
              4.057522
            ],
            [
              -81.65679987316588,
              28.521829825428423,
              3.967413
            ],
            [
              -81.65679407281534,
              28.521839512198138,
              3.775209
            ]
          ]
        ]
      }
    },
    {
      "type": "Feature",
      "id": "75536dc5-aa37-43f8-b477-fb51e1a3a32a",
      "properties": {
        "name": "NPA27=\"Tree\"",
        "description": "",
        "created": "2025-05-23T21:05:37.155Z",
        "modified": "2025-06-09T05:02:22.601Z",
        "tags": [],
        "color": [
          0.26666666666666666,
          0.5411764705882353,
          1,
          1
        ],
        "cameraPosition": [
          435755.8085480222,
          3155197.660599528,
          10.88845195644221
        ],
        "visible": true,
        "mode": "default",
        "perimeter": 11.783,
        "area": 9.323485
      },
      "geometry": {
        "type": "Polygon",
        "coordinates": [
          [
            [
              -81.65670523207953,
              28.521928299253904,
              2.949223
            ],
            [
              -81.65671203627424,
              28.52191823338768,
              3.129831
            ],
            [
              -81.656701859207,
              28.521910709423043,
              3.39677
            ],
            [
              -81.65669016946424,
              28.521897512394315,
              3.864169
            ],
            [
              -81.65668017379349,
              28.521901520053834,
              3.734162
            ],
            [
              -81.65667382374791,
              28.521920999824353,
              3.20639
            ],
            [
              -81.65667785751282,
              28.521926315094316,
              2.999172
            ],
            [
              -81.65669235797878,
              28.521934332064717,
              2.899398
            ],
            [
              -81.65670523207953,
              28.521928299253904,
              2.949223
            ]
          ]
        ]
      }
    },
    {
      "type": "Feature",
      "id": "df581936-635b-4811-8007-9b35476b9ae5",
      "properties": {
        "name": "NPA28=\"Tree\"",
        "description": "",
        "created": "2025-05-23T21:06:06.880Z",
        "modified": "2025-06-09T05:02:19.927Z",
        "tags": [],
        "color": [
          0.26666666666666666,
          0.5411764705882353,
          1,
          1
        ],
        "cameraPosition": [
          435736.338187552,
          3155185.4226799603,
          11.653005152261088
        ],
        "visible": true,
        "mode": "default",
        "perimeter": 14.889000000000001,
        "area": 14.100278999999999
      },
      "geometry": {
        "type": "Polygon",
        "coordinates": [
          [
            [
              -81.65671674513382,
              28.521848537144084,
              3.477297
            ],
            [
              -81.65671262659355,
              28.52183666267751,
              3.608139
            ],
            [
              -81.65669764742655,
              28.52183427735469,
              3.621386
            ],
            [
              -81.6566807199102,
              28.52184352960227,
              3.450778
            ],
            [
              -81.65668761179856,
              28.521857044613167,
              3.328497
            ],
            [
              -81.65668694581544,
              28.521865508032064,
              3.312187
            ],
            [
              -81.65668598617255,
              28.521880315955418,
              3.23689
            ],
            [
              -81.65669968234005,
              28.521880720724187,
              3.334898
            ],
            [
              -81.65671077893559,
              28.52187552378197,
              3.449206
            ],
            [
              -81.65671697412941,
              28.521868643580877,
              3.500796
            ],
            [
              -81.65671895794074,
              28.521855277980727,
              3.5582
            ],
            [
              -81.65671674513382,
              28.521848537144084,
              3.477297
            ]
          ]
        ]
      }
    },
    {
      "type": "Feature",
      "id": "06a8e80f-a6fe-42dd-b83e-56c1b4f40c42",
      "properties": {
        "name": "NPA29=\"Trees\"",
        "description": "",
        "created": "2025-05-23T21:06:35.462Z",
        "modified": "2025-06-09T05:02:13.837Z",
        "tags": [],
        "color": [
          0.26666666666666666,
          0.5411764705882353,
          1,
          1
        ],
        "cameraPosition": [
          435731.92303509166,
          3155176.541495365,
          11.780739029075775
        ],
        "visible": true,
        "mode": "default",
        "perimeter": 10.373,
        "area": 7.22561
      },
      "geometry": {
        "type": "Polygon",
        "coordinates": [
          [
            [
              -81.6567242702178,
              28.521736613318517,
              4.698348
            ],
            [
              -81.65672075585489,
              28.521744132159224,
              4.624691
            ],
            [
              -81.65672105920547,
              28.521753453868477,
              4.571638
            ],
            [
              -81.65673172112277,
              28.521764345658614,
              4.374808
            ],
            [
              -81.65674019915917,
              28.521757116233236,
              4.470325
            ],
            [
              -81.65674971456404,
              28.521748653216054,
              4.592643
            ],
            [
              -81.6567518772396,
              28.521744491483343,
              4.645136
            ],
            [
              -81.6567538145793,
              28.52173710456652,
              4.777282
            ],
            [
              -81.65674224593033,
              28.52173397959336,
              4.783495
            ],
            [
              -81.656731824056,
              28.52173451574139,
              4.728904
            ],
            [
              -81.6567242702178,
              28.521736613318517,
              4.698348
            ]
          ]
        ]
      }
    },
    {
      "type": "Feature",
      "id": "313c808e-8542-4ed2-b746-1ff8f3f4b4a5",
      "properties": {
        "name": "NPA30=\"Trees\"",
        "description": "",
        "created": "2025-05-23T21:06:56.324Z",
        "modified": "2025-06-09T05:02:12.729Z",
        "tags": [],
        "color": [
          0.26666666666666666,
          0.5411764705882353,
          1,
          1
        ],
        "cameraPosition": [
          435733.83558205137,
          3155182.684367561,
          11.170274472444845
        ],
        "visible": true,
        "mode": "default",
        "perimeter": 9.612,
        "area": 5.290878
      },
      "geometry": {
        "type": "Polygon",
        "coordinates": [
          [
            [
              -81.6568421092147,
              28.521753913062888,
              4.822982
            ],
            [
              -81.65684201449157,
              28.5217438854829,
              4.877057
            ],
            [
              -81.65683840560494,
              28.52173353086568,
              4.978426
            ],
            [
              -81.65681881533189,
              28.521729070186964,
              4.985331
            ],
            [
              -81.65682090910899,
              28.521737187455773,
              4.912488
            ],
            [
              -81.65682224154953,
              28.5217478397633,
              4.859235
            ],
            [
              -81.65682622819513,
              28.521750454773425,
              4.836494
            ],
            [
              -81.65683045847977,
              28.521759874224312,
              4.759282
            ],
            [
              -81.65684016233264,
              28.52175929778985,
              4.70892
            ],
            [
              -81.6568421092147,
              28.521753913062888,
              4.822982
            ]
          ]
        ]
      }
    },
    {
      "type": "Feature",
      "id": "1a168e5a-90da-43ce-8867-f66053d5e94f",
      "properties": {
        "name": "NPA31=\"Trees\"",
        "description": "",
        "created": "2025-05-23T21:07:27.186Z",
        "modified": "2025-06-09T05:02:03.444Z",
        "tags": [],
        "color": [
          0.26666666666666666,
          0.5411764705882353,
          1,
          1
        ],
        "cameraPosition": [
          435757.63622887334,
          3155188.2849243926,
          12.801555637114362
        ],
        "visible": true,
        "mode": "default",
        "perimeter": 10.052,
        "area": 6.368789
      },
      "geometry": {
        "type": "Polygon",
        "coordinates": [
          [
            [
              -81.65663763312457,
              28.52174531702404,
              4.579446
            ],
            [
              -81.65664815049655,
              28.5217498610908,
              4.53556
            ],
            [
              -81.65667169427277,
              28.5217408985636,
              4.477169
            ],
            [
              -81.65666454417777,
              28.5217347327538,
              4.561354
            ],
            [
              -81.65665624539646,
              28.52173080966913,
              4.796669
            ],
            [
              -81.6566446791317,
              28.521724080761008,
              4.742806
            ],
            [
              -81.65663879260688,
              28.521726460523695,
              4.760358
            ],
            [
              -81.65663158263126,
              28.52173507080158,
              4.645551
            ],
            [
              -81.65663763312457,
              28.52174531702404,
              4.579446
            ]
          ]
        ]
      }
    },
    {
      "type": "Feature",
      "id": "3b03e819-5f99-4172-868f-74a275a4d0e0",
      "properties": {
        "name": "NPA32=\"Trees\"",
        "description": "",
        "created": "2025-05-23T21:07:50.257Z",
        "modified": "2025-06-09T05:02:00.601Z",
        "tags": [],
        "color": [
          0.26666666666666666,
          0.5411764705882353,
          1,
          1
        ],
        "cameraPosition": [
          435744.8873538218,
          3155173.602782391,
          12.733553394329107
        ],
        "visible": true,
        "mode": "default",
        "perimeter": 9.739,
        "area": 5.7667779999999995
      },
      "geometry": {
        "type": "Polygon",
        "coordinates": [
          [
            [
              -81.65674177191342,
              28.521669407015473,
              5.636689
            ],
            [
              -81.65674572478176,
              28.521675565025543,
              5.550479
            ],
            [
              -81.65675467374824,
              28.52168345207629,
              5.412226
            ],
            [
              -81.65676896706613,
              28.521687429885194,
              5.374245
            ],
            [
              -81.6567751510236,
              28.521684423211735,
              5.461142
            ],
            [
              -81.65676908961737,
              28.521677786974752,
              5.577223
            ],
            [
              -81.6567655472296,
              28.521667475044158,
              5.733777
            ],
            [
              -81.65675935521294,
              28.521661146873317,
              5.803577
            ],
            [
              -81.65674982754568,
              28.521660075306958,
              5.860992
            ],
            [
              -81.65674091826398,
              28.521665516246753,
              5.699721
            ],
            [
              -81.65674177191342,
              28.521669407015473,
              5.636689
            ]
          ]
        ]
      }
    },
    {
      "type": "Feature",
      "id": "1a19d46f-2b7c-4fcb-afe3-9d8c0894ef9b",
      "properties": {
        "name": "NPA33=\"Tree\"",
        "description": "",
        "created": "2025-05-23T21:08:44.765Z",
        "modified": "2025-06-09T05:01:53.930Z",
        "tags": [],
        "color": [
          0.26666666666666666,
          0.5411764705882353,
          1,
          1
        ],
        "cameraPosition": [
          435734.52800979774,
          3155156.938539436,
          8.197394864292576
        ],
        "visible": true,
        "mode": "default",
        "perimeter": 3.867,
        "area": 1.0946479999999998
      },
      "geometry": {
        "type": "Polygon",
        "coordinates": [
          [
            [
              -81.65681168153642,
              28.52158179851528,
              6.586946
            ],
            [
              -81.65681636588349,
              28.521583418759903,
              6.573851
            ],
            [
              -81.65682121448154,
              28.52158212322623,
              6.575013
            ],
            [
              -81.65682216624602,
              28.52157970224355,
              6.641659
            ],
            [
              -81.65682303799137,
              28.52157792969877,
              6.592957
            ],
            [
              -81.65682277654939,
              28.521574645503975,
              6.598528
            ],
            [
              -81.65681574530775,
              28.52157242620367,
              6.65537
            ],
            [
              -81.6568137778927,
              28.521573354988266,
              6.670745
            ],
            [
              -81.6568111379407,
              28.52157567586241,
              6.678134
            ],
            [
              -81.65681127382796,
              28.52157823235151,
              6.631524
            ],
            [
              -81.65681168153642,
              28.52158179851528,
              6.586946
            ]
          ]
        ]
      }
    },
    {
      "type": "Feature",
      "id": "46e9f411-ed0a-468e-9bbf-a6ed3b375aaf",
      "properties": {
        "name": "NPA34=\"Tree\"",
        "description": "",
        "created": "2025-05-23T21:09:23.933Z",
        "modified": "2025-06-09T05:01:51.065Z",
        "tags": [],
        "color": [
          0.26666666666666666,
          0.5411764705882353,
          1,
          1
        ],
        "cameraPosition": [
          435727.82694829424,
          3155158.842493242,
          8.516174778165919
        ],
        "visible": true,
        "mode": "default",
        "perimeter": 2.476,
        "area": 0.42269799999999996
      },
      "geometry": {
        "type": "Polygon",
        "coordinates": [
          [
            [
              -81.65689840211392,
              28.521592362604025,
              6.657015
            ],
            [
              -81.65690135631156,
              28.52159358093078,
              6.668797
            ],
            [
              -81.65690483664126,
              28.521591367041754,
              6.714252
            ],
            [
              -81.65690605557022,
              28.521589356320064,
              6.739312
            ],
            [
              -81.65690600985269,
              28.52158714804431,
              6.712589
            ],
            [
              -81.65690082048435,
              28.521586519579525,
              6.734094
            ],
            [
              -81.65689881533909,
              28.521588983503346,
              6.656723
            ],
            [
              -81.65689840211392,
              28.521592362604025,
              6.657015
            ]
          ]
        ]
      }
    },
    {
      "type": "Feature",
      "id": "7f3295c9-918c-4cae-aac2-292a93d72de5",
      "properties": {
        "name": "NPA35=\"Tree\"",
        "description": "",
        "created": "2025-05-23T21:10:44.894Z",
        "modified": "2025-06-09T05:01:44.544Z",
        "tags": [],
        "color": [
          0.26666666666666666,
          0.5411764705882353,
          1,
          1
        ],
        "cameraPosition": [
          435733.0117965474,
          3155151.443311504,
          11.168980726186305
        ],
        "visible": true,
        "mode": "default",
        "perimeter": 4.764,
        "area": 1.5722049999999999
      },
      "geometry": {
        "type": "Polygon",
        "coordinates": [
          [
            [
              -81.65680567655141,
              28.521531358094943,
              6.932794
            ],
            [
              -81.65681120853912,
              28.521534890602958,
              6.984484
            ],
            [
              -81.65681670490193,
              28.52153388212373,
              7.072878
            ],
            [
              -81.65682217931814,
              28.521532195217592,
              7.123908
            ],
            [
              -81.65682242464382,
              28.52152702711614,
              7.139549
            ],
            [
              -81.6568164688116,
              28.52152380031995,
              7.158339
            ],
            [
              -81.6568133028726,
              28.521522283730537,
              7.162528
            ],
            [
              -81.65680657378493,
              28.52152714671482,
              7.037353
            ],
            [
              -81.65680647343969,
              28.521528641266478,
              7.048493
            ],
            [
              -81.65680567655141,
              28.521531358094943,
              6.932794
            ]
          ]
        ]
      }
    },
    {
      "type": "Feature",
      "id": "18a0c09f-0ce6-40fc-925c-a74b16227487",
      "properties": {
        "name": "NPA36=\"Tree\"",
        "description": "",
        "created": "2025-05-23T21:11:13.576Z",
        "modified": "2025-06-09T05:01:38.926Z",
        "tags": [],
        "color": [
          0.26666666666666666,
          0.5411764705882353,
          1,
          1
        ],
        "cameraPosition": [
          435738.46601344476,
          3155138.457503793,
          16.966366741543496
        ],
        "visible": true,
        "mode": "default",
        "perimeter": 4.372,
        "area": 1.363224
      },
      "geometry": {
        "type": "Polygon",
        "coordinates": [
          [
            [
              -81.6568276876521,
              28.52138477186921,
              8.386914
            ],
            [
              -81.65682745376185,
              28.521390051931665,
              8.315674
            ],
            [
              -81.65683425424179,
              28.52139331074896,
              8.293782
            ],
            [
              -81.65683825918916,
              28.521392807865844,
              8.316847
            ],
            [
              -81.65683969917647,
              28.52139106982505,
              8.335621
            ],
            [
              -81.6568399786463,
              28.5213822165601,
              8.480202
            ],
            [
              -81.65683347825994,
              28.521381447140268,
              8.514301
            ],
            [
              -81.6568293542974,
              28.521382150323216,
              8.44604
            ],
            [
              -81.6568276876521,
              28.52138477186921,
              8.386914
            ]
          ]
        ]
      }
    },
    {
      "type": "Feature",
      "id": "5b02a5f4-ee17-4082-bc5e-976d45b42d13",
      "properties": {
        "name": "NPA37=\"Tree\"",
        "description": "",
        "created": "2025-05-23T21:11:58.585Z",
        "modified": "2025-06-09T05:01:36.269Z",
        "tags": [],
        "color": [
          0.26666666666666666,
          0.5411764705882353,
          1,
          1
        ],
        "cameraPosition": [
          435729.11110084766,
          3155127.2897054637,
          17.031315384614345
        ],
        "visible": true,
        "mode": "default",
        "perimeter": 3.851,
        "area": 0.734169
      },
      "geometry": {
        "type": "Polygon",
        "coordinates": [
          [
            [
              -81.65685328189039,
              28.52135195788692,
              8.803822
            ],
            [
              -81.65685580548002,
              28.521348256444856,
              8.875341
            ],
            [
              -81.65684265643934,
              28.52134184641371,
              8.685868
            ],
            [
              -81.65684141324975,
              28.521347149923084,
              8.66861
            ],
            [
              -81.65685328189039,
              28.52135195788692,
              8.803822
            ]
          ]
        ]
      }
    },
    {
      "type": "Feature",
      "id": "9f5b4a63-5e82-4a38-81c7-1b042bf290f6",
      "properties": {
        "name": "NPA38=\"Tree\"",
        "description": "",
        "created": "2025-05-23T21:12:21.149Z",
        "modified": "2025-06-09T05:01:31.346Z",
        "tags": [],
        "color": [
          0.26666666666666666,
          0.5411764705882353,
          1,
          1
        ],
        "cameraPosition": [
          435726.5845264265,
          3155133.2149517913,
          15.570484453829096
        ],
        "visible": true,
        "mode": "default",
        "perimeter": 6.263,
        "area": 2.5396009999999998
      },
      "geometry": {
        "type": "Polygon",
        "coordinates": [
          [
            [
              -81.65690158241398,
              28.521317637473583,
              8.813386
            ],
            [
              -81.65689523024707,
              28.521313885037834,
              8.872246
            ],
            [
              -81.65688473684403,
              28.521316430838844,
              8.859835
            ],
            [
              -81.65688532986303,
              28.521319544061214,
              8.869008
            ],
            [
              -81.65689154151215,
              28.52133318000956,
              8.943046
            ],
            [
              -81.65690061323303,
              28.521331658037507,
              8.817116
            ],
            [
              -81.65690158241398,
              28.521317637473583,
              8.813386
            ]
          ]
        ]
      }
    },
    {
      "type": "Feature",
      "id": "c97c8cec-d2c3-4a2a-83b0-5eac4704a1d1",
      "properties": {
        "name": "NPA39=\"Tree\"",
        "description": "",
        "created": "2025-05-23T21:13:03.387Z",
        "modified": "2025-06-09T05:01:28.733Z",
        "tags": [],
        "color": [
          0.26666666666666666,
          0.5411764705882353,
          1,
          1
        ],
        "cameraPosition": [
          435730.623282074,
          3155153.2233048202,
          11.865648068867358
        ],
        "visible": true,
        "mode": "default",
        "perimeter": 4.72,
        "area": 1.593966
      },
      "geometry": {
        "type": "Polygon",
        "coordinates": [
          [
            [
              -81.65690260617386,
              28.52151799887398,
              6.781903
            ],
            [
              -81.65690123977375,
              28.52151219805152,
              6.752845
            ],
            [
              -81.65689763030826,
              28.52150873698235,
              6.765675
            ],
            [
              -81.65689214551047,
              28.521510244065933,
              6.747139
            ],
            [
              -81.65688949660012,
              28.52151660953608,
              6.723452
            ],
            [
              -81.65688918775814,
              28.521521610615494,
              6.764095
            ],
            [
              -81.65689388879127,
              28.52152334604243,
              6.833094
            ],
            [
              -81.65689870691514,
              28.521522702594726,
              6.968284
            ],
            [
              -81.65690260617386,
              28.52151799887398,
              6.781903
            ]
          ]
        ]
      }
    },
    {
      "type": "Feature",
      "id": "2ed6bc82-df45-48c2-9f0d-ee9b619ec5a8",
      "properties": {
        "name": "NPA40=\"Tree\"",
        "description": "",
        "created": "2025-05-23T21:13:33.813Z",
        "modified": "2025-06-09T05:01:25.992Z",
        "tags": [],
        "color": [
          0.26666666666666666,
          0.5411764705882353,
          1,
          1
        ],
        "cameraPosition": [
          435715.23141101585,
          3155144.885561986,
          12.00943434566355
        ],
        "visible": true,
        "mode": "default",
        "perimeter": 5.738,
        "area": 2.313762
      },
      "geometry": {
        "type": "Polygon",
        "coordinates": [
          [
            [
              -81.65698275375821,
              28.521413233872508,
              7.578084
            ],
            [
              -81.65697848241555,
              28.521417554053826,
              7.562365
            ],
            [
              -81.65697911859482,
              28.521423373922985,
              7.576538
            ],
            [
              -81.65698552689852,
              28.521425787720034,
              7.545813
            ],
            [
              -81.6569947734131,
              28.521426424795674,
              7.567073
            ],
            [
              -81.65699695788209,
              28.521418468268052,
              7.606106
            ],
            [
              -81.65699147304525,
              28.521410365514225,
              7.593164
            ],
            [
              -81.65698275375821,
              28.521413233872508,
              7.578084
            ]
          ]
        ]
      }
    },
    {
      "type": "Feature",
      "id": "594b7da5-cfb4-4abb-b14e-1be2d98e948f",
      "properties": {
        "name": "NPA41=\"Tree\"",
        "description": "",
        "created": "2025-05-23T21:14:17.608Z",
        "modified": "2025-06-09T05:01:17.066Z",
        "tags": [],
        "color": [
          0.26666666666666666,
          0.5411764705882353,
          1,
          1
        ],
        "cameraPosition": [
          435699.5715155854,
          3155152.726425313,
          11.978742526078634
        ],
        "visible": true,
        "mode": "default",
        "perimeter": 8.481,
        "area": 4.585475
      },
      "geometry": {
        "type": "Polygon",
        "coordinates": [
          [
            [
              -81.6570524374001,
              28.52149893631536,
              6.977086
            ],
            [
              -81.6570461170869,
              28.52150546709748,
              7.03783
            ],
            [
              -81.65704923470783,
              28.521515088452283,
              7.077283
            ],
            [
              -81.65706120046386,
              28.521524968076104,
              7.074637
            ],
            [
              -81.65706735197598,
              28.52151531049358,
              7.193115
            ],
            [
              -81.65707005527126,
              28.521510978279355,
              7.219776
            ],
            [
              -81.6570607872492,
              28.52149431991314,
              6.996917
            ],
            [
              -81.6570524374001,
              28.52149893631536,
              6.977086
            ]
          ]
        ]
      }
    },
    {
      "type": "Feature",
      "id": "e1d80dda-9629-4394-82fb-639553939d05",
      "properties": {
        "name": "NPA42=\"Trees\"",
        "description": "",
        "created": "2025-05-23T21:14:53.398Z",
        "modified": "2025-06-09T05:01:14.273Z",
        "tags": [],
        "color": [
          0.26666666666666666,
          0.5411764705882353,
          1,
          1
        ],
        "cameraPosition": [
          435717.3995248047,
          3155138.849686211,
          12.592675714520311
        ],
        "visible": true,
        "mode": "default",
        "perimeter": 8.888,
        "area": 5.697736
      },
      "geometry": {
        "type": "Polygon",
        "coordinates": [
          [
            [
              -81.65699104556695,
              28.521314776261764,
              8.868343
            ],
            [
              -81.65699203164064,
              28.521322283798096,
              8.750504
            ],
            [
              -81.65700255334583,
              28.521327859322668,
              8.545382
            ],
            [
              -81.6570151706048,
              28.521325016674933,
              8.682816
            ],
            [
              -81.65701761621347,
              28.5213080967955,
              8.935749
            ],
            [
              -81.6570072118613,
              28.52130255050932,
              8.985685
            ],
            [
              -81.65699221324412,
              28.521306703202608,
              8.973342
            ],
            [
              -81.65699104556695,
              28.521314776261764,
              8.868343
            ]
          ]
        ]
      }
    },
    {
      "type": "Feature",
      "id": "40dc11c1-9dfc-4b86-9697-342db90c2117",
      "properties": {
        "name": "NPA43=\"Tree\"",
        "description": "",
        "created": "2025-05-23T21:15:39.648Z",
        "modified": "2025-06-09T05:01:09.025Z",
        "tags": [],
        "color": [
          0.26666666666666666,
          0.5411764705882353,
          1,
          1
        ],
        "cameraPosition": [
          435716.2943480268,
          3155128.1757876626,
          12.993014220185529
        ],
        "visible": true,
        "mode": "default",
        "perimeter": 7.615,
        "area": 4.131589
      },
      "geometry": {
        "type": "Polygon",
        "coordinates": [
          [
            [
              -81.65708395424977,
              28.52133320349625,
              8.6675
            ],
            [
              -81.65709415092685,
              28.521328676582193,
              8.756394
            ],
            [
              -81.65709588354422,
              28.52132325799222,
              8.783629
            ],
            [
              -81.65708888017406,
              28.521318396659137,
              8.887586
            ],
            [
              -81.6570762517749,
              28.52131524058992,
              8.895956
            ],
            [
              -81.65707029213755,
              28.52131710912397,
              8.912591
            ],
            [
              -81.65706766651881,
              28.521324693619903,
              8.788226
            ],
            [
              -81.65706883446967,
              28.521329641189222,
              8.725793
            ],
            [
              -81.65707581249148,
              28.521333976233088,
              8.663618
            ],
            [
              -81.65708395424977,
              28.52133320349625,
              8.6675
            ]
          ]
        ]
      }
    },
    {
      "type": "Feature",
      "id": "7a549cdb-2ba9-448d-b607-b52f0f61b6e8",
      "properties": {
        "name": "NPA44=\"Trees\"",
        "description": "",
        "created": "2025-05-23T21:16:30.105Z",
        "modified": "2025-06-09T05:01:06.286Z",
        "tags": [],
        "color": [
          0.26666666666666666,
          0.5411764705882353,
          1,
          1
        ],
        "cameraPosition": [
          435696.4744188519,
          3155129.412356987,
          17.234145521795156
        ],
        "visible": true,
        "mode": "default",
        "perimeter": 13.964,
        "area": 9.999267
      },
      "geometry": {
        "type": "Polygon",
        "coordinates": [
          [
            [
              -81.65714887012926,
              28.521318458194937,
              8.826346
            ],
            [
              -81.65715359940499,
              28.521324905539245,
              8.76569
            ],
            [
              -81.65716099415168,
              28.521329729610805,
              8.697539
            ],
            [
              -81.65717867215054,
              28.521329366810345,
              8.706445
            ],
            [
              -81.6571812441348,
              28.521314812277307,
              8.919473
            ],
            [
              -81.6571760664573,
              28.521305827819987,
              9.202796
            ],
            [
              -81.65716609732647,
              28.521305273006345,
              9.147688
            ],
            [
              -81.6571488171271,
              28.521304783433546,
              9.103296
            ],
            [
              -81.65713639214745,
              28.521302506430523,
              9.18198
            ],
            [
              -81.65712915118286,
              28.52130348242692,
              9.070138
            ],
            [
              -81.6571279578358,
              28.521310362553276,
              8.874912
            ],
            [
              -81.6571401040271,
              28.521314259381352,
              8.905439
            ],
            [
              -81.65714887012926,
              28.521318458194937,
              8.826346
            ]
          ]
        ]
      }
    },
    {
      "type": "Feature",
      "id": "9ff30ca4-727b-4535-91b8-e22a23547c2d",
      "properties": {
        "name": "NPA45=\"Tree\"",
        "description": "",
        "created": "2025-05-23T21:17:39.255Z",
        "modified": "2025-06-09T05:01:00.442Z",
        "tags": [],
        "color": [
          0.26666666666666666,
          0.5411764705882353,
          1,
          1
        ],
        "cameraPosition": [
          435683.16761865537,
          3155143.0325333336,
          12.306318152028993
        ],
        "visible": true,
        "mode": "default",
        "perimeter": 7.845,
        "area": 4.394941
      },
      "geometry": {
        "type": "Polygon",
        "coordinates": [
          [
            [
              -81.65735055954403,
              28.521481518898756,
              7.965072
            ],
            [
              -81.65734792411887,
              28.521488717618727,
              7.916327
            ],
            [
              -81.65735173396232,
              28.52149646139052,
              7.900014
            ],
            [
              -81.65736085063205,
              28.52150330171434,
              7.829996
            ],
            [
              -81.65736941726888,
              28.521502095249534,
              7.804267
            ],
            [
              -81.6573734697898,
              28.521497450239064,
              7.989395
            ],
            [
              -81.65737081863296,
              28.52148872135617,
              8.032303
            ],
            [
              -81.65736286533843,
              28.52148095120268,
              8.059222
            ],
            [
              -81.65735055954403,
              28.521481518898756,
              7.965072
            ]
          ]
        ]
      }
    },
    {
      "type": "Feature",
      "id": "f1615881-f822-4cf6-9b5a-b6448a94f664",
      "properties": {
        "name": "NPA46=\"Tree\"",
        "description": "",
        "created": "2025-05-23T21:17:59.619Z",
        "modified": "2025-06-09T05:00:57.586Z",
        "tags": [],
        "color": [
          0.26666666666666666,
          0.5411764705882353,
          1,
          1
        ],
        "cameraPosition": [
          435680.411749601,
          3155142.3459551153,
          16.60300393252605
        ],
        "visible": true,
        "mode": "default",
        "perimeter": 28.396,
        "area": 53.729613
      },
      "geometry": {
        "type": "Polygon",
        "coordinates": [
          [
            [
              -81.65733518250788,
              28.521540513788743,
              7.586423
            ],
            [
              -81.65732619331602,
              28.52152376721412,
              7.610164
            ],
            [
              -81.65731827456997,
              28.521507909359503,
              7.820367
            ],
            [
              -81.65729243037362,
              28.52150683631522,
              8.014331
            ],
            [
              -81.65727347647251,
              28.521535866694446,
              7.29697
            ],
            [
              -81.65725983789163,
              28.521566402403035,
              7.113948
            ],
            [
              -81.65729826521324,
              28.521604245300825,
              6.644419
            ],
            [
              -81.65733351084869,
              28.52157970868946,
              7.331613
            ],
            [
              -81.65733518250788,
              28.521540513788743,
              7.586423
            ]
          ]
        ]
      }
    },
    {
      "type": "Feature",
      "id": "d4990413-a9a1-4100-b424-a6fa03aca129",
      "properties": {
        "name": "NPA47=\"Tree\"",
        "description": "",
        "created": "2025-05-23T21:18:55.669Z",
        "modified": "2025-06-09T05:00:55.045Z",
        "tags": [],
        "color": [
          0.26666666666666666,
          0.5411764705882353,
          1,
          1
        ],
        "cameraPosition": [
          435683.87455195206,
          3155165.325941512,
          17.722967300457356
        ],
        "visible": true,
        "mode": "default",
        "perimeter": 18.363,
        "area": 23.535359
      },
      "geometry": {
        "type": "Polygon",
        "coordinates": [
          [
            [
              -81.65727185176446,
              28.52162183148512,
              6.586878
            ],
            [
              -81.65726593493865,
              28.52163635744021,
              6.550221
            ],
            [
              -81.65726814782569,
              28.521655726849296,
              6.512431
            ],
            [
              -81.6572931141988,
              28.521659529829474,
              6.353027
            ],
            [
              -81.6573083447016,
              28.52165718302454,
              6.298612
            ],
            [
              -81.65731005344512,
              28.52164326490344,
              6.414353
            ],
            [
              -81.65731756976065,
              28.52162872454618,
              6.579296
            ],
            [
              -81.65731938891699,
              28.52162010186352,
              6.748256
            ],
            [
              -81.6573126591508,
              28.521609431897968,
              6.940561
            ],
            [
              -81.65730092391168,
              28.521606718140273,
              6.832321
            ],
            [
              -81.65728237285961,
              28.521608719615255,
              6.671461
            ],
            [
              -81.65727185176446,
              28.52162183148512,
              6.586878
            ]
          ]
        ]
      }
    },
    {
      "type": "Feature",
      "id": "cfa46c8b-69e3-446b-ab11-8da3d5e5d539",
      "properties": {
        "name": "1",
        "description": "",
        "created": "2025-05-23T19:00:40.500Z",
        "modified": "2025-05-23T20:34:28.448Z",
        "tags": [],
        "color": [
          1,
          0.9019607843137255,
          0,
          1
        ],
        "cameraPosition": [
          435713.0360819812,
          3155136.1445522853,
          12.521523264709884
        ],
        "visible": true,
        "latitude": 28.52143294274293,
        "longitude": -81.65699659221985,
        "elevation": 7.452
      },
      "geometry": {
        "type": "Point",
        "coordinates": [
          -81.65699659221985,
          28.52143294274293,
          7.452305
        ]
      }
    },
    {
      "type": "Feature",
      "id": "e9ca96ab-1e3c-43c1-a0d4-57622f0ab65c",
      "properties": {
        "name": "29",
        "description": "",
        "created": "2025-05-23T18:45:20.128Z",
        "modified": "2025-05-23T20:35:04.597Z",
        "tags": [],
        "color": [
          1,
          0.9019607843137255,
          0,
          1
        ],
        "cameraPosition": [
          435685.99622277997,
          3155180.329856181,
          5.958971520432868
        ],
        "visible": true,
        "latitude": 28.521773976132952,
        "longitude": -81.6572970508377,
        "elevation": 5.505
      },
      "geometry": {
        "type": "Point",
        "coordinates": [
          -81.6572970508377,
          28.521773976132952,
          5.504501
        ]
      }
    },
    {
      "type": "Feature",
      "id": "05f1f867-a937-4ca4-84d6-539ea5ec3b33",
      "properties": {
        "name": "11",
        "description": "",
        "created": "2025-05-23T18:53:14.210Z",
        "modified": "2025-05-23T20:34:48.815Z",
        "tags": [],
        "color": [
          1,
          0.9019607843137255,
          0,
          1
        ],
        "cameraPosition": [
          435673.6678758558,
          3155128.06396769,
          11.887671344472835
        ],
        "visible": true,
        "latitude": 28.521314908241006,
        "longitude": -81.65742411256167,
        "elevation": 9.016
      },
      "geometry": {
        "type": "Point",
        "coordinates": [
          -81.65742411256167,
          28.521314908241006,
          9.015625
        ]
      }
    },
    {
      "type": "Feature",
      "id": "3cc98e4c-df63-499f-a075-0a036db8318c",
      "properties": {
        "name": "UF Soil Lab Test ID 17",
        "description": "M3_K (mg/kg)\t         = 36.54\nNH4-N (mg/kg)\t         = 1.21\nNO3-N (mg/kg)\t         = 1.11\nOrganic_Matter (%)\t = 0.96\nM3_P (mg/kg)\t         = 75.2\npH_H2O_1:2* (0-14)     = 6.54\n\t\t\t\t\t\n\t\t\t\t5\t6.64",
        "created": "2025-05-22T07:16:45.861Z",
        "modified": "2025-05-22T07:20:04.374Z",
        "tags": [],
        "color": [
          1,
          0.9019607843137255,
          0,
          1
        ],
        "cameraPosition": [
          435698.43102905067,
          3155125.910717427,
          10.175258573161045
        ],
        "visible": true,
        "latitude": 28.521286003007955,
        "longitude": -81.65716572470656,
        "elevation": 9.198
      },
      "geometry": {
        "type": "Point",
        "coordinates": [
          -81.65716572470656,
          28.521286003007955,
          9.197929
        ]
      }
    },
    {
      "type": "Feature",
      "id": "54d57a7d-89d0-40b1-9c04-1de9576c434a",
      "properties": {
        "name": "14",
        "description": "",
        "created": "2025-05-23T18:54:55.578Z",
        "modified": "2025-05-23T20:34:46.561Z",
        "tags": [],
        "color": [
          1,
          0.9019607843137255,
          0,
          1
        ],
        "cameraPosition": [
          435697.08918918914,
          3155131.028112898,
          17.572423079413312
        ],
        "visible": true,
        "latitude": 28.52135097530059,
        "longitude": -81.65716315616272,
        "elevation": 8.249
      },
      "geometry": {
        "type": "Point",
        "coordinates": [
          -81.65716315616272,
          28.52135097530059,
          8.249451
        ]
      }
    },
    {
      "type": "Feature",
      "id": "1ff0004f-7ba4-4f2d-a8e8-81ee48afc0be",
      "properties": {
        "name": "28",
        "description": "",
        "created": "2025-05-23T18:55:18.426Z",
        "modified": "2025-05-23T20:34:44.298Z",
        "tags": [],
        "color": [
          1,
          0.9019607843137255,
          0,
          1
        ],
        "cameraPosition": [
          435705.07629651064,
          3155132.961680522,
          10.65259798795995
        ],
        "visible": true,
        "latitude": 28.52135219481577,
        "longitude": -81.65707577047723,
        "elevation": 7.964
      },
      "geometry": {
        "type": "Point",
        "coordinates": [
          -81.65707577047723,
          28.52135219481577,
          7.963676
        ]
      }
    },
    {
      "type": "Feature",
      "id": "79025ee2-7e80-4aca-adfd-12cfc4ce3327",
      "properties": {
        "name": "12",
        "description": "",
        "created": "2025-05-23T18:56:47.143Z",
        "modified": "2025-05-23T20:34:41.998Z",
        "tags": [],
        "color": [
          1,
          0.9019607843137255,
          0,
          1
        ],
        "cameraPosition": [
          435673.50143198983,
          3155133.5144260954,
          12.07898842418065
        ],
        "visible": true,
        "latitude": 28.52135715521074,
        "longitude": -81.65739964106594,
        "elevation": 8.763
      },
      "geometry": {
        "type": "Point",
        "coordinates": [
          -81.65739964106594,
          28.52135715521074,
          8.763439
        ]
      }
    },
    {
      "type": "Feature",
      "id": "44bbebcb-85d5-4b1c-bc88-3d69226d3248",
      "properties": {
        "name": "36",
        "description": "",
        "created": "2025-05-23T18:59:47.747Z",
        "modified": "2025-05-23T20:34:30.744Z",
        "tags": [],
        "color": [
          1,
          0.9019607843137255,
          0,
          1
        ],
        "cameraPosition": [
          435704.0518384032,
          3155135.223378947,
          12.558759459209938
        ],
        "visible": true,
        "latitude": 28.52134628244099,
        "longitude": -81.65700718683041,
        "elevation": 7.932
      },
      "geometry": {
        "type": "Point",
        "coordinates": [
          -81.65700718683041,
          28.52134628244099,
          7.932354
        ]
      }
    },
    {
      "type": "Feature",
      "id": "b0f6f60e-dcad-4d4e-be08-b54ab5302234",
      "properties": {
        "name": "35",
        "description": "",
        "created": "2025-05-23T19:01:54.355Z",
        "modified": "2025-05-23T20:34:26.141Z",
        "tags": [],
        "color": [
          1,
          0.9019607843137255,
          0,
          1
        ],
        "cameraPosition": [
          435723.16768162494,
          3155136.736540775,
          9.017118606397744
        ],
        "visible": true,
        "latitude": 28.52135374818039,
        "longitude": -81.65690141740465,
        "elevation": 8.449
      },
      "geometry": {
        "type": "Point",
        "coordinates": [
          -81.65690141740465,
          28.52135374818039,
          8.449337
        ]
      }
    },
    {
      "type": "Feature",
      "id": "c7f63a56-0382-47c1-86ca-ef0e09799076",
      "properties": {
        "name": "17",
        "description": "",
        "created": "2025-05-23T19:04:13.097Z",
        "modified": "2025-05-23T20:34:17.065Z",
        "tags": [],
        "color": [
          1,
          0.9019607843137255,
          0,
          1
        ],
        "cameraPosition": [
          435708.7809328166,
          3155121.547508133,
          14.073262737145171
        ],
        "visible": true,
        "latitude": 28.52128534627607,
        "longitude": -81.65699909305766,
        "elevation": 9.119
      },
      "geometry": {
        "type": "Point",
        "coordinates": [
          -81.65699909305766,
          28.52128534627607,
          9.11853
        ]
      }
    },
    {
      "type": "Feature",
      "id": "6000b013-7a8d-4036-9c2d-c840a6ae6203",
      "properties": {
        "name": "15",
        "description": "",
        "created": "2025-05-23T19:04:59.204Z",
        "modified": "2025-05-23T20:34:14.806Z",
        "tags": [],
        "color": [
          1,
          0.9019607843137255,
          0,
          1
        ],
        "cameraPosition": [
          435698.13989389583,
          3155123.8147951374,
          11.192446868281266
        ],
        "visible": true,
        "latitude": 28.521286358953674,
        "longitude": -81.6571656288646,
        "elevation": 9.198
      },
      "geometry": {
        "type": "Point",
        "coordinates": [
          -81.6571656288646,
          28.521286358953674,
          9.197815
        ]
      }
    },
    {
      "type": "Feature",
      "id": "269485fa-4018-4727-a95e-0bb5ee60a7db",
      "properties": {
        "name": "18",
        "description": "",
        "created": "2025-05-23T19:06:24.726Z",
        "modified": "2025-05-23T20:34:07.796Z",
        "tags": [],
        "color": [
          1,
          0.9019607843137255,
          0,
          1
        ],
        "cameraPosition": [
          435733.4864222126,
          3155120.7413202524,
          14.662124736781706
        ],
        "visible": true,
        "latitude": 28.521291443053315,
        "longitude": -81.65679885076133,
        "elevation": 8.805
      },
      "geometry": {
        "type": "Point",
        "coordinates": [
          -81.65679885076133,
          28.521291443053315,
          8.805099
        ]
      }
    },
    {
      "type": "Feature",
      "id": "cd22a034-a498-4e6e-be36-725dc54b126e",
      "properties": {
        "name": "19",
        "description": "",
        "created": "2025-05-23T19:07:09.373Z",
        "modified": "2025-05-23T20:34:05.520Z",
        "tags": [],
        "color": [
          1,
          0.9019607843137255,
          0,
          1
        ],
        "cameraPosition": [
          435737.538372465,
          3155142.2037041876,
          10.647083382837565
        ],
        "visible": true,
        "latitude": 28.5214236116384,
        "longitude": -81.65679046765631,
        "elevation": 7.694
      },
      "geometry": {
        "type": "Point",
        "coordinates": [
          -81.65679046765631,
          28.5214236116384,
          7.694348
        ]
      }
    },
    {
      "type": "Feature",
      "id": "bd1bbbc4-1366-4edf-adce-0bff2880081f",
      "properties": {
        "name": "20",
        "description": "",
        "created": "2025-05-23T19:07:57.094Z",
        "modified": "2025-05-23T20:34:01.103Z",
        "tags": [],
        "color": [
          1,
          0.9019607843137255,
          0,
          1
        ],
        "cameraPosition": [
          435741.7904682258,
          3155160.7066746303,
          14.322987634454066
        ],
        "visible": true,
        "latitude": 28.521601920829788,
        "longitude": -81.65678473208033,
        "elevation": 6.478
      },
      "geometry": {
        "type": "Point",
        "coordinates": [
          -81.65678473208033,
          28.521601920829788,
          6.477612
        ]
      }
    },
    {
      "type": "Feature",
      "id": "e237f68e-e600-45c6-9bb1-c5a8d3e09e2f",
      "properties": {
        "name": "21",
        "description": "",
        "created": "2025-05-23T19:10:09.164Z",
        "modified": "2025-05-23T20:33:50.000Z",
        "tags": [],
        "color": [
          1,
          0.9019607843137255,
          0,
          1
        ],
        "cameraPosition": [
          435736.9342012651,
          3155181.6272761365,
          6.652964134323213
        ],
        "visible": true,
        "latitude": 28.52179067743794,
        "longitude": -81.6567859672725,
        "elevation": 4.276
      },
      "geometry": {
        "type": "Point",
        "coordinates": [
          -81.6567859672725,
          28.52179067743794,
          4.275514
        ]
      }
    },
    {
      "type": "Feature",
      "id": "aaed09a4-189c-4529-a9e4-12c7da572bd2",
      "properties": {
        "name": "22",
        "description": "",
        "created": "2025-05-23T19:11:18.034Z",
        "modified": "2025-05-23T20:33:47.710Z",
        "tags": [],
        "color": [
          1,
          0.9019607843137255,
          0,
          1
        ],
        "cameraPosition": [
          435737.3995968694,
          3155203.0111565255,
          4.49734226125733
        ],
        "visible": true,
        "latitude": 28.521948988691136,
        "longitude": -81.6567770017894,
        "elevation": 2.607
      },
      "geometry": {
        "type": "Point",
        "coordinates": [
          -81.6567770017894,
          28.521948988691136,
          2.607071
        ]
      }
    },
    {
      "type": "Feature",
      "id": "35fdda54-0bf1-4cdb-a574-ae36ff1ed645",
      "properties": {
        "name": "27",
        "description": "",
        "created": "2025-05-23T19:11:44.777Z",
        "modified": "2025-05-23T20:33:45.452Z",
        "tags": [],
        "color": [
          1,
          0.9019607843137255,
          0,
          1
        ],
        "cameraPosition": [
          435717.1596435449,
          3155192.163602755,
          7.112903394464595
        ],
        "visible": true,
        "latitude": 28.521847770721024,
        "longitude": -81.65699361999019,
        "elevation": 5.205
      },
      "geometry": {
        "type": "Point",
        "coordinates": [
          -81.65699361999019,
          28.521847770721024,
          5.204857
        ]
      }
    },
    {
      "type": "Feature",
      "id": "76b41b2a-ca94-4766-b09a-ec4fda572e09",
      "properties": {
        "name": "32",
        "description": "",
        "created": "2025-05-23T19:15:51.140Z",
        "modified": "2025-05-23T20:33:40.013Z",
        "tags": [],
        "color": [
          1,
          0.9019607843137255,
          0,
          1
        ],
        "cameraPosition": [
          435719.29257357464,
          3155209.57795538,
          7.886117526520991
        ],
        "visible": true,
        "latitude": 28.521953627092383,
        "longitude": -81.65697884479673,
        "elevation": 3.0460000000000003
      },
      "geometry": {
        "type": "Point",
        "coordinates": [
          -81.65697884479673,
          28.521953627092383,
          3.045952
        ]
      }
    },
    {
      "type": "Feature",
      "id": "8223959c-44fa-4c58-a0b8-382c7b0b59c4",
      "properties": {
        "name": "31",
        "description": "",
        "created": "2025-05-23T19:16:38.717Z",
        "modified": "2025-05-23T20:33:37.736Z",
        "tags": [],
        "color": [
          1,
          0.9019607843137255,
          0,
          1
        ],
        "cameraPosition": [
          435699.35267036554,
          3155203.5187271833,
          8.799467741552291
        ],
        "visible": true,
        "latitude": 28.521978659299844,
        "longitude": -81.65720828116092,
        "elevation": 2.559
      },
      "geometry": {
        "type": "Point",
        "coordinates": [
          -81.65720828116092,
          28.521978659299844,
          2.558517
        ]
      }
    },
    {
      "type": "Feature",
      "id": "0f83ec3f-9768-4a7a-af2c-e0a5ccc5d9c1",
      "properties": {
        "name": "26",
        "description": "",
        "created": "2025-05-23T19:17:07.836Z",
        "modified": "2025-05-23T20:33:05.190Z",
        "tags": [],
        "color": [
          1,
          0.9019607843137255,
          0,
          1
        ],
        "cameraPosition": [
          435694.3200959671,
          3155193.329244649,
          10.335487189114247
        ],
        "visible": true,
        "latitude": 28.521856666339566,
        "longitude": -81.65728090577204,
        "elevation": 4.456
      },
      "geometry": {
        "type": "Point",
        "coordinates": [
          -81.65728090577204,
          28.521856666339566,
          4.455986
        ]
      }
    },
    {
      "type": "Feature",
      "id": "abc7f363-b4ec-4d0e-8a42-4199c8d6f866",
      "properties": {
        "name": "30",
        "description": "",
        "created": "2025-05-23T19:22:00.346Z",
        "modified": "2025-05-23T20:33:02.809Z",
        "tags": [],
        "color": [
          1,
          0.9019607843137255,
          0,
          1
        ],
        "cameraPosition": [
          435682.23421136173,
          3155168.5108094634,
          13.06253491697285
        ],
        "visible": true,
        "latitude": 28.521590777134858,
        "longitude": -81.65735681399067,
        "elevation": 6.997
      },
      "geometry": {
        "type": "Point",
        "coordinates": [
          -81.65735681399067,
          28.521590777134858,
          6.997395
        ]
      }
    }
  ]
}