species_name	gbif_species_key	gbif_species_url	photo_1_mature_overall	photo_2_mature_overall	photo_3_flower_very_close_up	photo_4_flower_moderate_close_up	photo_5_unique_feature_photo_wildcard	photo_6_spring_feature	photo_7_summer_feature	photo_8_fall_feature	photo_9_winter_feature	total_number_of_SKUs	number_of_nursery_suppliers	nursery_to_SKU_count	original_name_summary	size_summary	quantity_summary	
Serenoa repens	2735055	https://www.gbif.org/species/2735055	https://inaturalist-open-data.s3.amazonaws.com/photos/461136558/original.jpeg	https://inaturalist-open-data.s3.amazonaws.com/photos/461527251/original.jpeg	https://inaturalist-open-data.s3.amazonaws.com/photos/466590592/original.jpeg	https://inaturalist-open-data.s3.amazonaws.com/photos/344523279/original.jpg	https://inaturalist-open-data.s3.amazonaws.com/photos/464159298/original.jpg	https://www.gbif.org/occurrence/5087700362	https://www.gbif.org/occurrence/4937186099	https://www.gbif.org/occurrence/4987401114	https://www.gbif.org/occurrence/5063227834	24	5	Coastal Botanics:11 | EarthBalance / Green Seasons:5 | Green Isle Gardens:4 | Cherrylake:2 | The Natives:2	"Serenoa repens":14 | "Serenoa repens 'Silver'":10	"3g":9 | "7g":6 | "15g":3 | "g":3 | "30g":2 | "3g+":1	"_":18 | "C":4 | "L":1 | "M":1	
Quercus virginiana	2878092	https://www.gbif.org/species/2878092	https://www.gbif.org/occurrence/5063554285	https://www.gbif.org/occurrence/5069924451	https://www.gbif.org/occurrence/4525155373	https://www.gbif.org/occurrence/5087607132	https://www.gbif.org/occurrence/5063614676	https://www.gbif.org/occurrence/4847127911	https://www.gbif.org/occurrence/2868254063	https://www.gbif.org/occurrence/4994511552	https://www.gbif.org/occurrence/3994056771	23	3	Marshall Tree Farm:13 | Cherrylake:8 | McKeithen Growers:2	"Quercus virginiana ":17 | "Quercus virginiana 'Cathedral'":4 | "Quercus virginiana 'Highrise'":1 | "Quercus virginiana 'Skyclimber'":1	"FG":10 | "_":5 | "45g":3 | "100g":2 | "200g":1 | "30g":1 | "7g":1	"_":22 | "C":1	
Viburnum obovatum	2888620	https://www.gbif.org/species/2888620	https://inaturalist-open-data.s3.amazonaws.com/photos/473029919/original.jpeg	https://inaturalist-open-data.s3.amazonaws.com/photos/473029887/original.jpeg	https://inaturalist-open-data.s3.amazonaws.com/photos/256997790/original.jpg	https://inaturalist-open-data.s3.amazonaws.com/photos/473029567/original.jpeg	https://inaturalist-open-data.s3.amazonaws.com/photos/256997785/original.jpg	https://www.gbif.org/occurrence/4535747732	https://www.gbif.org/occurrence/2856622798	https://www.gbif.org/occurrence/4910772456	https://www.gbif.org/occurrence/4028615041	20	4	EarthBalance / Green Seasons:13 | Green Isle Gardens:4 | The Natives:2 | McKeithen Growers:1	"Viburnum obovatum":11 | "Viburnum obovatum 'Withlacoochee'":7 | "Viburnum obovatum 'Mrs. Schiller's Delight'":1 | "Viburnum obovatum (compact form)":1	"3g":11 | "7g":4 | "15g":3 | "3g+":1 | "g":1	"_":11 | "M":4 | "L":3 | "C":2	
Pinus elliottii	5285777	https://www.gbif.org/species/5285777	https://www.gbif.org/occurrence/5008153337	https://www.gbif.org/occurrence/5076782184	https://www.gbif.org/occurrence/5088141445	https://www.gbif.org/occurrence/5063084264	https://www.gbif.org/occurrence/5108109686	https://www.gbif.org/occurrence/5087635998	https://www.gbif.org/occurrence/4145418923	https://www.gbif.org/occurrence/4416966246	https://www.gbif.org/occurrence/5063760302	19	5	Cherrylake:6 | Marshall Tree Farm:5 | McKeithen Growers:4 | The Natives:3 | EarthBalance / Green Seasons:1	"Pinus elliottii var. densa":10 | "Pinus elliottii":9	"FG":7 | "3g":4 | "30g":3 | "15g":2 | "45g":1 | "7g":1 | "g":1	"_":15 | "C":2 | "L":1 | "M":1	
Muhlenbergia capillaris	2704016	https://www.gbif.org/species/2704016	https://www.gbif.org/occurrence/4145569501	https://www.gbif.org/occurrence/4431223097	https://www.gbif.org/occurrence/3070323271	https://www.gbif.org/occurrence/4950145571	https://www.gbif.org/occurrence/2988460900	https://www.gbif.org/occurrence/3058779288	https://www.gbif.org/occurrence/3384709713	https://www.gbif.org/occurrence/3947559053	https://www.gbif.org/occurrence/3032117770	17	5	EarthBalance / Green Seasons:8 | Beeman's Nursery:3 | Cherrylake:2 | Green Isle Gardens:2 | The Natives:2	"Muhlenbergia capillaris":17	"g":6 | "3g":4 | "4 inch":4 | "LN":2 | "TT":1	"_":10 | "M":6 | "C":1	
Myrcianthes fragrans	9920389	https://www.gbif.org/species/9920389	https://inaturalist-open-data.s3.amazonaws.com/photos/409588853/original.jpeg	https://inaturalist-open-data.s3.amazonaws.com/photos/271697603/original.jpg	https://inaturalist-open-data.s3.amazonaws.com/photos/289341159/original.jpeg	https://inaturalist-open-data.s3.amazonaws.com/photos/280377184/original.jpg	https://inaturalist-open-data.s3.amazonaws.com/photos/267966734/original.jpg	https://www.gbif.org/occurrence/4919186119	https://www.gbif.org/occurrence/4137600982	https://www.gbif.org/occurrence/3985873888	https://www.gbif.org/occurrence/2550120809	15	4	EarthBalance / Green Seasons:10 | Green Isle Gardens:2 | The Natives:2 | McKeithen Growers:1	"Myrcianthes fragrans":11 | "Myrcianthes fragrans 'Show Stopper'":2 | "Myrcianthes fragrans 'Stoppermorph'":2	"3g":7 | "7g":5 | "g":2 | "15g":1	"_":11 | "C":4	
Spartina bakeri	5290039	https://www.gbif.org/species/5290039	https://www.gbif.org/occurrence/4519067301	https://www.gbif.org/occurrence/5087745752	https://www.gbif.org/occurrence/4919521401	https://www.gbif.org/occurrence/4535636650	https://www.gbif.org/occurrence/4872449646	https://www.gbif.org/occurrence/4607480542	https://www.gbif.org/occurrence/4945726508	https://www.gbif.org/occurrence/3031828170	https://www.gbif.org/occurrence/4522685744	14	5	EarthBalance / Green Seasons:8 | Beeman's Nursery:2 | Green Isle Gardens:2 | Cherrylake:1 | The Natives:1	"Spartina bakeri ":14	"g":6 | "3g":3 | "4 inch":3 | "LN":2	"M":6 | "_":6 | "C":2	Synonym of Sporobolus bakeri (Merr.) P.M.Peterson & Saarela
Ilex vomitoria	5414250	https://www.gbif.org/species/5414250	https://inaturalist-open-data.s3.amazonaws.com/photos/460981885/original.jpeg	https://inaturalist-open-data.s3.amazonaws.com/photos/461022397/original.jpg	https://inaturalist-open-data.s3.amazonaws.com/photos/463750615/original.jpeg	https://inaturalist-open-data.s3.amazonaws.com/photos/461192849/original.jpeg	https://inaturalist-open-data.s3.amazonaws.com/photos/481493319/original.jpeg	https://www.gbif.org/occurrence/4607093668	https://www.gbif.org/occurrence/4902086799	https://www.gbif.org/occurrence/4982346438	https://www.gbif.org/occurrence/5006793129	11	5	EarthBalance / Green Seasons:3 | Marshall Tree Farm:3 | McKeithen Growers:2 | The Natives:2 | Green Isle Gardens:1	"Ilex vomitoria":11	"15g":3 | "3g":3 | "_":2 | "7g":1 | "FG":1 | "g":1	"_":8 | "C":2 | "L":1	
Pinus palustris	5285816	https://www.gbif.org/species/5285816	https://www.gbif.org/occurrence/5063054182	https://www.gbif.org/occurrence/5140137141	https://www.gbif.org/occurrence/4600172198	https://www.gbif.org/occurrence/4516804712	https://www.gbif.org/occurrence/5134226937	https://www.gbif.org/occurrence/5140063893	https://www.gbif.org/occurrence/4908716435	https://www.gbif.org/occurrence/5007201784	https://www.gbif.org/occurrence/4011677878	10	4	Green Isle Gardens:3 | The Natives:3 | Cherrylake:2 | McKeithen Growers:2	"Pinus palustris":10	"3g":4 | "15g":2 | "30g":1 | "45g":1 | "7g":1 | "g":1	"_":7 | "C":2 | "M":1	
Ilex cassine	5414255	https://www.gbif.org/species/5414255	https://www.gbif.org/occurrence/4901170745	https://www.gbif.org/occurrence/4908198126	https://www.gbif.org/occurrence/4847236040	https://www.gbif.org/occurrence/4525162447	https://www.gbif.org/occurrence/4950576115	https://www.gbif.org/occurrence/5134005306	https://www.gbif.org/occurrence/4946406790	https://www.gbif.org/occurrence/4424394888	https://www.gbif.org/occurrence/4994299897	10	4	McKeithen Growers:5 | Marshall Tree Farm:3 | Cherrylake:1 | The Natives:1	"Ilex cassine":10	"_":3 | "7g":2 | "15g":1 | "30g":1 | "3g":1 | "45g":1 | "FG":1	"_":8 | "C":2	
Liquidambar styraciflua	3152824	https://www.gbif.org/species/3152824	https://www.gbif.org/occurrence/4852418606	https://www.gbif.org/occurrence/4852993982	https://www.gbif.org/occurrence/4946330138	https://www.gbif.org/occurrence/5087418931	https://www.gbif.org/occurrence/5088153843	https://www.gbif.org/occurrence/5088089096	https://www.gbif.org/occurrence/4909210866	https://www.gbif.org/occurrence/3988660708	https://www.gbif.org/occurrence/4535813193	10	2	McKeithen Growers:6 | Marshall Tree Farm:4	"Liquidambar styraciflua":10	"_":3 | "100g":1 | "15g":1 | "30g":1 | "3g":1 | "45g":1 | "7g":1 | "FG":1	"_":9 | "C":1	
Rhapidophyllum hystrix	5293826	https://www.gbif.org/species/5293826	https://www.gbif.org/occurrence/4606988750	https://www.gbif.org/occurrence/4952458991	https://www.gbif.org/occurrence/4919598812	https://www.gbif.org/occurrence/3039335655	https://www.gbif.org/occurrence/4919110143	https://www.gbif.org/occurrence/5087607771	https://www.gbif.org/occurrence/4946559769	https://www.gbif.org/occurrence/4919666992	https://www.gbif.org/occurrence/4518945027	10	3	Coastal Botanics:6 | Cherrylake:3 | McKeithen Growers:1	"Rhapidophyllum hystrix":10	"7g":3 | "15g":2 | "100g":1 | "30g":1 | "3g":1 | "65g":1 | "FG":1	"_":10	
Hamelia patens	2902066	https://www.gbif.org/species/2902066	https://www.gbif.org/occurrence/5140997600	https://www.gbif.org/occurrence/4525055046	https://www.gbif.org/occurrence/4607075414	https://www.gbif.org/occurrence/4855485229	https://www.gbif.org/occurrence/4854895016	https://www.gbif.org/occurrence/5141018764	https://www.gbif.org/occurrence/4919715703	https://www.gbif.org/occurrence/4458438359	https://www.gbif.org/occurrence/4950153819	9	3	EarthBalance / Green Seasons:6 | The Natives:2 | Green Isle Gardens:1	"Hamelia patens":8 | "Hamelia patens 'Calusa'":1	"3g":6 | "g":3	"C":5 | "_":3 | "L":1	
Zamia integrifolia	5284049	https://www.gbif.org/species/5284049	https://www.gbif.org/occurrence/5077122172	https://www.gbif.org/occurrence/5133607949	https://www.gbif.org/occurrence/5007738387	https://www.gbif.org/occurrence/4512384584	https://www.gbif.org/occurrence/4607641613	https://www.gbif.org/occurrence/4852000590	https://www.gbif.org/occurrence/4909278422	https://www.gbif.org/occurrence/3456512451	https://www.gbif.org/occurrence/3031801611	9	5	EarthBalance / Green Seasons:3 | Coastal Botanics:2 | Green Isle Gardens:2 | Cherrylake:1 | The Natives:1	"Zamia integrifolia":9	"3g":5 | "g":3 | "7g":1	"_":6 | "C":2 | "L":1	
Tripsacum dactyloides	2705536	https://www.gbif.org/species/2705536	https://inaturalist-open-data.s3.amazonaws.com/photos/364474784/original.jpg	https://inaturalist-open-data.s3.amazonaws.com/photos/369784176/original.jpeg	https://inaturalist-open-data.s3.amazonaws.com/photos/368320138/original.jpeg	https://inaturalist-open-data.s3.amazonaws.com/photos/370532644/original.jpeg	https://inaturalist-open-data.s3.amazonaws.com/photos/367676168/original.jpg	https://www.gbif.org/occurrence/4919712117	https://www.gbif.org/occurrence/2802792749	https://www.gbif.org/occurrence/2883240365	https://www.gbif.org/occurrence/3465916195	9	4	EarthBalance / Green Seasons:5 | Green Isle Gardens:2 | Beeman's Nursery:1 | The Natives:1	"Tripsacum dactyloides":9	"g":5 | "3g":3 | "4 inch":1	"C":4 | "_":3 | "L":1 | "M":1	
Tripsacum floridanum	2705534	https://www.gbif.org/species/2705534	https://www.gbif.org/occurrence/4126843916	https://www.gbif.org/occurrence/3760096337	https://www.gbif.org/occurrence/3859186717							9	5	EarthBalance / Green Seasons:4 | Green Isle Gardens:2 | Beeman's Nursery:1 | Cherrylake:1 | The Natives:1	"Tripsacum floridanum":9	"g":5 | "3g":4	"C":4 | "_":4 | "M":1	
Eragrostis elliottii	2705344	https://www.gbif.org/species/2705344	https://inaturalist-open-data.s3.amazonaws.com/photos/450867931/original.jpeg	https://inaturalist-open-data.s3.amazonaws.com/photos/425309237/original.jpeg	https://inaturalist-open-data.s3.amazonaws.com/photos/182649713/original.jpeg	https://inaturalist-open-data.s3.amazonaws.com/photos/334526897/original.jpeg	https://inaturalist-open-data.s3.amazonaws.com/photos/334526890/original.jpeg	https://www.gbif.org/occurrence/4137875338	https://www.gbif.org/occurrence/4936869303	https://www.gbif.org/occurrence/4980607248	https://www.gbif.org/occurrence/4506312384	9	4	EarthBalance / Green Seasons:4 | Green Isle Gardens:2 | The Natives:2 | Beeman's Nursery:1	"Eragrostis elliottii":9	"g":5 | "4 inch":2 | "LN":1 | "TT":1	"_":4 | "C":3 | "M":2	
Taxodium distichum	2684191	https://www.gbif.org/species/2684191	https://www.gbif.org/occurrence/3772652038	https://www.gbif.org/occurrence/2611060784	https://www.gbif.org/occurrence/5140565872	https://www.gbif.org/occurrence/5108554665	https://www.gbif.org/occurrence/5140629478	https://www.gbif.org/occurrence/5134397210	https://www.gbif.org/occurrence/4919457405	https://www.gbif.org/occurrence/3986288929	https://www.gbif.org/occurrence/4028976888	9	4	EarthBalance / Green Seasons:3 | Marshall Tree Farm:3 | McKeithen Growers:2 | Cherrylake:1	"Taxodium distichum":9	"FG":3 | "3g":2 | "45g":2 | "7g":1 | "g":1	"_":5 | "C":4	
Acer rubrum	3189883	https://www.gbif.org/species/3189883	https://www.gbif.org/occurrence/4525060995	https://www.gbif.org/occurrence/4607176229	https://www.gbif.org/occurrence/4852530881	https://www.gbif.org/occurrence/4597600577	https://www.gbif.org/occurrence/4597452332	https://www.gbif.org/occurrence/4901463740	https://www.gbif.org/occurrence/2859890786	https://www.gbif.org/occurrence/4952199071	https://www.gbif.org/occurrence/4516384560	9	4	Marshall Tree Farm:4 | McKeithen Growers:3 | Cherrylake:1 | EarthBalance / Green Seasons:1	"Acer rubrum":5 | "Acer rubrum 'Florida Flame'":4	"FG":4 | "15g":1 | "30g":1 | "3g":1 | "45g":1 | "g":1	"_":6 | "C":2 | "M":1	
Erythrina herbacea	5349731	https://www.gbif.org/species/5349731	https://inaturalist-open-data.s3.amazonaws.com/photos/462541249/original.jpeg	https://inaturalist-open-data.s3.amazonaws.com/photos/475609321/original.jpeg	https://inaturalist-open-data.s3.amazonaws.com/photos/345314205/original.jpg	https://inaturalist-open-data.s3.amazonaws.com/photos/480251513/original.jpg	https://inaturalist-open-data.s3.amazonaws.com/photos/463418892/original.jpg	https://www.gbif.org/occurrence/5134783205	https://www.gbif.org/occurrence/4145332760	https://www.gbif.org/occurrence/3966799302	https://www.gbif.org/occurrence/4046693149	8	3	EarthBalance / Green Seasons:4 | Green Isle Gardens:2 | The Natives:2	"Erythrina herbacea":8	"3g":4 | "g":4	"C":4 | "L":2 | "_":2	
Eragrostis spectabilis	2705413	https://www.gbif.org/species/2705413	https://inaturalist-open-data.s3.amazonaws.com/photos/364208883/original.jpg	https://inaturalist-open-data.s3.amazonaws.com/photos/428724314/original.jpeg	https://inaturalist-open-data.s3.amazonaws.com/photos/445841995/original.jpeg	https://inaturalist-open-data.s3.amazonaws.com/photos/427821197/original.jpeg	https://inaturalist-open-data.s3.amazonaws.com/photos/454379707/original.jpg	https://www.gbif.org/occurrence/2814256354	https://www.gbif.org/occurrence/3044794621	https://www.gbif.org/occurrence/2963833613	https://www.gbif.org/occurrence/4872243008	8	3	EarthBalance / Green Seasons:4 | Green Isle Gardens:2 | The Natives:2	"Eragrostis spectabilis":8	"g":4 | "4 inch":3 | "TT":1	"C":3 | "_":3 | "M":2	
Psychotria nervosa	2920385	https://www.gbif.org/species/2920385	https://www.gbif.org/occurrence/5134274289	https://www.gbif.org/occurrence/5063217956	https://www.gbif.org/occurrence/4516677948	https://www.gbif.org/occurrence/5140898966	https://www.gbif.org/occurrence/5141147394	https://www.gbif.org/occurrence/5134842756	https://www.gbif.org/occurrence/4177286334	https://www.gbif.org/occurrence/4993781161	https://www.gbif.org/occurrence/4516677948	8	3	EarthBalance / Green Seasons:4 | Green Isle Gardens:3 | The Natives:1	"Psychotria nervosa":6 | "Psychotria nervosa 'Little Psycho'":2	"3g":5 | "g":3	"_":4 | "C":3 | "L":1	
Uniola paniculata	2702847	https://www.gbif.org/species/2702847	https://www.gbif.org/occurrence/5063750444	https://www.gbif.org/occurrence/4903891122	https://www.gbif.org/occurrence/4908429390	https://www.gbif.org/occurrence/4891773670	https://www.gbif.org/occurrence/5076894238	https://www.gbif.org/occurrence/4855484773	https://www.gbif.org/occurrence/4919363914	https://www.gbif.org/occurrence/4993756977	https://www.gbif.org/occurrence/4046547206	8	2	EarthBalance / Green Seasons:7 | Beeman's Nursery:1	"Uniola paniculata":8	"4 inch":3 | "LN":3 | "g":2	"_":6 | "M":2	
Sabal minor	2732511	https://www.gbif.org/species/2732511	https://www.gbif.org/occurrence/5134025372	https://www.gbif.org/occurrence/4516823669	https://www.gbif.org/occurrence/4116574187	https://www.gbif.org/occurrence/4863759873	https://www.gbif.org/occurrence/3873217132	https://www.gbif.org/occurrence/2641534625	https://www.gbif.org/occurrence/4901338219	https://www.gbif.org/occurrence/3455565984	https://www.gbif.org/occurrence/4516823669	8	3	Coastal Botanics:4 | Cherrylake:3 | Green Isle Gardens:1	"Sabal minor":8	"15g":2 | "3g":2 | "7g":2 | "30g":1 | "g+":1	"_":7 | "L":1	
Sabal palmetto	4925538	https://www.gbif.org/species/4925538	https://www.gbif.org/occurrence/5007808441	https://www.gbif.org/occurrence/5088198974	https://www.gbif.org/occurrence/5063978367	https://www.gbif.org/occurrence/5088198974	https://www.gbif.org/occurrence/4516778416	https://www.gbif.org/occurrence/5087402753	https://www.gbif.org/occurrence/4994099843	https://www.gbif.org/occurrence/4952962231	https://www.gbif.org/occurrence/5036860319	8	3	Coastal Botanics:6 | Cherrylake:1 | McKeithen Growers:1	"Sabal palmetto":8	"FG":7 | "10g":1	"_":8	
Rudbeckia hirta	3114225	https://www.gbif.org/species/3114225	https://www.gbif.org/occurrence/5108513179	https://www.gbif.org/occurrence/5140856967	https://www.gbif.org/occurrence/5133717194	https://www.gbif.org/occurrence/3070267611	https://www.gbif.org/occurrence/4854939621	https://www.gbif.org/occurrence/2311298312	https://www.gbif.org/occurrence/3873665990	https://www.gbif.org/occurrence/4431262635	https://www.gbif.org/occurrence/5063781806	7	3	EarthBalance / Green Seasons:5 | Green Isle Gardens:1 | The Natives:1	"Rudbeckia hirta":7	"g":4 | "4 inch":2 | "LN":1	"_":4 | "C":1 | "L":1 | "M":1	
Mimosa strigillosa	2969657	https://www.gbif.org/species/2969657	https://inaturalist-open-data.s3.amazonaws.com/photos/462226232/original.jpg	https://inaturalist-open-data.s3.amazonaws.com/photos/472814398/original.jpg	https://inaturalist-open-data.s3.amazonaws.com/photos/471491165/original.jpeg	https://inaturalist-open-data.s3.amazonaws.com/photos/479602395/original.jpeg	https://inaturalist-open-data.s3.amazonaws.com/photos/479572094/original.jpeg	https://www.gbif.org/occurrence/5104630093	https://www.gbif.org/occurrence/5087073393	https://www.gbif.org/occurrence/4438849135	https://www.gbif.org/occurrence/5087031585	7	3	EarthBalance / Green Seasons:4 | Green Isle Gardens:2 | The Natives:1	"Mimosa strigillosa":7	"g":4 | "4 inch":3	"_":3 | "M":2 | "C":1 | "L":1	
Forestiera segregata	3172384	https://www.gbif.org/species/3172384	https://inaturalist-open-data.s3.amazonaws.com/photos/379531276/original.jpeg	https://inaturalist-open-data.s3.amazonaws.com/photos/460497179/original.jpg	https://inaturalist-open-data.s3.amazonaws.com/photos/245408354/original.jpg	https://inaturalist-open-data.s3.amazonaws.com/photos/391538102/original.jpg	https://inaturalist-open-data.s3.amazonaws.com/photos/60743003/original.jpg	https://www.gbif.org/occurrence/4852781377	https://www.gbif.org/occurrence/4405359644	https://www.gbif.org/occurrence/3961302603	https://www.gbif.org/occurrence/4528057620	7	3	EarthBalance / Green Seasons:3 | Green Isle Gardens:2 | The Natives:2	"Forestiera segregata":7	"3g":4 | "g":2 | "7g":1	"C":3 | "_":3 | "L":1	
Gelsemium sempervirens	3169513	https://www.gbif.org/species/3169513	https://www.gbif.org/occurrence/5076944074	https://www.gbif.org/occurrence/4597348403	https://www.gbif.org/occurrence/4847071373	https://www.gbif.org/occurrence/4596900505	https://www.gbif.org/occurrence/4597260986	https://www.gbif.org/occurrence/5140421041	https://www.gbif.org/occurrence/4852666449	https://www.gbif.org/occurrence/4846751662	https://www.gbif.org/occurrence/5069878075	7	3	EarthBalance / Green Seasons:4 | Green Isle Gardens:2 | The Natives:1	"Gelsemium sempervirens":7	"g":4 | "3g":3	"_":3 | "C":2 | "L":1 | "M":1	
Lonicera sempervirens	5334239	https://www.gbif.org/species/5334239	https://inaturalist-open-data.s3.amazonaws.com/photos/481566857/original.jpg	https://inaturalist-open-data.s3.amazonaws.com/photos/481583448/original.jpg	https://inaturalist-open-data.s3.amazonaws.com/photos/480787984/original.jpg	https://inaturalist-open-data.s3.amazonaws.com/photos/480014341/original.jpeg	https://inaturalist-open-data.s3.amazonaws.com/photos/366630645/original.jpg	https://www.gbif.org/occurrence/5140676486	https://www.gbif.org/occurrence/3325822698	https://www.gbif.org/occurrence/4162169475	https://www.gbif.org/occurrence/2597880036	7	3	EarthBalance / Green Seasons:4 | Green Isle Gardens:2 | The Natives:1	"Lonicera sempervirens":7	"g":4 | "3g":2 | "4 inch":1	"_":4 | "C":1 | "L":1 | "M":1	
Helianthus debilis	3119191	https://www.gbif.org/species/3119191	https://www.gbif.org/occurrence/5104637148	https://www.gbif.org/occurrence/5063323002	https://www.gbif.org/occurrence/4597435217	https://www.gbif.org/occurrence/5104459733	https://www.gbif.org/occurrence/5104459733	https://www.gbif.org/occurrence/4847001374	https://www.gbif.org/occurrence/4921491570	https://www.gbif.org/occurrence/4994185931	https://www.gbif.org/occurrence/4067623725	7	1	EarthBalance / Green Seasons:7	"Helianthus debilis subsp. vestitus":4 | "Helianthus debilis":3	"g":3 | "4 inch":2 | "LN":2	"_":6 | "C":1	
Callicarpa americana	5341129	https://www.gbif.org/species/5341129	https://www.gbif.org/occurrence/5007770103	https://www.gbif.org/occurrence/5036944626	https://www.gbif.org/occurrence/5140239135	https://www.gbif.org/occurrence/5076934070	https://www.gbif.org/occurrence/4516328536	https://www.gbif.org/occurrence/5134781522	https://www.gbif.org/occurrence/4910671913	https://www.gbif.org/occurrence/4952215982	https://www.gbif.org/occurrence/5077023281	7	3	EarthBalance / Green Seasons:4 | The Natives:2 | Green Isle Gardens:1	"Callicarpa americana":7	"3g":4 | "g":3	"_":3 | "M":2 | "C":1 | "L":1	
Ilex glabra	5414266	https://www.gbif.org/species/5414266	https://inaturalist-open-data.s3.amazonaws.com/photos/461034255/original.jpeg	https://inaturalist-open-data.s3.amazonaws.com/photos/463941890/original.jpg	https://inaturalist-open-data.s3.amazonaws.com/photos/463609040/original.jpeg	https://inaturalist-open-data.s3.amazonaws.com/photos/461790009/original.jpeg	https://inaturalist-open-data.s3.amazonaws.com/photos/358540235/original.jpeg	https://www.gbif.org/occurrence/5134096696	https://www.gbif.org/occurrence/4937138680	https://www.gbif.org/occurrence/4978600919	https://www.gbif.org/occurrence/3705413556	7	4	EarthBalance / Green Seasons:3 | Green Isle Gardens:2 | McKeithen Growers:1 | The Natives:1	"Ilex glabra":7	"3g":3 | "g":3 | "7g":1	"_":4 | "C":2 | "M":1	
Spartina patens	5290026	https://www.gbif.org/species/5290026	https://www.gbif.org/occurrence/5062716277	https://www.gbif.org/occurrence/4904323640	https://www.gbif.org/occurrence/3881449432	https://www.gbif.org/occurrence/3698107337	https://www.gbif.org/occurrence/3858661585	https://www.gbif.org/occurrence/5062716277	https://www.gbif.org/occurrence/4171874777	https://www.gbif.org/occurrence/4952303291	https://www.gbif.org/occurrence/2563504623	7	2	EarthBalance / Green Seasons:6 | Beeman's Nursery:1	"Spartina patens":7	"4 inch":3 | "LN":2 | "g":2	"M":4 | "_":3	Synonym of Sporobolus pumilus (Roth) P.M.Peterson & Saarela
Andropogon virginicus	2706080	https://www.gbif.org/species/2706080	https://www.gbif.org/occurrence/4535637794	https://www.gbif.org/occurrence/3947071113	https://www.gbif.org/occurrence/3039183715	https://www.gbif.org/occurrence/3902620185	https://www.gbif.org/occurrence/4519160603	https://www.gbif.org/occurrence/3058973439	https://www.gbif.org/occurrence/3902343858	https://www.gbif.org/occurrence/4974280364	https://www.gbif.org/occurrence/1986615556	7	4	The Natives:3 | EarthBalance / Green Seasons:2 | Beeman's Nursery:1 | Green Isle Gardens:1	"Andropogon virginicus var. glaucus":4 | "Andropogon virginicus var. virginicus":2 | "Andropogon virginicus var. decipiens":1	"g":4 | "TT":2 | "4 inch":1	"M":4 | "_":2 | "C":1	
Ulmus alata	5361878	https://www.gbif.org/species/5361878	https://www.gbif.org/occurrence/3784934394	https://www.gbif.org/occurrence/3070610555	https://www.gbif.org/occurrence/3923624525	https://www.gbif.org/occurrence/4919539868	https://www.gbif.org/occurrence/4431116408	https://www.gbif.org/occurrence/3079588653	https://www.gbif.org/occurrence/3335295578	https://www.gbif.org/occurrence/2883205762	https://www.gbif.org/occurrence/5008330372	7	3	Marshall Tree Farm:3 | Cherrylake:2 | McKeithen Growers:2	"Ulmus alata":7	"FG":3 | "45g":2 | "15g":1 | "30g":1	"_":6 | "C":1	
Juniperus silicicola	2684402	https://www.gbif.org/species/2684402	https://www.gbif.org/occurrence/3963738323	https://www.gbif.org/occurrence/3947766473	https://www.gbif.org/occurrence/3408164570	https://www.gbif.org/occurrence/2576295763	https://www.gbif.org/occurrence/3966635648	https://www.gbif.org/occurrence/3398657575	https://www.gbif.org/occurrence/2850738246	https://www.gbif.org/occurrence/3963642788	https://www.gbif.org/occurrence/3044666555	7	2	McKeithen Growers:5 | Marshall Tree Farm:2	"Juniperus silicicola":7	"100g":1 | "10g":1 | "30g":1 | "3g":1 | "45g":1 | "FG":1 | "_":1	"_":7	Synonym of Juniperus virginiana var. silicicola (Small) E.Murray
Borrichia frutescens	3087136	https://www.gbif.org/species/3087136	https://www.gbif.org/occurrence/5134127600	https://www.gbif.org/occurrence/5140351300	https://www.gbif.org/occurrence/5064025077	https://www.gbif.org/occurrence/5063897041	https://www.gbif.org/occurrence/4853096072	https://www.gbif.org/occurrence/4854926257	https://www.gbif.org/occurrence/4904222411	https://www.gbif.org/occurrence/3923648448	https://www.gbif.org/occurrence/5007126643	6	1	EarthBalance / Green Seasons:6	"Borrichia frutescens":6	"4 inch":2 | "g":2 | "2 inch+":1 | "LN":1	"_":3 | "C":2 | "L":1	
Sesuvium portulacastrum	3084883	https://www.gbif.org/species/3084883	https://www.gbif.org/occurrence/5063189562	https://www.gbif.org/occurrence/5063184844	https://www.gbif.org/occurrence/5087877798	https://www.gbif.org/occurrence/5087367701	https://www.gbif.org/occurrence/4597277969	https://www.gbif.org/occurrence/5140634335	https://www.gbif.org/occurrence/3335168058	https://www.gbif.org/occurrence/4424372697	https://www.gbif.org/occurrence/4535641851	6	2	EarthBalance / Green Seasons:5 | Beeman's Nursery:1	"Sesuvium portulacastrum":6	"4 inch":2 | "LN":2 | "BR":1 | "g":1	"_":4 | "C":1 | "M":1	
Distichlis spicata	2704509	https://www.gbif.org/species/2704509	https://www.gbif.org/occurrence/4516827377	https://www.gbif.org/occurrence/4936989444	https://www.gbif.org/occurrence/2422939563	https://www.gbif.org/occurrence/4919241060	https://www.gbif.org/occurrence/4436121672	https://www.gbif.org/occurrence/4919442959	https://www.gbif.org/occurrence/4936989444	https://www.gbif.org/occurrence/4919717739	https://www.gbif.org/occurrence/3014002071	6	2	EarthBalance / Green Seasons:5 | Beeman's Nursery:1	"Distichlis spicata":6	"4 inch":3 | "LN":2 | "g":1	"_":3 | "M":2 | "C":1	
Asclepias incarnata	3170266	https://www.gbif.org/species/3170266	https://inaturalist-open-data.s3.amazonaws.com/photos/375931780/original.jpg	https://inaturalist-open-data.s3.amazonaws.com/photos/397064180/original.jpeg	https://inaturalist-open-data.s3.amazonaws.com/photos/398660050/original.jpg	https://inaturalist-open-data.s3.amazonaws.com/photos/398476014/original.jpeg	https://inaturalist-open-data.s3.amazonaws.com/photos/390149588/original.jpg	https://www.gbif.org/occurrence/3947184636	https://www.gbif.org/occurrence/4953046447	https://www.gbif.org/occurrence/1901054864	no occurrences during winter 	6	3	EarthBalance / Green Seasons:3 | Green Isle Gardens:2 | The Natives:1	"Asclepias incarnata":6	"g":4 | "3 inch":1 | "4 inch":1	"C":4 | "_":2	
Passiflora suberosa	2874173	https://www.gbif.org/species/2874173	https://inaturalist-open-data.s3.amazonaws.com/photos/464031329/original.jpeg	https://inaturalist-open-data.s3.amazonaws.com/photos/470859145/original.jpg	https://inaturalist-open-data.s3.amazonaws.com/photos/470130648/original.jpeg	https://inaturalist-open-data.s3.amazonaws.com/photos/465521811/original.jpeg	https://inaturalist-open-data.s3.amazonaws.com/photos/465743009/original.jpg	https://www.gbif.org/occurrence/3947184636	https://www.gbif.org/occurrence/5140083654	https://www.gbif.org/occurrence/4982337501	https://www.gbif.org/occurrence/5063410563	6	3	EarthBalance / Green Seasons:3 | Green Isle Gardens:2 | The Natives:1	"Passiflora suberosa":6	"3g":4 | "g":2	"C":3 | "_":3	
Coreopsis leavenworthii	3133918	https://www.gbif.org/species/3133918	https://inaturalist-open-data.s3.amazonaws.com/photos/264096066/original.jpg	https://inaturalist-open-data.s3.amazonaws.com/photos/347521348/original.jpeg	https://inaturalist-open-data.s3.amazonaws.com/photos/364226593/original.jpg	https://inaturalist-open-data.s3.amazonaws.com/photos/364226290/original.jpg	https://inaturalist-open-data.s3.amazonaws.com/photos/385229929/original.jpg	https://www.gbif.org/occurrence/5140937599	https://www.gbif.org/occurrence/4919301538	https://www.gbif.org/occurrence/3923279152	https://www.gbif.org/occurrence/3705395902	6	3	EarthBalance / Green Seasons:2 | Green Isle Gardens:2 | The Natives:2	"Coreopsis leavenworthii":6	"g":4 | "4 inch":1 | "qts":1	"C":4 | "_":2	
Panicum amarum	2705089	https://www.gbif.org/species/2705089	https://www.gbif.org/occurrence/4904046776	https://www.gbif.org/occurrence/5037137262	https://www.gbif.org/occurrence/4950609700	https://www.gbif.org/occurrence/1945468950	https://www.gbif.org/occurrence/3391409039	https://www.gbif.org/occurrence/3859736580	https://www.gbif.org/occurrence/4908644696	https://www.gbif.org/occurrence/2460070929	https://www.gbif.org/occurrence/4510388339	6	1	EarthBalance / Green Seasons:6	"Panicum amarum":6	"4 inch":2 | "LN":2 | "g":2	"_":3 | "M":2 | "C":1	
Lyonia lucida	5333386	https://www.gbif.org/species/5333386	https://inaturalist-open-data.s3.amazonaws.com/photos/345150845/original.jpeg	https://inaturalist-open-data.s3.amazonaws.com/photos/461074317/original.jpeg	https://inaturalist-open-data.s3.amazonaws.com/photos/480023559/original.jpeg	https://inaturalist-open-data.s3.amazonaws.com/photos/467033729/original.jpeg	https://inaturalist-open-data.s3.amazonaws.com/photos/479373605/original.jpg	https://www.gbif.org/occurrence/5087643082	https://www.gbif.org/occurrence/4910969724	https://www.gbif.org/occurrence/3988548717	https://www.gbif.org/occurrence/5063287154	6	3	EarthBalance / Green Seasons:2 | Green Isle Gardens:2 | The Natives:2	"Lyonia lucida":6	"3g":3 | "g":3	"M":3 | "_":2 | "C":1	
Ipomoea pes-caprae	7999386	https://www.gbif.org/species/7999386	https://www.gbif.org/occurrence/5063122046	https://www.gbif.org/occurrence/5104342675	https://www.gbif.org/occurrence/4853124199	https://www.gbif.org/occurrence/5108263905	https://www.gbif.org/occurrence/4908861076	https://www.gbif.org/occurrence/4867886248	https://www.gbif.org/occurrence/4925976785	https://www.gbif.org/occurrence/4952494306	https://www.gbif.org/occurrence/5006984409	6	2	EarthBalance / Green Seasons:5 | Beeman's Nursery:1	"Ipomoea pes-caprae subsp. brasiliensis":6	"4 inch":2 | "LN":2 | "g":2	"_":4 | "M":2	
Sporobolus virginicus	2704745	https://www.gbif.org/species/2704745	https://www.gbif.org/occurrence/4904202138	https://www.gbif.org/occurrence/2423152757	https://www.gbif.org/occurrence/3383993774	https://www.gbif.org/occurrence/4954455867	https://www.gbif.org/occurrence/4945855821	https://www.gbif.org/occurrence/4176987432	https://www.gbif.org/occurrence/3903589355	https://www.gbif.org/occurrence/4954363745	https://www.gbif.org/occurrence/4926345799	6	3	EarthBalance / Green Seasons:4 | Beeman's Nursery:1 | Green Isle Gardens:1	"Sporobolus virginicus":6	"4 inch":3 | "LN":2 | "g":1	"M":3 | "_":2 | "C":1	
Morella cerifera	3168995	https://www.gbif.org/species/3168995	https://www.gbif.org/occurrence/5063108501	https://www.gbif.org/occurrence/5063225931	https://www.gbif.org/occurrence/5063379954	https://www.gbif.org/occurrence/5076917090	https://www.gbif.org/occurrence/5087298133	https://www.gbif.org/occurrence/5088062309	https://www.gbif.org/occurrence/4171427413	https://www.gbif.org/occurrence/4976583705	https://www.gbif.org/occurrence/4516442190	6	4	McKeithen Growers:2 | The Natives:2 | Beeman's Nursery:1 | EarthBalance / Green Seasons:1	"Morella cerifera":6	"3g":3 | "g":2 | "45g":1	"_":5 | "C":1	
Flaveria linearis	3086837	https://www.gbif.org/species/3086837	https://www.gbif.org/occurrence/5036826797	https://www.gbif.org/occurrence/4535572188	https://www.gbif.org/occurrence/5063198343	https://www.gbif.org/occurrence/5063023625	https://www.gbif.org/occurrence/5062999158	https://www.gbif.org/occurrence/5133829340	https://www.gbif.org/occurrence/3881614828	https://www.gbif.org/occurrence/3415973091	https://www.gbif.org/occurrence/3466444402	5	2	EarthBalance / Green Seasons:4 | Green Isle Gardens:1	"Flaveria linearis":5	"g":3 | "4 inch":2	"C":2 | "_":2 | "L":1	
Coccoloba uvifera	2888831	https://www.gbif.org/species/2888831	https://www.gbif.org/occurrence/5076909360	https://www.gbif.org/occurrence/5037191457	https://www.gbif.org/occurrence/4901934385	https://www.gbif.org/occurrence/5063111013	https://www.gbif.org/occurrence/5135455195	https://www.gbif.org/occurrence/5087444176	https://www.gbif.org/occurrence/4904336949	https://www.gbif.org/occurrence/4954331199	https://www.gbif.org/occurrence/5063021772	5	2	EarthBalance / Green Seasons:4 | McKeithen Growers:1	"Coccoloba uvifera":5	"3g":2 | "15g":1 | "7g":1 | "g":1	"L":2 | "_":2 | "C":1	
Chrysobalanus icaco	2985082	https://www.gbif.org/species/2985082	https://www.gbif.org/occurrence/5063059935	https://www.gbif.org/occurrence/5007788957	https://www.gbif.org/occurrence/5036922786	https://www.gbif.org/occurrence/4103135715	https://www.gbif.org/occurrence/3456622700	https://www.gbif.org/occurrence/5133099663	https://www.gbif.org/occurrence/3321030545	https://www.gbif.org/occurrence/4416662156	https://www.gbif.org/occurrence/2609237548	5	1	EarthBalance / Green Seasons:5	"Chrysobalanus icaco ":3 | "Chrysobalanus icaco 'Horizontal'":1 | "Chrysobalanus icaco 'Red Tip'":1	"3g":4 | "g":1	"_":3 | "C":1 | "L":1	
Ipomoea microdactyla	2928573	https://www.gbif.org/species/2928573	https://www.gbif.org/occurrence/4980708820	https://www.gbif.org/occurrence/4400080093	https://www.gbif.org/occurrence/3327878189	https://www.gbif.org/occurrence/4875567404	https://www.gbif.org/occurrence/1562887056	https://www.gbif.org/occurrence/3860394168	https://www.gbif.org/occurrence/4400080093	https://www.gbif.org/occurrence/4458476263	https://www.gbif.org/occurrence/4080664095	5	1	EarthBalance / Green Seasons:5	"Ipomoea microdactyla":5	"g":4 | "3g":1	"L":2 | "_":2 | "C":1	
Bignonia capreolata	3172516	https://www.gbif.org/species/3172516	https://www.gbif.org/occurrence/4606777481	https://www.gbif.org/occurrence/5006896999	https://www.gbif.org/occurrence/5008216720	https://www.gbif.org/occurrence/2028449635	https://www.gbif.org/occurrence/2234771255	https://www.gbif.org/occurrence/3070681016	https://www.gbif.org/occurrence/4171364892	https://www.gbif.org/occurrence/3415732061	https://www.gbif.org/occurrence/4507710991	5	2	EarthBalance / Green Seasons:4 | Green Isle Gardens:1	"Bignonia capreolata":5	"3g":2 | "g":2 | "g+":1	"L":3 | "C":2	
Liatris spicata	3104314	https://www.gbif.org/species/3104314	https://www.gbif.org/occurrence/4919452156	https://www.gbif.org/occurrence/4923765920	https://www.gbif.org/occurrence/4945648691	https://www.gbif.org/occurrence/4936145074	https://www.gbif.org/occurrence/3923657600	https://www.gbif.org/occurrence/5133895121	https://www.gbif.org/occurrence/2826133298	https://www.gbif.org/occurrence/4430817428	https://www.gbif.org/occurrence/1914252566	5	3	EarthBalance / Green Seasons:2 | The Natives:2 | Green Isle Gardens:1	"Liatris spicata":5	"g":4 | "qts":1	"M":2 | "_":2 | "C":1	
Monarda punctata	5341413	https://www.gbif.org/species/5341413	https://inaturalist-open-data.s3.amazonaws.com/photos/364948219/original.jpeg	https://inaturalist-open-data.s3.amazonaws.com/photos/369825496/original.jpg	https://inaturalist-open-data.s3.amazonaws.com/photos/368940333/original.jpeg	https://inaturalist-open-data.s3.amazonaws.com/photos/360116133/original.jpg	https://inaturalist-open-data.s3.amazonaws.com/photos/467216334/original.jpg	https://www.gbif.org/occurrence/4597500622	https://www.gbif.org/occurrence/4921490556	https://www.gbif.org/occurrence/5133696436	https://www.gbif.org/occurrence/2596451360	5	3	EarthBalance / Green Seasons:3 | Green Isle Gardens:1 | The Natives:1	"Monarda punctata":5	"g":4 | "4 inch":1	"C":3 | "_":2	
Asclepias verticillata	3170235	https://www.gbif.org/species/3170235	https://www.gbif.org/occurrence/3858746687	https://www.gbif.org/occurrence/4607405663	https://www.gbif.org/occurrence/3061656636	https://www.gbif.org/occurrence/4973939793	https://www.gbif.org/occurrence/2826267414	https://www.gbif.org/occurrence/4606987148	https://www.gbif.org/occurrence/4177006316	https://www.gbif.org/occurrence/1931517934	https://www.gbif.org/occurrence/4510380525	5	2	EarthBalance / Green Seasons:3 | Green Isle Gardens:2	"Asclepias verticillata":5	"g":3 | "3 inch":1 | "4 inch+":1	"_":3 | "C":2	
Trichostema dichotomum	2926665	https://www.gbif.org/species/2926665	https://www.gbif.org/occurrence/4420880081	https://www.gbif.org/occurrence/4431066983	https://www.gbif.org/occurrence/3912313437	https://www.gbif.org/occurrence/3385200658	https://www.gbif.org/occurrence/4416852925	https://www.gbif.org/occurrence/4901432979	https://www.gbif.org/occurrence/3355053208	https://www.gbif.org/occurrence/4424332456	https://www.gbif.org/occurrence/2005366549	5	3	EarthBalance / Green Seasons:2 | The Natives:2 | Green Isle Gardens:1	"Trichostema dichotomum":5	"g":5	"C":4 | "_":1	
Coreopsis lanceolata	3133938	https://www.gbif.org/species/3133938	https://inaturalist-open-data.s3.amazonaws.com/photos/365088862/original.jpg	https://inaturalist-open-data.s3.amazonaws.com/photos/360019031/original.jpg	https://inaturalist-open-data.s3.amazonaws.com/photos/363722888/original.jpeg	https://inaturalist-open-data.s3.amazonaws.com/photos/365089141/original.jpg	https://inaturalist-open-data.s3.amazonaws.com/photos/361245090/original.jpeg	https://www.gbif.org/occurrence/4091466643	https://www.gbif.org/occurrence/4137856705	https://www.gbif.org/occurrence/5007676530	https://www.gbif.org/occurrence/4919563837	5	3	EarthBalance / Green Seasons:2 | Green Isle Gardens:2 | The Natives:1	"Coreopsis lanceolata":5	"g":3 | "4 inch":1 | "qts":1	"C":3 | "_":2	
Andropogon glomeratus	2706097	https://www.gbif.org/species/2706097	https://www.gbif.org/occurrence/4436323609	https://www.gbif.org/occurrence/4516408885	https://www.gbif.org/occurrence/4400093415	https://www.gbif.org/occurrence/3961306341	https://www.gbif.org/occurrence/4400093415			https://www.gbif.org/occurrence/4440763212	https://www.gbif.org/occurrence/4400093415	5	2	EarthBalance / Green Seasons:3 | The Natives:2	"Andropogon glomeratus var. glaucopsis":3 | "Andropogon glomeratus":2	"g":4 | "TT":1	"_":3 | "C":2	
Senna mexicana	2957605	https://www.gbif.org/species/2957605	no live occurrences									5	3	EarthBalance / Green Seasons:3 | Green Isle Gardens:1 | The Natives:1	"Senna mexicana var. chapmanii":5	"g":3 | "3g":2	"C":3 | "L":1 | "_":1	
Paspalum vaginatum	8100050	https://www.gbif.org/species/8100050	https://www.gbif.org/occurrence/3014077609	https://www.gbif.org/occurrence/5036812121	https://www.gbif.org/occurrence/4901323900	https://www.gbif.org/occurrence/5006946096	https://www.gbif.org/occurrence/5006946096	https://www.gbif.org/occurrence/5134096648	https://www.gbif.org/occurrence/4901323900	https://www.gbif.org/occurrence/4442469056	https://www.gbif.org/occurrence/2517979126	5	2	EarthBalance / Green Seasons:4 | Beeman's Nursery:1	"Paspalum vaginatum":5	"4 inch":3 | "LN":2	"_":3 | "M":2	
Sisyrinchium angustifolium	5296015	https://www.gbif.org/species/5296015	https://www.gbif.org/occurrence/5104578240	https://www.gbif.org/occurrence/4910985689	https://www.gbif.org/occurrence/2901827565	https://www.gbif.org/occurrence/3008505084	https://www.gbif.org/occurrence/2596310326	https://www.gbif.org/occurrence/3067928872	https://www.gbif.org/occurrence/2634450251	https://www.gbif.org/occurrence/3068012305	https://www.gbif.org/occurrence/1990566501	5	3	EarthBalance / Green Seasons:3 | Green Isle Gardens:1 | The Natives:1	"Sisyrinchium angustifolium":5	"g":4 | "LN":1	"M":2 | "_":2 | "C":1	
Gaillardia pulchella	5387821	https://www.gbif.org/species/5387821	https://www.gbif.org/occurrence/5104395795	https://www.gbif.org/occurrence/5036894242	https://www.gbif.org/occurrence/5063601010	https://www.gbif.org/occurrence/5077072527	https://www.gbif.org/occurrence/5087541432	https://www.gbif.org/occurrence/5133629885	https://www.gbif.org/occurrence/5110368578	https://www.gbif.org/occurrence/4987803068	https://www.gbif.org/occurrence/5087252283	5	2	EarthBalance / Green Seasons:3 | Green Isle Gardens:2	"Gaillardia pulchella":5	"g":3 | "4 inch":2	"_":4 | "M":1	
Passiflora incarnata	2874218	https://www.gbif.org/species/2874218	https://www.gbif.org/occurrence/5133317925	https://www.gbif.org/occurrence/5134457675	https://www.gbif.org/occurrence/5134181863	https://www.gbif.org/occurrence/5104584629	https://www.gbif.org/occurrence/5140979030	https://www.gbif.org/occurrence/4852982353	https://www.gbif.org/occurrence/4919517910	https://www.gbif.org/occurrence/3966645908	https://www.gbif.org/occurrence/4162518112	5	3	EarthBalance / Green Seasons:2 | Green Isle Gardens:2 | The Natives:1	"Passiflora incarnata":5	"g":3 | "3g":2	"_":3 | "L":2	
Quercus geminata	2878250	https://www.gbif.org/species/2878250	https://inaturalist-open-data.s3.amazonaws.com/photos/349475354/original.jpg	https://inaturalist-open-data.s3.amazonaws.com/photos/369723749/original.jpeg	https://inaturalist-open-data.s3.amazonaws.com/photos/350573586/original.jpg	https://inaturalist-open-data.s3.amazonaws.com/photos/356034294/original.jpg	https://inaturalist-open-data.s3.amazonaws.com/photos/399273697/original.jpg	https://www.gbif.org/occurrence/5140981094	https://www.gbif.org/occurrence/3355333080	https://www.gbif.org/occurrence/4976414229	https://www.gbif.org/occurrence/4022202079	5	3	The Natives:3 | Green Isle Gardens:1 | McKeithen Growers:1	"Quercus geminata":5	"15g":1 | "3g":1 | "7g":1 | "g":1 | "g+":1	"C":2 | "_":2 | "M":1	
Aristida stricta	2706263	https://www.gbif.org/species/2706263	https://www.gbif.org/occurrence/4525102553	https://www.gbif.org/occurrence/5104552406	https://www.gbif.org/occurrence/2540809721	https://www.gbif.org/occurrence/4018251747	https://www.gbif.org/occurrence/3333042326	https://www.gbif.org/occurrence/3017952391	https://www.gbif.org/occurrence/1914197240	https://www.gbif.org/occurrence/4954685313	https://www.gbif.org/occurrence/2597882720	5	2	Green Isle Gardens:3 | The Natives:2	"Aristida stricta":5	"g":2 | "4 inch":1 | "LN":1 | "TT":1	"M":3 | "_":2	
Magnolia grandiflora	9605163	https://www.gbif.org/species/9605163	https://www.gbif.org/occurrence/5063623640	https://www.gbif.org/occurrence/5007486860	https://www.gbif.org/occurrence/5134487678	https://www.gbif.org/occurrence/5140641268	https://www.gbif.org/occurrence/4851830606	https://www.gbif.org/occurrence/5134849847	https://www.gbif.org/occurrence/5007315990	https://www.gbif.org/occurrence/4980477701	https://www.gbif.org/occurrence/3032147310	5	2	McKeithen Growers:3 | Marshall Tree Farm:2	"Magnolia grandiflora ":5	"100g":1 | "30g":1 | "45g":1 | "FG":1 | "_":1	"_":4 | "C":1	
Magnolia virginiana	3153639	https://www.gbif.org/species/3153639	https://www.gbif.org/occurrence/5063731778	https://www.gbif.org/occurrence/5087455646	https://www.gbif.org/occurrence/4851856271	https://www.gbif.org/occurrence/4846976193	https://www.gbif.org/occurrence/4853124071	https://www.gbif.org/occurrence/4921818421	https://www.gbif.org/occurrence/4945845211	https://www.gbif.org/occurrence/4516215941	https://www.gbif.org/occurrence/3008397017	5	3	Marshall Tree Farm:2 | McKeithen Growers:2 | The Natives:1	"Magnolia virginiana":5	"FG":2 | "30g":1 | "3g":1 | "7g":1	"_":3 | "C":2	
Quercus shumardii	2878289	https://www.gbif.org/species/2878289	https://www.gbif.org/occurrence/3873336752	https://www.gbif.org/occurrence/4919389835	https://www.gbif.org/occurrence/2283033517	https://www.gbif.org/occurrence/3314165463	https://www.gbif.org/occurrence/3032053348	https://www.gbif.org/occurrence/2238983688	https://www.gbif.org/occurrence/4400438013	https://www.gbif.org/occurrence/4954296553	https://www.gbif.org/occurrence/1847631788	5	2	Marshall Tree Farm:4 | McKeithen Growers:1	"Quercus shumardii":5	"FG":4 | "15g":1	"_":5	
Saccharum giganteum	7842638	https://www.gbif.org/species/7842638	no live occurrences									4	2	EarthBalance / Green Seasons:3 | The Natives:1	"Saccharum giganteum":4	"3g":1 | "LN":1 | "TT":1 | "g":1	"L":2 | "_":2	
Lantana involucrata	2925313	https://www.gbif.org/species/2925313	https://www.gbif.org/occurrence/5036937704	https://www.gbif.org/occurrence/5087416942	https://www.gbif.org/occurrence/5063716341	https://www.gbif.org/occurrence/5063980085	https://www.gbif.org/occurrence/4516616849	https://www.gbif.org/occurrence/4111734501	https://www.gbif.org/occurrence/4400067069	https://www.gbif.org/occurrence/4424318156	https://www.gbif.org/occurrence/5037235353	4	2	EarthBalance / Green Seasons:3 | Green Isle Gardens:1	"Lantana involucrata":4	"g":3 | "3g":1	"L":2 | "C":1 | "_":1	
Ardisia escallonioides	5558603	https://www.gbif.org/species/5558603	https://www.gbif.org/occurrence/5063544670	https://www.gbif.org/occurrence/5063772398	https://www.gbif.org/occurrence/4952918983	https://www.gbif.org/occurrence/4954622258	https://www.gbif.org/occurrence/4607256213	https://www.gbif.org/occurrence/1986634379	https://www.gbif.org/occurrence/4921469150	https://www.gbif.org/occurrence/4945742901	https://www.gbif.org/occurrence/4510246398	4	1	EarthBalance / Green Seasons:4	"Ardisia escallonioides":4	"3g":2 | "7g":1 | "g":1	"L":3 | "_":1	
Euploca polyphylla	7477922	https://www.gbif.org/species/7477922	https://www.gbif.org/occurrence/5104625062	https://www.gbif.org/occurrence/5064027129	https://www.gbif.org/occurrence/5036797926	https://www.gbif.org/occurrence/5069882676	https://www.gbif.org/occurrence/5108227123	https://www.gbif.org/occurrence/5104577830	https://www.gbif.org/occurrence/4134217858	https://www.gbif.org/occurrence/4414255775	https://www.gbif.org/occurrence/4535910701	4	2	EarthBalance / Green Seasons:3 | Green Isle Gardens:1	"Euploca polyphylla":4	"g":4	"C":2 | "L":1 | "_":1	
Canavalia rosea	2962021	https://www.gbif.org/species/2962021	https://www.gbif.org/occurrence/5104585384	https://www.gbif.org/occurrence/5070140725	https://www.gbif.org/occurrence/5104591807	https://www.gbif.org/occurrence/4852996458	https://www.gbif.org/occurrence/4853006438	https://www.gbif.org/occurrence/4121272860	https://www.gbif.org/occurrence/3335416796	https://www.gbif.org/occurrence/4436215164	https://www.gbif.org/occurrence/4009858701	4	1	EarthBalance / Green Seasons:4	"Canavalia rosea":4	"4 inch":2 | "LN":1 | "g":1	"C":2 | "_":2	
Sorghastrum secundum	2704421	https://www.gbif.org/species/2704421	https://inaturalist-open-data.s3.amazonaws.com/photos/326947442/original.jpeg	https://inaturalist-open-data.s3.amazonaws.com/photos/326621516/original.jpg	https://inaturalist-open-data.s3.amazonaws.com/photos/439241669/original.jpg	https://inaturalist-open-data.s3.amazonaws.com/photos/323896580/original.jpeg	https://inaturalist-open-data.s3.amazonaws.com/photos/325634616/original.jpg	https://www.gbif.org/occurrence/3772672132	https://www.gbif.org/occurrence/4405137579	https://www.gbif.org/occurrence/4597417860	https://www.gbif.org/occurrence/4018184714	4	3	Green Isle Gardens:2 | EarthBalance / Green Seasons:1 | The Natives:1	"Sorghastrum secundum":4	"4 inch":2 | "TT":1 | "g":1	"C":2 | "M":1 | "_":1	
Vaccinium myrsinites	2882937	https://www.gbif.org/species/2882937	https://www.gbif.org/occurrence/5088038128	https://www.gbif.org/occurrence/5087161217	https://www.gbif.org/occurrence/4519166193	https://www.gbif.org/occurrence/4516341042	https://www.gbif.org/occurrence/4867742315	https://www.gbif.org/occurrence/4535995879	https://www.gbif.org/occurrence/2634138210	https://www.gbif.org/occurrence/1901063732	https://www.gbif.org/occurrence/4522716361	4	3	Green Isle Gardens:2 | EarthBalance / Green Seasons:1 | The Natives:1	"Vaccinium myrsinites":4	"g":3 | "3g":1	"C":2 | "_":2	
Juncus roemerianus	2701817	https://www.gbif.org/species/2701817	https://www.gbif.org/occurrence/5069992405	https://www.gbif.org/occurrence/5133725259	https://www.gbif.org/occurrence/4596964319	https://www.gbif.org/occurrence/3859635955	https://www.gbif.org/occurrence/2238837398	https://www.gbif.org/occurrence/4606686195	https://www.gbif.org/occurrence/2826235236	https://www.gbif.org/occurrence/1945422092	https://www.gbif.org/occurrence/3014083973	4	2	EarthBalance / Green Seasons:3 | Beeman's Nursery:1	"Juncus roemerianus":4	"2 inch":1 | "4 inch":1 | "BR":1 | "g":1	"C":2 | "M":1 | "_":1	
Salvia misella	2927058	https://www.gbif.org/species/2927058	https://inaturalist-open-data.s3.amazonaws.com/photos/465694663/original.jpeg	https://inaturalist-open-data.s3.amazonaws.com/photos/466845029/original.jpg	https://inaturalist-open-data.s3.amazonaws.com/photos/466833742/original.jpg	https://inaturalist-open-data.s3.amazonaws.com/photos/466207403/original.jpeg	https://inaturalist-open-data.s3.amazonaws.com/photos/346862772/original.jpg	https://www.gbif.org/occurrence/3113647597	https://www.gbif.org/occurrence/3330514478	https://www.gbif.org/occurrence/3759845773	https://www.gbif.org/occurrence/4046715268	4	3	EarthBalance / Green Seasons:2 | Green Isle Gardens:1 | The Natives:1	"Salvia misella":4	"g":4	"_":2 | "C":1 | "L":1	
Ruellia caroliniensis	5415376	https://www.gbif.org/species/5415376	https://www.gbif.org/occurrence/5087948050	https://www.gbif.org/occurrence/5140493744	https://www.gbif.org/occurrence/4512426910	https://www.gbif.org/occurrence/4923891995	https://www.gbif.org/occurrence/4919314768	https://www.gbif.org/occurrence/5154403217	https://www.gbif.org/occurrence/4926100884	https://www.gbif.org/occurrence/3455372399	https://www.gbif.org/occurrence/2012953775	4	2	EarthBalance / Green Seasons:2 | Green Isle Gardens:2	"Ruellia caroliniensis":3 | "Ruellia caroliniensis 'Native Blue'":1	"g":4	"C":3 | "_":1	
Stokesia laevis	5403935	https://www.gbif.org/species/5403935	https://inaturalist-open-data.s3.amazonaws.com/photos/380249316/original.jpeg	https://inaturalist-open-data.s3.amazonaws.com/photos/352865320/original.jpg	https://inaturalist-open-data.s3.amazonaws.com/photos/450903636/original.jpeg	https://inaturalist-open-data.s3.amazonaws.com/photos/404262461/original.jpg	https://inaturalist-open-data.s3.amazonaws.com/photos/297847437/original.jpg	https://www.gbif.org/occurrence/2251940173	https://www.gbif.org/occurrence/1805370846	https://www.gbif.org/occurrence/4974045395	https://www.gbif.org/occurrence/5007106888	4	3	EarthBalance / Green Seasons:2 | Green Isle Gardens:1 | The Natives:1	"Stokesia laevis":4	"g":4	"C":3 | "_":1	
Dyschoriste humistrata	3173055	https://www.gbif.org/species/3173055	https://www.gbif.org/occurrence/4852182203	https://www.gbif.org/occurrence/5087591382	https://www.gbif.org/occurrence/4075981604	https://www.gbif.org/occurrence/4908700290	https://www.gbif.org/occurrence/4910895959	https://www.gbif.org/occurrence/2597825733	https://www.gbif.org/occurrence/2283231651	https://www.gbif.org/occurrence/4945790533	https://www.gbif.org/occurrence/2543083778	4	3	EarthBalance / Green Seasons:2 | Cherrylake:1 | Green Isle Gardens:1	"Dyschoriste humistrata":4	"g":4	"_":3 | "C":1	
Dyschoriste oblongifolia	3173062	https://www.gbif.org/species/3173062	https://www.gbif.org/occurrence/4852795839	https://www.gbif.org/occurrence/4076330634	https://www.gbif.org/occurrence/4853124645	https://www.gbif.org/occurrence/5133510956	https://www.gbif.org/occurrence/4919646892	https://www.gbif.org/occurrence/3858609314	https://www.gbif.org/occurrence/3070498032	https://www.gbif.org/occurrence/2862663321	https://www.gbif.org/occurrence/3457220276	4	3	EarthBalance / Green Seasons:2 | Green Isle Gardens:1 | The Natives:1	"Dyschoriste oblongifolia":4	"g":4	"C":2 | "M":1 | "_":1	
Fraxinus caroliniana	3172339	https://www.gbif.org/species/3172339	https://www.gbif.org/occurrence/5108109667	https://www.gbif.org/occurrence/5108111658	https://www.gbif.org/occurrence/4522694258	https://www.gbif.org/occurrence/4522700267	https://www.gbif.org/occurrence/4607194990	https://www.gbif.org/occurrence/4596981311	https://www.gbif.org/occurrence/4039158365	https://www.gbif.org/occurrence/3008529014	https://www.gbif.org/occurrence/4080532321	4	2	McKeithen Growers:3 | EarthBalance / Green Seasons:1	"Fraxinus caroliniana":4	"3g":2 | "15g":1 | "45g":1	"_":3 | "C":1	
Solidago sempervirens	5388927	https://www.gbif.org/species/5388927	https://www.gbif.org/occurrence/5154179639	https://www.gbif.org/occurrence/5141109824	https://www.gbif.org/occurrence/5140271198	https://www.gbif.org/occurrence/5076890556	https://www.gbif.org/occurrence/4908748404	https://www.gbif.org/occurrence/4851829669	https://www.gbif.org/occurrence/4891761748	https://www.gbif.org/occurrence/4945777697	https://www.gbif.org/occurrence/4507638307	4	2	EarthBalance / Green Seasons:3 | Green Isle Gardens:1	"Solidago sempervirens":4	"g":3 | "2 inch":1	"C":2 | "M":1 | "_":1	
Ipomoea imperati	2928596	https://www.gbif.org/species/2928596	https://www.gbif.org/occurrence/4901093134	https://www.gbif.org/occurrence/4902095228	https://www.gbif.org/occurrence/4863771776	https://www.gbif.org/occurrence/4875077833	https://www.gbif.org/occurrence/4872190866	https://www.gbif.org/occurrence/3070347819	https://www.gbif.org/occurrence/4923764586	https://www.gbif.org/occurrence/4978148091	https://www.gbif.org/occurrence/3698184505	4	1	EarthBalance / Green Seasons:4	"Ipomoea imperati":4	"g":2 | "4 inch":1 | "LN":1	"_":3 | "C":1	
Quadrella jamaicensis	5601701	https://www.gbif.org/species/5601701	https://www.gbif.org/occurrence/4851948905	https://www.gbif.org/occurrence/4076227929	https://www.gbif.org/occurrence/4116055776	https://www.gbif.org/occurrence/4867984984	https://www.gbif.org/occurrence/4111849770	https://www.gbif.org/occurrence/4103208778	https://www.gbif.org/occurrence/2850891625	https://www.gbif.org/occurrence/2873921299	https://www.gbif.org/occurrence/2540719797	4	1	EarthBalance / Green Seasons:4	"Quadrella jamaicensis":4	"3g":2 | "7g":2	"C":2 | "_":2	Synonym of Quadrella cynophallophora (L.) Hutch.
Vaccinium darrowii	2882908	https://www.gbif.org/species/2882908	https://inaturalist-open-data.s3.amazonaws.com/photos/186111130/original.jpeg	https://inaturalist-open-data.s3.amazonaws.com/photos/366574448/original.jpg	https://inaturalist-open-data.s3.amazonaws.com/photos/356980981/original.jpeg	https://inaturalist-open-data.s3.amazonaws.com/photos/118981013/original.jpg	https://inaturalist-open-data.s3.amazonaws.com/photos/260036171/original.jpeg	https://www.gbif.org/occurrence/3760361077	https://www.gbif.org/occurrence/2826320667	https://www.gbif.org/occurrence/4978530513	https://www.gbif.org/occurrence/5069834384	4	3	The Natives:2 | EarthBalance / Green Seasons:1 | Green Isle Gardens:1	"Vaccinium darrowii":4	"3g":2 | "g":2	"C":2 | "M":1 | "_":1	
Iva imbricata	5402626	https://www.gbif.org/species/5402626	https://www.gbif.org/occurrence/5087439645	https://www.gbif.org/occurrence/5063718544	https://www.gbif.org/occurrence/5069890779	https://www.gbif.org/occurrence/5134332719	https://www.gbif.org/occurrence/5104454532	https://www.gbif.org/occurrence/3802305827	https://www.gbif.org/occurrence/4908688467	https://www.gbif.org/occurrence/4946349258	https://www.gbif.org/occurrence/4506269476	4	1	EarthBalance / Green Seasons:4	"Iva imbricata":4	"4 inch":2 | "LN":1 | "g":1	"_":3 | "M":1	
Geobalanus oblongifolius	2985320	https://www.gbif.org/species/2985320	https://inaturalist-open-data.s3.amazonaws.com/photos/478718983/original.jpeg	https://inaturalist-open-data.s3.amazonaws.com/photos/389672247/original.jpeg	https://inaturalist-open-data.s3.amazonaws.com/photos/409074611/original.jpeg	https://inaturalist-open-data.s3.amazonaws.com/photos/471411151/original.jpg	https://inaturalist-open-data.s3.amazonaws.com/photos/352317400/original.jpeg	https://www.gbif.org/occurrence/5154685161	https://www.gbif.org/occurrence/4926222466	https://www.gbif.org/occurrence/4946166304	https://www.gbif.org/occurrence/4524977557	4	3	Green Isle Gardens:2 | EarthBalance / Green Seasons:1 | The Natives:1	"Geobalanus oblongifolius":4	"g":3 | "4 inch":1	"M":2 | "_":2	
Silphium asteriscus	3092582	https://www.gbif.org/species/3092582	https://inaturalist-open-data.s3.amazonaws.com/photos/405580686/original.jpg	https://inaturalist-open-data.s3.amazonaws.com/photos/384753554/original.jpeg	https://inaturalist-open-data.s3.amazonaws.com/photos/368713509/original.jpeg	https://inaturalist-open-data.s3.amazonaws.com/photos/392576603/original.jpeg	https://inaturalist-open-data.s3.amazonaws.com/photos/411147282/original.jpeg	https://www.gbif.org/occurrence/4919336007	https://www.gbif.org/occurrence/3321118928	https://www.gbif.org/occurrence/5037215809	https://www.gbif.org/occurrence/4535893574	4	3	EarthBalance / Green Seasons:2 | Green Isle Gardens:1 | The Natives:1	"Silphium asteriscus":3 | "Silphium asteriscus 'Native Star'":1	"g":4	"C":2 | "_":2	
Asclepias perennis	3170346	https://www.gbif.org/species/3170346	https://www.gbif.org/occurrence/4910903871	https://www.gbif.org/occurrence/5133590397	https://www.gbif.org/occurrence/4607175696	https://www.gbif.org/occurrence/4596933882	https://www.gbif.org/occurrence/2802664703	https://www.gbif.org/occurrence/4076184496	https://www.gbif.org/occurrence/4458714042	https://www.gbif.org/occurrence/4424451458	https://www.gbif.org/occurrence/4919323718	4	2	Green Isle Gardens:3 | EarthBalance / Green Seasons:1	"Asclepias perennis":4	"3 inch":2 | "g":2	"_":4	
Asclepias tuberosa	3170305	https://www.gbif.org/species/3170305	https://www.gbif.org/occurrence/5134380244	https://www.gbif.org/occurrence/5104340151	https://www.gbif.org/occurrence/5153952315	https://www.gbif.org/occurrence/5153781703	https://www.gbif.org/occurrence/4910754341	https://www.gbif.org/occurrence/5134770118	https://www.gbif.org/occurrence/4937116550	https://www.gbif.org/occurrence/3903150236	https://www.gbif.org/occurrence/4973859383	4	3	Green Isle Gardens:2 | EarthBalance / Green Seasons:1 | The Natives:1	"Asclepias tuberosa":4	"g":3 | "3 inch":1	"_":3 | "C":1	
Sideroxylon tenax	2887241	https://www.gbif.org/species/2887241	https://inaturalist-open-data.s3.amazonaws.com/photos/229032993/original.jpeg	https://inaturalist-open-data.s3.amazonaws.com/photos/140000825/original.jpg	https://inaturalist-open-data.s3.amazonaws.com/photos/56983080/original.jpeg	https://inaturalist-open-data.s3.amazonaws.com/photos/116581718/original.jpeg	https://inaturalist-open-data.s3.amazonaws.com/photos/9629133/original.jpeg	https://www.gbif.org/occurrence/3113286321	https://www.gbif.org/occurrence/1571103063	https://www.gbif.org/occurrence/2901525960	https://www.gbif.org/occurrence/2465258385	4	3	EarthBalance / Green Seasons:2 | Green Isle Gardens:1 | The Natives:1	"Sideroxylon tenax":4	"g":3 | "3g":1	"_":2 | "C":1 | "L":1	
Crataegus flava	7855454	https://www.gbif.org/species/7855454	only one occurrence not on Florida		https://www.gbif.org/occurrence/3772888102							4	2	Green Isle Gardens:2 | The Natives:2	"Crataegus flava":4	"g":3 | "3g":1	"C":2 | "L":2	
Quercus myrtifolia	2878545	https://www.gbif.org/species/2878545	https://inaturalist-open-data.s3.amazonaws.com/photos/468062295/original.jpg	https://inaturalist-open-data.s3.amazonaws.com/photos/379301750/original.jpg	https://inaturalist-open-data.s3.amazonaws.com/photos/379301742/original.jpg	https://inaturalist-open-data.s3.amazonaws.com/photos/473732404/original.jpeg	https://inaturalist-open-data.s3.amazonaws.com/photos/352407423/original.jpeg	https://www.gbif.org/occurrence/5133186864	https://www.gbif.org/occurrence/4936758631	https://www.gbif.org/occurrence/4516274364	https://www.gbif.org/occurrence/5007547956	4	2	The Natives:3 | Green Isle Gardens:1	"Quercus myrtifolia":4	"g":2 | "15g":1 | "3g":1	"C":2 | "L":1 | "M":1	
Carya glabra	3054325	https://www.gbif.org/species/3054325	https://inaturalist-open-data.s3.amazonaws.com/photos/357128673/original.jpg	https://inaturalist-open-data.s3.amazonaws.com/photos/357128693/original.jpg	https://inaturalist-open-data.s3.amazonaws.com/photos/450629985/original.jpeg	https://inaturalist-open-data.s3.amazonaws.com/photos/257004895/original.jpeg	https://inaturalist-open-data.s3.amazonaws.com/photos/250356579/original.jpeg	https://www.gbif.org/occurrence/3113542065	https://www.gbif.org/occurrence/2826308481	https://www.gbif.org/occurrence/2465308553	https://www.gbif.org/occurrence/3058965018	4	3	The Natives:2 | Green Isle Gardens:1 | McKeithen Growers:1	"Carya glabra":4	"3g":2 | "15g":1 | "g":1	"C":3 | "_":1	
Platanus occidentalis	3152820	https://www.gbif.org/species/3152820	https://www.gbif.org/occurrence/4901792173	https://www.gbif.org/occurrence/3772904035	https://www.gbif.org/occurrence/2238846821	https://www.gbif.org/occurrence/2851239758	https://www.gbif.org/occurrence/4852786126	https://www.gbif.org/occurrence/4054807419	https://www.gbif.org/occurrence/4162575538	https://www.gbif.org/occurrence/4973824971	https://www.gbif.org/occurrence/4506320614	4	2	Marshall Tree Farm:2 | McKeithen Growers:2	"Platanus occidentalis":4	"45g":1 | "7g":1 | "FG":1 | "_":1	"_":3 | "C":1	
Ulmus americana	5361872	https://www.gbif.org/species/5361872	https://www.gbif.org/occurrence/3912116449	https://www.gbif.org/occurrence/4039333396	https://www.gbif.org/occurrence/3712660834	https://www.gbif.org/occurrence/4852242976	https://www.gbif.org/occurrence/3773485105	https://www.gbif.org/occurrence/2596122137	https://www.gbif.org/occurrence/3881581630	https://www.gbif.org/occurrence/4987507252	https://www.gbif.org/occurrence/5062941752	4	2	McKeithen Growers:3 | The Natives:1	"Ulmus americana 'Florida population'":3 | "Ulmus americana":1	"30g":1 | "3g":1 | "45g":1 | "7g":1	"_":3 | "L":1	
Sporobolus junceus	2704776	https://www.gbif.org/species/2704776	https://www.gbif.org/occurrence/4908744318	https://www.gbif.org/occurrence/4952381720	https://www.gbif.org/occurrence/5062845519	https://www.gbif.org/occurrence/5134220664	https://www.gbif.org/occurrence/2634172300	https://www.gbif.org/occurrence/3925441406	https://www.gbif.org/occurrence/3873780362	https://www.gbif.org/occurrence/3384812438	https://www.gbif.org/occurrence/1990515870	3	2	EarthBalance / Green Seasons:2 | Green Isle Gardens:1	"Sporobolus junceus":3	"g":2 | "4 inch":1	"L":1 | "M":1 | "_":1	
Stachytarpheta jamaicensis	2925463	https://www.gbif.org/species/2925463	https://www.gbif.org/occurrence/4081032449	https://www.gbif.org/occurrence/4519105896	https://www.gbif.org/occurrence/4103088210	https://www.gbif.org/occurrence/4116049692	https://www.gbif.org/occurrence/5037076990	https://www.gbif.org/occurrence/1836615942	https://www.gbif.org/occurrence/4153405399	https://www.gbif.org/occurrence/3915635231	https://www.gbif.org/occurrence/2574035709	3	2	EarthBalance / Green Seasons:2 | Green Isle Gardens:1	"Stachytarpheta jamaicensis":3	"g":3	"L":2 | "_":1	
Sophora tomentosa	2958970	https://www.gbif.org/species/2958970	https://www.gbif.org/occurrence/5140135124	https://www.gbif.org/occurrence/5069868048	https://www.gbif.org/occurrence/5140023386	https://www.gbif.org/occurrence/5133926786	https://www.gbif.org/occurrence/5063289424	https://www.gbif.org/occurrence/4854784296	https://www.gbif.org/occurrence/2823161536	https://www.gbif.org/occurrence/3873248572	https://www.gbif.org/occurrence/3873234343	3	1	EarthBalance / Green Seasons:3	"Sophora tomentosa var. truncata":3	"3g":2 | "g":1	"C":1 | "L":1 | "_":1	
Rudbeckia laciniata	3114229	https://www.gbif.org/species/3114229	https://www.gbif.org/occurrence/3455181227	https://www.gbif.org/occurrence/3455919727	https://www.gbif.org/occurrence/2963851021	https://www.gbif.org/occurrence/3383988072	https://www.gbif.org/occurrence/3902561621	https://www.gbif.org/occurrence/3455540097	https://www.gbif.org/occurrence/3456189774	https://www.gbif.org/occurrence/4416772077	https://www.gbif.org/occurrence/4413387326	3	2	EarthBalance / Green Seasons:2 | Green Isle Gardens:1	"Rudbeckia laciniata":3	"g":3	"_":2 | "L":1	
Quercus nigra	2879328	https://www.gbif.org/species/2879328	https://www.gbif.org/occurrence/4080667236	https://www.gbif.org/occurrence/5140482353	https://www.gbif.org/occurrence/4597057550	https://www.gbif.org/occurrence/2856665373	https://www.gbif.org/occurrence/4442468623	https://www.gbif.org/occurrence/4852293908	https://www.gbif.org/occurrence/4607455348	https://www.gbif.org/occurrence/3455534980	https://www.gbif.org/occurrence/5087213911	3	3	EarthBalance / Green Seasons:1 | McKeithen Growers:1 | The Natives:1	"Quercus nigra":3	"7g":2 | "15g":1	"L":2 | "_":1	
Berlandiera subacaulis	3148287	https://www.gbif.org/species/3148287	https://inaturalist-open-data.s3.amazonaws.com/photos/479300258/original.jpg	https://inaturalist-open-data.s3.amazonaws.com/photos/381143002/original.jpg	https://inaturalist-open-data.s3.amazonaws.com/photos/471099247/original.jpg	https://inaturalist-open-data.s3.amazonaws.com/photos/274938326/original.jpeg	https://inaturalist-open-data.s3.amazonaws.com/photos/265626949/original.jpeg	https://www.gbif.org/occurrence/5087912432	https://www.gbif.org/occurrence/4405186804	https://www.gbif.org/occurrence/4129764371	https://www.gbif.org/occurrence/3873697535	3	3	EarthBalance / Green Seasons:1 | Green Isle Gardens:1 | The Natives:1	"Berlandiera subacaulis":3	"g":3	"C":2 | "L":1	
Conocarpus erectus	5421045	https://www.gbif.org/species/5421045	https://www.gbif.org/occurrence/5037231576	https://www.gbif.org/occurrence/5036838925	https://www.gbif.org/occurrence/5007257874	https://www.gbif.org/occurrence/5008455948	https://www.gbif.org/occurrence/4535867281	https://www.gbif.org/occurrence/4852565682	https://www.gbif.org/occurrence/4892249719	https://www.gbif.org/occurrence/3903472595	https://www.gbif.org/occurrence/4516823372	3	1	EarthBalance / Green Seasons:3	"Conocarpus erectus ":3	"3g":2 | "g":1	"C":2 | "_":1	
Rhizophora mangle	3086528	https://www.gbif.org/species/3086528	https://www.gbif.org/occurrence/5063042767	https://www.gbif.org/occurrence/5007575512	https://www.gbif.org/occurrence/5037056445	https://www.gbif.org/occurrence/5087173922	https://www.gbif.org/occurrence/5063843283	https://www.gbif.org/occurrence/5087472709	https://www.gbif.org/occurrence/4145409227	https://www.gbif.org/occurrence/3985690267	https://www.gbif.org/occurrence/5063099964	3	1	EarthBalance / Green Seasons:3	"Rhizophora mangle":3	"3g+":1 | "7g":1 | "g":1	"C":2 | "M":1	
Canna flaccida	5303151	https://www.gbif.org/species/5303151	https://www.gbif.org/occurrence/3112752834	https://www.gbif.org/occurrence/5062478697	https://www.gbif.org/occurrence/3994248134	https://www.gbif.org/occurrence/4500478012	https://www.gbif.org/occurrence/4863444675	https://www.gbif.org/occurrence/5108289105	https://www.gbif.org/occurrence/4138613810	https://www.gbif.org/occurrence/5062468969	https://www.gbif.org/occurrence/5062547562	3	2	EarthBalance / Green Seasons:2 | Beeman's Nursery:1	"Canna flaccida":3	"BR":2 | "g":1	"M":2 | "C":1	
Pontederia cordata	2766030	https://www.gbif.org/species/2766030	https://www.gbif.org/occurrence/5063360251	https://www.gbif.org/occurrence/5070040136	https://www.gbif.org/occurrence/5063038025	https://www.gbif.org/occurrence/5063257282	https://www.gbif.org/occurrence/5087746275	https://www.gbif.org/occurrence/5087911363	https://www.gbif.org/occurrence/4921853155	https://www.gbif.org/occurrence/4973923624	https://www.gbif.org/occurrence/5007060875	3	2	EarthBalance / Green Seasons:2 | Beeman's Nursery:1	"Pontederia cordata ":3	"BR":2 | "g":1	"M":2 | "C":1	
Sagittaria lancifolia	5328895	https://www.gbif.org/species/5328895	https://www.gbif.org/occurrence/5062989930	https://www.gbif.org/occurrence/5036676088	https://www.gbif.org/occurrence/5063081045	https://www.gbif.org/occurrence/5008093561	https://www.gbif.org/occurrence/5076858091	https://www.gbif.org/occurrence/5087594387	https://www.gbif.org/occurrence/4891950252	https://www.gbif.org/occurrence/4937264956	https://www.gbif.org/occurrence/5087216125	3	2	EarthBalance / Green Seasons:2 | Beeman's Nursery:1	"Sagittaria lancifolia subsp. lancifolia":3	"BR":2 | "g":1	"M":2 | "C":1	
Ernodea littoralis	2893696	https://www.gbif.org/species/2893696	https://www.gbif.org/occurrence/4994047722	https://www.gbif.org/occurrence/4919584410	https://www.gbif.org/occurrence/4528321219	https://www.gbif.org/occurrence/5087152674	https://www.gbif.org/occurrence/3873435725	https://www.gbif.org/occurrence/5087068917	https://www.gbif.org/occurrence/4922023624	https://www.gbif.org/occurrence/3408108574	https://www.gbif.org/occurrence/4994070792	3	1	EarthBalance / Green Seasons:3	"Ernodea littoralis":3	"3g":1 | "LN":1 | "g":1	"_":2 | "C":1	
Myrsine cubana	3721881	https://www.gbif.org/species/3721881	https://www.gbif.org/occurrence/5063102900	https://www.gbif.org/occurrence/4978463215	https://www.gbif.org/occurrence/5063198985	https://www.gbif.org/occurrence/5063460000	https://www.gbif.org/occurrence/4516869780	https://www.gbif.org/occurrence/5153443003	https://www.gbif.org/occurrence/4919346590	https://www.gbif.org/occurrence/4945509630	https://www.gbif.org/occurrence/4510086177	3	1	EarthBalance / Green Seasons:3	"Myrsine cubana":3	"3g":2 | "7g":1	"_":2 | "C":1	
Opuntia stricta	5384075	https://www.gbif.org/species/5384075	https://www.gbif.org/occurrence/4512226080	https://www.gbif.org/occurrence/4516233351	https://www.gbif.org/occurrence/4524949816	https://www.gbif.org/occurrence/5153890896	https://www.gbif.org/occurrence/5140122195	https://www.gbif.org/occurrence/3764483469	https://www.gbif.org/occurrence/5007790833	https://www.gbif.org/occurrence/2542991370	https://www.gbif.org/occurrence/3039372148	3	1	EarthBalance / Green Seasons:3	"Opuntia stricta":3	"g":3	"C":2 | "_":1	
Ageratum littorale	8044285	https://www.gbif.org/species/8044285	No occurrence in florida									3	1	EarthBalance / Green Seasons:3	"Ageratum littorale":3	"g":2 | "LN":1	"C":2 | "_":1	
Randia aculeata	5339488	https://www.gbif.org/species/5339488	https://www.gbif.org/occurrence/5037179637	https://www.gbif.org/occurrence/5036914489	https://www.gbif.org/occurrence/4607188939	https://www.gbif.org/occurrence/5063738407	https://www.gbif.org/occurrence/4953041177	https://www.gbif.org/occurrence/5153300127	https://www.gbif.org/occurrence/4901199861	https://www.gbif.org/occurrence/1703142472	https://www.gbif.org/occurrence/3872958544	3	1	EarthBalance / Green Seasons:3	"Randia aculeata":3	"3g":2 | "g":1	"_":2 | "C":1	
Conradina canescens	2927107	https://www.gbif.org/species/2927107	https://www.gbif.org/occurrence/5063298368	https://www.gbif.org/occurrence/5069944212	https://www.gbif.org/occurrence/4516512992	https://www.gbif.org/occurrence/5134178767	https://www.gbif.org/occurrence/5087292969	https://www.gbif.org/occurrence/5133326742	https://www.gbif.org/occurrence/4908867503	https://www.gbif.org/occurrence/4950282032	https://www.gbif.org/occurrence/5007643646	3	2	EarthBalance / Green Seasons:2 | Green Isle Gardens:1	"Conradina canescens":3	"g":3	"C":2 | "_":1	
Liatris tenuifolia	3104337	https://www.gbif.org/species/3104337	https://www.gbif.org/occurrence/5109797955	https://www.gbif.org/occurrence/4430751416	https://www.gbif.org/occurrence/4952864334	https://www.gbif.org/occurrence/4974293194	https://www.gbif.org/occurrence/4431191016	https://www.gbif.org/occurrence/4597416125	https://www.gbif.org/occurrence/2634526265	https://www.gbif.org/occurrence/3947644003	https://www.gbif.org/occurrence/3008537023	3	3	EarthBalance / Green Seasons:1 | Green Isle Gardens:1 | The Natives:1	"Liatris tenuifolia":2 | "Liatris tenuifolia var. quadriflora":1	"g":2 | "qts":1	"C":3	
Piloblephis rigida	2927334	https://www.gbif.org/species/2927334	https://www.gbif.org/occurrence/5063175783	https://www.gbif.org/occurrence/5008125901	https://www.gbif.org/occurrence/5063193617	https://www.gbif.org/occurrence/5008146104	https://www.gbif.org/occurrence/5007731826	https://www.gbif.org/occurrence/5087863519	https://www.gbif.org/occurrence/4936122522	https://www.gbif.org/occurrence/2898515047	https://www.gbif.org/occurrence/5063842960	3	2	EarthBalance / Green Seasons:2 | Green Isle Gardens:1	"Piloblephis rigida":3	"g":3	"C":1 | "L":1 | "_":1	
Rivina humilis	3084027	https://www.gbif.org/species/3084027	https://www.gbif.org/occurrence/4516474120	https://www.gbif.org/occurrence/4510342531	https://www.gbif.org/occurrence/5133602944	https://www.gbif.org/occurrence/5063332138	https://www.gbif.org/occurrence/5140479203	https://www.gbif.org/occurrence/4607468133	https://www.gbif.org/occurrence/4171624763	https://www.gbif.org/occurrence/4993913916	https://www.gbif.org/occurrence/4516465878	3	2	EarthBalance / Green Seasons:2 | Green Isle Gardens:1	"Rivina humilis":3	"g":3	"_":2 | "C":1	
Heliotropium angiospermum	2925809	https://www.gbif.org/species/2925809	https://www.gbif.org/occurrence/5063530041	https://www.gbif.org/occurrence/5088169485	https://www.gbif.org/occurrence/5140484426	https://www.gbif.org/occurrence/4901784296	https://www.gbif.org/occurrence/4937144228	https://www.gbif.org/occurrence/5140046414	https://www.gbif.org/occurrence/3005143746	https://www.gbif.org/occurrence/3873348268	https://www.gbif.org/occurrence/4901784296	3	2	EarthBalance / Green Seasons:2 | Green Isle Gardens:1	"Heliotropium angiospermum":3	"g":3	"C":1 | "L":1 | "_":1	
Pityopsis graminifolia	3094306	https://www.gbif.org/species/3094306	https://www.gbif.org/occurrence/4978193827	https://www.gbif.org/occurrence/4607503329	https://www.gbif.org/occurrence/4987660960	https://www.gbif.org/occurrence/5069957458	https://www.gbif.org/occurrence/4978656076	https://www.gbif.org/occurrence/2634334433	https://www.gbif.org/occurrence/2856641499	https://www.gbif.org/occurrence/3986177878	https://www.gbif.org/occurrence/3759652758	3	2	The Natives:2 | EarthBalance / Green Seasons:1	"Pityopsis graminifolia":3	"g":3	"C":2 | "M":1	
Helianthus angustifolius	3119144	https://www.gbif.org/species/3119144	https://inaturalist-open-data.s3.amazonaws.com/photos/435292170/original.jpeg	https://inaturalist-open-data.s3.amazonaws.com/photos/422227921/original.jpeg	https://inaturalist-open-data.s3.amazonaws.com/photos/435664406/original.jpg	https://inaturalist-open-data.s3.amazonaws.com/photos/435664251/original.jpg	https://inaturalist-open-data.s3.amazonaws.com/photos/435664353/original.jpg	https://www.gbif.org/occurrence/4891996401	https://www.gbif.org/occurrence/3070568950	https://www.gbif.org/occurrence/4954756900	https://www.gbif.org/occurrence/4458451169	3	3	EarthBalance / Green Seasons:1 | Green Isle Gardens:1 | The Natives:1	"Helianthus angustifolius":3	"g":3	"C":2 | "M":1	
Quercus laurifolia	2877708	https://www.gbif.org/species/2877708	https://www.gbif.org/occurrence/5063121951	https://www.gbif.org/occurrence/5087589372	https://www.gbif.org/occurrence/3902087530	https://www.gbif.org/occurrence/5104352434	https://www.gbif.org/occurrence/4925806749	https://www.gbif.org/occurrence/3743049558	https://www.gbif.org/occurrence/3902982602	https://www.gbif.org/occurrence/3456976419	https://www.gbif.org/occurrence/4524955212	3	2	EarthBalance / Green Seasons:2 | McKeithen Growers:1	"Quercus laurifolia":3	"30g":1 | "3g":1 | "g":1	"C":1 | "M":1 | "_":1	
Glandularia maritima	5341156	https://www.gbif.org/species/5341156	https://www.gbif.org/occurrence/3455295334	https://www.gbif.org/occurrence/2620195545	https://www.gbif.org/occurrence/2992880306	https://www.gbif.org/occurrence/3923627933	https://www.gbif.org/occurrence/3468672469	https://www.gbif.org/occurrence/3097130383	https://www.gbif.org/occurrence/5008249432	https://www.gbif.org/occurrence/4465696311	https://www.gbif.org/occurrence/2006064696	3	2	EarthBalance / Green Seasons:2 | Green Isle Gardens:1	"Glandularia maritima":3	"g":3	"C":2 | "_":1	
Eugenia foetida	5417751	https://www.gbif.org/species/5417751	https://www.gbif.org/occurrence/2540857109	https://www.gbif.org/occurrence/4512173562	https://www.gbif.org/occurrence/4924025097	https://www.gbif.org/occurrence/2465090782	https://www.gbif.org/occurrence/5037244360	https://www.gbif.org/occurrence/4165626575	https://www.gbif.org/occurrence/2311334678	https://www.gbif.org/occurrence/2988554407	https://www.gbif.org/occurrence/4516446107	3	1	EarthBalance / Green Seasons:3	"Eugenia foetida":3	"3g":2 | "7g":1	"_":2 | "C":1	
Crossopetalum ilicifolium	5414288	https://www.gbif.org/species/5414288	https://www.gbif.org/occurrence/4516815889	https://www.gbif.org/occurrence/2563589451	https://www.gbif.org/occurrence/4103291640	https://www.gbif.org/occurrence/4926269465	https://www.gbif.org/occurrence/5140540766	https://www.gbif.org/occurrence/3743224020	https://www.gbif.org/occurrence/4138302182	https://www.gbif.org/occurrence/2868337832	https://www.gbif.org/occurrence/4522654343	3	1	EarthBalance / Green Seasons:3	"Crossopetalum ilicifolium":3	"g":2 | "4 inch":1	"_":2 | "C":1	
Salvia coccinea	9278365	https://www.gbif.org/species/9278365	https://www.gbif.org/occurrence/5088024419	https://www.gbif.org/occurrence/5063005933	https://www.gbif.org/occurrence/5140894373	https://www.gbif.org/occurrence/5140881185	https://www.gbif.org/occurrence/5007668435	https://www.gbif.org/occurrence/4080970049	https://www.gbif.org/occurrence/4923606270	https://www.gbif.org/occurrence/5008057909	https://www.gbif.org/occurrence/5069916177	3	3	EarthBalance / Green Seasons:1 | Green Isle Gardens:1 | The Natives:1	"Salvia coccinea":3	"g":3	"C":1 | "L":1 | "_":1	
Yucca aloifolia	2775744	https://www.gbif.org/species/2775744	https://www.gbif.org/occurrence/5087451628	https://www.gbif.org/occurrence/5007870528	https://www.gbif.org/occurrence/4901536542	https://www.gbif.org/occurrence/4901348682	https://www.gbif.org/occurrence/5140905966	https://www.gbif.org/occurrence/5154848051	https://www.gbif.org/occurrence/4993982953	https://www.gbif.org/occurrence/4950371336	https://www.gbif.org/occurrence/5076954670	3	1	EarthBalance / Green Seasons:3	"Yucca aloifolia":3	"3g":1 | "7g":1 | "g":1	"_":3	
Rudbeckia mollis	4934247	https://www.gbif.org/species/4934247	https://www.gbif.org/occurrence/4908411839	https://www.gbif.org/occurrence/4908945220	https://www.gbif.org/occurrence/4901440910	https://www.gbif.org/occurrence/4901679125	https://www.gbif.org/occurrence/4901586478	No occurrences available	https://www.gbif.org/occurrence/4901440910	https://www.gbif.org/occurrence/4900977745	https://www.gbif.org/occurrence/3017950818	3	1	EarthBalance / Green Seasons:3	"Rudbeckia mollis":3	"4 inch":1 | "LN":1 | "g":1	"_":3	
Conradina grandiflora	2927106	https://www.gbif.org/species/2927106	https://www.gbif.org/occurrence/5104607439	https://www.gbif.org/occurrence/4522647926	https://www.gbif.org/occurrence/4919685629	https://www.gbif.org/occurrence/4852293129	https://www.gbif.org/occurrence/4596934436	https://www.gbif.org/occurrence/5108110105	https://www.gbif.org/occurrence/2883005536	https://www.gbif.org/occurrence/3391551534	https://www.gbif.org/occurrence/3988546918	3	3	EarthBalance / Green Seasons:1 | Green Isle Gardens:1 | The Natives:1	"Conradina grandiflora":3	"g":3	"C":2 | "_":1	
Quercus laevis	2878626	https://www.gbif.org/species/2878626	https://inaturalist-open-data.s3.amazonaws.com/photos/400751759/original.jpg	https://inaturalist-open-data.s3.amazonaws.com/photos/464756312/original.jpg	https://inaturalist-open-data.s3.amazonaws.com/photos/461764142/original.jpeg	https://inaturalist-open-data.s3.amazonaws.com/photos/464744241/original.jpeg	https://inaturalist-open-data.s3.amazonaws.com/photos/427350171/original.jpeg	https://www.gbif.org/occurrence/5133191686	https://www.gbif.org/occurrence/4153599752	https://www.gbif.org/occurrence/4976463860	https://www.gbif.org/occurrence/4028862358	3	3	Green Isle Gardens:1 | McKeithen Growers:1 | The Natives:1	"Quercus laevis":3	"g":2 | "15g":1	"C":1 | "L":1 | "_":1	
Carphephorus odoratissimus	7795803	https://www.gbif.org/species/7795803	https://inaturalist-open-data.s3.amazonaws.com/photos/442068651/original.jpeg	https://inaturalist-open-data.s3.amazonaws.com/photos/475144965/original.jpeg	https://inaturalist-open-data.s3.amazonaws.com/photos/284746777/original.jpeg	https://inaturalist-open-data.s3.amazonaws.com/photos/423060822/original.jpeg	https://inaturalist-open-data.s3.amazonaws.com/photos/431259420/original.jpg	https://www.gbif.org/occurrence/4904118531	https://www.gbif.org/occurrence/2826525995	https://www.gbif.org/occurrence/4993902748	https://www.gbif.org/occurrence/3031638218	3	2	The Natives:2 | Green Isle Gardens:1	"Carphephorus odoratissimus var. odoratissimus":2 | "Carphephorus odoratissimus var. subtropicanus":1	"g":2 | "qts":1	"C":3	
Lyonia ferruginea	5333387	https://www.gbif.org/species/5333387	https://inaturalist-open-data.s3.amazonaws.com/photos/361942895/original.jpg	https://inaturalist-open-data.s3.amazonaws.com/photos/362058091/original.jpg	https://inaturalist-open-data.s3.amazonaws.com/photos/351327794/original.jpg	https://inaturalist-open-data.s3.amazonaws.com/photos/473181906/original.jpeg	https://inaturalist-open-data.s3.amazonaws.com/photos/355789323/original.jpeg	https://www.gbif.org/occurrence/5087469539	https://www.gbif.org/occurrence/4440941620	https://www.gbif.org/occurrence/4516364260	https://www.gbif.org/occurrence/4525101698	3	2	The Natives:2 | Green Isle Gardens:1	"Lyonia ferruginea":3	"3g":2 | "g":1	"C":1 | "M":1 | "_":1	
Quercus incana	2878060	https://www.gbif.org/species/2878060	https://inaturalist-open-data.s3.amazonaws.com/photos/457791893/original.jpeg	https://inaturalist-open-data.s3.amazonaws.com/photos/383263809/original.jpg	https://inaturalist-open-data.s3.amazonaws.com/photos/356642859/original.jpg	https://inaturalist-open-data.s3.amazonaws.com/photos/356642803/original.jpg	https://inaturalist-open-data.s3.amazonaws.com/photos/280340531/original.jpg	https://www.gbif.org/occurrence/5134014892	https://www.gbif.org/occurrence/3070321197	https://www.gbif.org/occurrence/2429357425	https://www.gbif.org/occurrence/4028957107	3	2	The Natives:2 | Green Isle Gardens:1	"Quercus incana":3	"3g":1 | "g":1 | "g+":1	"C":2 | "L":1	
Solidago odora	5388923	https://www.gbif.org/species/5388923	https://www.gbif.org/occurrence/3925294636	https://www.gbif.org/occurrence/4946173304	https://www.gbif.org/occurrence/3988765122	https://www.gbif.org/occurrence/3873705924	https://www.gbif.org/occurrence/4165495696	https://www.gbif.org/occurrence/3097049749	https://www.gbif.org/occurrence/2859895520	https://www.gbif.org/occurrence/2423108762	https://www.gbif.org/occurrence/3044845760	3	2	The Natives:2 | Green Isle Gardens:1	"Solidago odora var. chapmanii":2 | "Solidago odora":1	"g":2 | "qts":1	"C":2 | "M":1	
Chrysopsis mariana	5385923	https://www.gbif.org/species/5385923	https://inaturalist-open-data.s3.amazonaws.com/photos/338467156/original.jpg	https://inaturalist-open-data.s3.amazonaws.com/photos/358205719/original.jpg	https://inaturalist-open-data.s3.amazonaws.com/photos/325415900/original.jpeg	https://inaturalist-open-data.s3.amazonaws.com/photos/326430465/original.jpeg	https://inaturalist-open-data.s3.amazonaws.com/photos/325841810/original.jpeg	https://www.gbif.org/occurrence/4597073922	https://www.gbif.org/occurrence/4946413543	https://www.gbif.org/occurrence/5062902722	https://www.gbif.org/occurrence/4993733044	3	2	The Natives:2 | Green Isle Gardens:1	"Chrysopsis mariana":3	"g":2 | "qts":1	"C":1 | "L":1 | "M":1	
Betula nigra	5331532	https://www.gbif.org/species/5331532	https://www.gbif.org/occurrence/5134210818	https://www.gbif.org/occurrence/4987479594	https://www.gbif.org/occurrence/4153364878	https://www.gbif.org/occurrence/3747083026	https://www.gbif.org/occurrence/2244280060	https://www.gbif.org/occurrence/2242785834	https://www.gbif.org/occurrence/3874045791	https://www.gbif.org/occurrence/4407429102	https://www.gbif.org/occurrence/4009903622	3	1	Marshall Tree Farm:3	"Betula nigra 'BNMTF'":3	"FG":3	"_":2 | "C":1	
Gordonia lasianthus	5421090	https://www.gbif.org/species/5421090	https://www.gbif.org/occurrence/4606942563	https://www.gbif.org/occurrence/4924103150	https://www.gbif.org/occurrence/4855419549	https://www.gbif.org/occurrence/4863766699	https://www.gbif.org/occurrence/5007666142	https://www.gbif.org/occurrence/4129689414	https://www.gbif.org/occurrence/4901421363	https://www.gbif.org/occurrence/4954574897	https://www.gbif.org/occurrence/4512218474	3	2	McKeithen Growers:2 | The Natives:1	"Gordonia lasianthus":3	"15g":1 | "45g":1 | "g":1	"_":2 | "L":1	
Andropogon ternarius	2706082	https://www.gbif.org/species/2706082	https://www.gbif.org/occurrence/4440616270	https://www.gbif.org/occurrence/3399185294	https://www.gbif.org/occurrence/3398687925	https://www.gbif.org/occurrence/4952590437	https://www.gbif.org/occurrence/3925178293	https://www.gbif.org/occurrence/3333190371	https://www.gbif.org/occurrence/4911066289	https://www.gbif.org/occurrence/3415739026	https://www.gbif.org/occurrence/2543098320	3	2	The Natives:2 | Cherrylake:1	"Andropogon ternarius":3	"g":2 | "TT":1	"C":1 | "M":1 | "_":1	
Quercus phellos	2880652	https://www.gbif.org/species/2880652	https://www.gbif.org/occurrence/3949067287	https://www.gbif.org/occurrence/4936168555	https://www.gbif.org/occurrence/5109536600	https://www.gbif.org/occurrence/2242783921	https://www.gbif.org/occurrence/3113504588	https://www.gbif.org/occurrence/2645891090	https://www.gbif.org/occurrence/5109224661	No photo	https://www.gbif.org/occurrence/4096426612	3	1	Cherrylake:3	"Quercus phellos":3	"15g":1 | "30g":1 | "45g":1	"_":3	
Laguncularia racemosa	3189382	https://www.gbif.org/species/3189382	https://www.gbif.org/occurrence/5036717388	https://www.gbif.org/occurrence/5063269781	https://www.gbif.org/occurrence/4945859120	https://www.gbif.org/occurrence/5104711498	https://www.gbif.org/occurrence/5134566046	https://www.gbif.org/occurrence/5133833689	https://www.gbif.org/occurrence/4901273680	https://www.gbif.org/occurrence/4416709818	https://www.gbif.org/occurrence/4522653796	2	1	EarthBalance / Green Seasons:2	"Laguncularia racemosa":2	"3g":1 | "g":1	"L":2	
Batis maritima	5414196	https://www.gbif.org/species/5414196	https://www.gbif.org/occurrence/5087459643	https://www.gbif.org/occurrence/5037156132	https://www.gbif.org/occurrence/4868093508	https://www.gbif.org/occurrence/5104377740	https://www.gbif.org/occurrence/5134519731	https://www.gbif.org/occurrence/4465646864	https://www.gbif.org/occurrence/2859986911	https://www.gbif.org/occurrence/3986385400	https://www.gbif.org/occurrence/5070123425	2	1	EarthBalance / Green Seasons:2	"Batis maritima":2	"LN":1 | "g":1	"L":2	
Lycium carolinianum	2928830	https://www.gbif.org/species/2928830	https://www.gbif.org/occurrence/5007669303	https://www.gbif.org/occurrence/5036960575	https://www.gbif.org/occurrence/4935925923	https://www.gbif.org/occurrence/4908595893	https://www.gbif.org/occurrence/5108418439	https://www.gbif.org/occurrence/4096576426	https://www.gbif.org/occurrence/2803122887	https://www.gbif.org/occurrence/4454012868	https://www.gbif.org/occurrence/5063230521	2	1	EarthBalance / Green Seasons:2	"Lycium carolinianum":2	"3g":1 | "7g":1	"L":2	
Annona glabra	5407100	https://www.gbif.org/species/5407100	https://www.gbif.org/occurrence/5140185498	https://www.gbif.org/occurrence/5007599940	https://www.gbif.org/occurrence/5141059888	https://www.gbif.org/occurrence/5141102738	https://www.gbif.org/occurrence/5153456719	https://www.gbif.org/occurrence/4121425418	https://www.gbif.org/occurrence/4165737596	https://www.gbif.org/occurrence/3399289390	https://www.gbif.org/occurrence/4519205674	2	1	EarthBalance / Green Seasons:2	"Annona glabra":2	"3g":1 | "7g":1	"L":2	
Avicennia germinans	2925400	https://www.gbif.org/species/2925400	https://www.gbif.org/occurrence/4852552807	https://www.gbif.org/occurrence/4867840536	https://www.gbif.org/occurrence/5153612804	https://www.gbif.org/occurrence/5007560707	https://www.gbif.org/occurrence/5141111267	https://www.gbif.org/occurrence/5141111267	https://www.gbif.org/occurrence/4891718943	https://www.gbif.org/occurrence/4416663596	https://www.gbif.org/occurrence/3466026991	2	1	EarthBalance / Green Seasons:2	"Avicennia germinans":2	"3g":1 | "g":1	"L":1 | "_":1	
Hibiscus coccineus	3152566	https://www.gbif.org/species/3152566	https://www.gbif.org/occurrence/4133810876	https://www.gbif.org/occurrence/5153450270	https://www.gbif.org/occurrence/4901368887	https://www.gbif.org/occurrence/5153904960	https://www.gbif.org/occurrence/4126921479	https://www.gbif.org/occurrence/4852729043	https://www.gbif.org/occurrence/4172292956	https://www.gbif.org/occurrence/3961451486	https://www.gbif.org/occurrence/5006812642	2	2	EarthBalance / Green Seasons:1 | Green Isle Gardens:1	"Hibiscus coccineus":2	"3g":1 | "g":1	"L":2	
Melochia tomentosa	6686267	https://www.gbif.org/species/6686267	https://www.gbif.org/occurrence/3112445651	https://www.gbif.org/occurrence/4440997875	https://www.gbif.org/occurrence/5087439908	https://www.gbif.org/occurrence/5153898746	https://www.gbif.org/occurrence/3698308062	https://www.gbif.org/occurrence/5087439908	https://www.gbif.org/occurrence/3335235558	https://www.gbif.org/occurrence/4440997875	https://www.gbif.org/occurrence/4458695878	2	1	EarthBalance / Green Seasons:2	"Melochia tomentosa":2	"3g":1 | "g":1	"C":1 | "L":1	
Psychotria ligustrifolia	2920615	https://www.gbif.org/species/2920615	https://www.gbif.org/occurrence/3335351911	https://www.gbif.org/occurrence/5036810175	https://www.gbif.org/occurrence/3407917434	https://www.gbif.org/occurrence/5086933374	https://www.gbif.org/occurrence/4993814849	https://www.gbif.org/occurrence/2028517784	https://www.gbif.org/occurrence/4420808305	https://www.gbif.org/occurrence/4599941439	https://www.gbif.org/occurrence/2465103894	2	1	EarthBalance / Green Seasons:2	"Psychotria ligustrifolia":2	"3g":2	"L":1 | "_":1	
Scaevola plumieri	5407597	https://www.gbif.org/species/5407597	https://www.gbif.org/occurrence/5154005625	https://www.gbif.org/occurrence/4519053918	https://www.gbif.org/occurrence/4852892020	https://www.gbif.org/occurrence/5087272973	https://www.gbif.org/occurrence/4516836057	https://www.gbif.org/occurrence/4901496747	https://www.gbif.org/occurrence/3335213358	https://www.gbif.org/occurrence/2963876688	https://www.gbif.org/occurrence/4519149550	2	1	EarthBalance / Green Seasons:2	"Scaevola plumieri":2	"3g":1 | "g":1	"L":1 | "_":1	
Bacopa monnieri	3171169	https://www.gbif.org/species/3171169	https://www.gbif.org/occurrence/5063252880	https://www.gbif.org/occurrence/5063832034	https://www.gbif.org/occurrence/5140881285	https://www.gbif.org/occurrence/5063175251	https://www.gbif.org/occurrence/5063844914	https://www.gbif.org/occurrence/5154519390	https://www.gbif.org/occurrence/2856500634	https://www.gbif.org/occurrence/4442435513	https://www.gbif.org/occurrence/4910653065	2	1	EarthBalance / Green Seasons:2	"Bacopa monnieri":2	"BR":1 | "LN":1	"C":1 | "M":1	
Suriana maritima	2986073	https://www.gbif.org/species/2986073	https://www.gbif.org/occurrence/5062969654	https://www.gbif.org/occurrence/5037269645	https://www.gbif.org/occurrence/4596988169	https://www.gbif.org/occurrence/4510067085	https://www.gbif.org/occurrence/4528032290	https://www.gbif.org/occurrence/3759624350	https://www.gbif.org/occurrence/3321080008	https://www.gbif.org/occurrence/4516403645	https://www.gbif.org/occurrence/4910970779	2	1	EarthBalance / Green Seasons:2	"Suriana maritima":2	"3g":1 | "g":1	"C":1 | "_":1	
Chiococca alba	2907406	https://www.gbif.org/species/2907406	https://www.gbif.org/occurrence/3705415023	https://www.gbif.org/occurrence/4516258745	https://www.gbif.org/occurrence/5006850800	https://www.gbif.org/occurrence/4946549075	https://www.gbif.org/occurrence/4910761523	https://www.gbif.org/occurrence/3070528477	https://www.gbif.org/occurrence/4925927250	https://www.gbif.org/occurrence/2868092821	https://www.gbif.org/occurrence/3712563457	2	1	EarthBalance / Green Seasons:2	"Chiococca alba":2	"3g":1 | "g":1	"C":1 | "_":1	
Salvia azurea	8283204	https://www.gbif.org/species/8283204	https://www.gbif.org/occurrence/3399366452	https://www.gbif.org/occurrence/3416071342	https://www.gbif.org/occurrence/2901805835	https://www.gbif.org/occurrence/2898290153	https://www.gbif.org/occurrence/3070725330	https://www.gbif.org/occurrence/3113630452	https://www.gbif.org/occurrence/2451739349	https://www.gbif.org/occurrence/4436351426	https://www.gbif.org/occurrence/4994064058	2	1	EarthBalance / Green Seasons:2	"Salvia azurea":2	"g":2	"C":1 | "_":1	
Cephalanthus occidentalis	2923947	https://www.gbif.org/species/2923947	https://www.gbif.org/occurrence/5134015334	https://www.gbif.org/occurrence/5134732004	https://www.gbif.org/occurrence/5140072660	https://www.gbif.org/occurrence/5134414569	https://www.gbif.org/occurrence/5007719058	https://www.gbif.org/occurrence/5134668588	https://www.gbif.org/occurrence/4903794553	https://www.gbif.org/occurrence/3355177410	https://www.gbif.org/occurrence/1990563215	2	1	EarthBalance / Green Seasons:2	"Cephalanthus occidentalis":2	"3g":1 | "g":1	"C":2	
Schizachyrium scoparium	2704432	https://www.gbif.org/species/2704432	https://www.gbif.org/occurrence/4442357499	https://www.gbif.org/occurrence/4980568653	https://www.gbif.org/occurrence/4014875023	https://www.gbif.org/occurrence/4507918801	https://www.gbif.org/occurrence/4465474385	https://www.gbif.org/occurrence/4442357499	No occurrence	https://www.gbif.org/occurrence/4980529414	https://www.gbif.org/occurrence/4980568653	2	1	EarthBalance / Green Seasons:2	"Schizachyrium scoparium":2	"LN":1 | "g":1	"C":1 | "M":1	
Borrichia arborescens	3087127	https://www.gbif.org/species/3087127	https://www.gbif.org/occurrence/5037281327	https://www.gbif.org/occurrence/4525010691	https://www.gbif.org/occurrence/5063770732	https://www.gbif.org/occurrence/5134301454	https://www.gbif.org/occurrence/4525100637	https://www.gbif.org/occurrence/4855195907	https://www.gbif.org/occurrence/3966868326	https://www.gbif.org/occurrence/3415603408	https://www.gbif.org/occurrence/3059052685	2	1	EarthBalance / Green Seasons:2	"Borrichia arborescens":2	"3g":1 | "4 inch":1	"C":1 | "_":1	
Iris savannarum	5298369	https://www.gbif.org/species/5298369	https://www.gbif.org/occurrence/5077042562	https://www.gbif.org/occurrence/5070031152	https://www.gbif.org/occurrence/5077057668	https://www.gbif.org/occurrence/5069945395	https://www.gbif.org/occurrence/5088189478	https://www.gbif.org/occurrence/5087778833	https://www.gbif.org/occurrence/4901289023	https://www.gbif.org/occurrence/3416171324	https://www.gbif.org/occurrence/3456222532	2	1	EarthBalance / Green Seasons:2	"Iris savannarum":2	"BR":1 | "g":1	"M":1 | "_":1	
Panicum hemitomon	2705124	https://www.gbif.org/species/2705124	https://www.gbif.org/occurrence/4853145334	https://www.gbif.org/occurrence/3112591972	https://www.gbif.org/occurrence/3113585777	https://www.gbif.org/occurrence/5153177494	https://www.gbif.org/occurrence/3124721384	https://www.gbif.org/occurrence/3455785408	https://www.gbif.org/occurrence/2850945162	https://www.gbif.org/occurrence/4982184166	https://www.gbif.org/occurrence/4936464530	2	1	EarthBalance / Green Seasons:2	"Panicum hemitomon":2	"BR":1 | "LN":1	"M":1 | "_":1	
Thalia geniculata	5303044	https://www.gbif.org/species/5303044	https://www.gbif.org/occurrence/5108262955	https://www.gbif.org/occurrence/5140406897	https://www.gbif.org/occurrence/4528370359	https://www.gbif.org/occurrence/5108271700	https://www.gbif.org/occurrence/4974328735	https://www.gbif.org/occurrence/5104561407	https://www.gbif.org/occurrence/4908285859	https://www.gbif.org/occurrence/4950359980	https://www.gbif.org/occurrence/4512108745	2	2	Beeman's Nursery:1 | EarthBalance / Green Seasons:1	"Thalia geniculata":2	"BR":2	"M":2	
Lachnanthes caroliana	3715422	https://www.gbif.org/species/3715422	https://www.gbif.org/occurrence/4901987062	https://www.gbif.org/occurrence/5087570033	https://www.gbif.org/occurrence/4891701716	https://www.gbif.org/occurrence/4863457640	https://www.gbif.org/occurrence/4901140812	https://www.gbif.org/occurrence/4116561163	https://www.gbif.org/occurrence/4901902466	https://www.gbif.org/occurrence/4954691703	https://www.gbif.org/occurrence/4516718306	2	1	EarthBalance / Green Seasons:2	"Lachnanthes caroliana":2	"BR":2	"M":2	
Eleocharis cellulosa	2717763	https://www.gbif.org/species/2717763	https://www.gbif.org/occurrence/3455962548	https://www.gbif.org/occurrence/2634301973	https://www.gbif.org/occurrence/3013914208	https://www.gbif.org/occurrence/2814065980	https://www.gbif.org/occurrence/2803009711	https://www.gbif.org/occurrence/4535732170	https://www.gbif.org/occurrence/2803148506	https://www.gbif.org/occurrence/3903271314	https://www.gbif.org/occurrence/3457201271	2	2	Beeman's Nursery:1 | EarthBalance / Green Seasons:1	"Eleocharis cellulosa":2	"BR":2	"M":2	
Phyla nodiflora	5341112	https://www.gbif.org/species/5341112	https://www.gbif.org/occurrence/5076945688	https://www.gbif.org/occurrence/5108428548	https://www.gbif.org/occurrence/5007415045	https://www.gbif.org/occurrence/5134860135	https://www.gbif.org/occurrence/5140252058	https://www.gbif.org/occurrence/5133147566	https://www.gbif.org/occurrence/4908607847	https://www.gbif.org/occurrence/4980578678	https://www.gbif.org/occurrence/4516505008	2	2	EarthBalance / Green Seasons:1 | Green Isle Gardens:1	"Phyla nodiflora":2	"BR":1 | "g":1	"M":2	
Spartina alterniflora	5290035	https://www.gbif.org/species/5290035	https://www.gbif.org/occurrence/5062689178	https://www.gbif.org/occurrence/3384182156	https://www.gbif.org/occurrence/3947478302	https://www.gbif.org/occurrence/4442521091	https://www.gbif.org/occurrence/2573918559	https://www.gbif.org/occurrence/3859065781	https://www.gbif.org/occurrence/4919242689	https://www.gbif.org/occurrence/4973970381	https://www.gbif.org/occurrence/4519272495	2	1	EarthBalance / Green Seasons:2	"Spartina alterniflora":2	"4 inch":1 | "LN":1	"M":2	Synonym of Sporobolus alterniflorus (Loisel.) P.M.Peterson & Saarela
Juncus effusus	2701311	https://www.gbif.org/species/2701311	https://www.gbif.org/occurrence/4067415461	https://www.gbif.org/occurrence/5087905331	https://www.gbif.org/occurrence/4891769664	https://www.gbif.org/occurrence/4535739587	https://www.gbif.org/occurrence/4607270292	https://www.gbif.org/occurrence/4606581128	https://www.gbif.org/occurrence/3355021025	https://www.gbif.org/occurrence/3881481378	https://www.gbif.org/occurrence/4046734331	2	2	Beeman's Nursery:1 | EarthBalance / Green Seasons:1	"Juncus effusus subsp. solutus":2	"BR":1 | "g":1	"M":2	
Schoenoplectus tabernaemontani	2711157	https://www.gbif.org/species/2711157	https://www.gbif.org/occurrence/4851903723	https://www.gbif.org/occurrence/5087210372	https://www.gbif.org/occurrence/4009918657	https://www.gbif.org/occurrence/3764499560	https://www.gbif.org/occurrence/3337556294	https://www.gbif.org/occurrence/3090776005	https://www.gbif.org/occurrence/4046664396	https://www.gbif.org/occurrence/4009918657	https://www.gbif.org/occurrence/1993745342	2	2	Beeman's Nursery:1 | EarthBalance / Green Seasons:1	"Schoenoplectus tabernaemontani":2	"BR":1 | "g":1	"M":1 | "_":1	
Spartina spartinae	5290040	https://www.gbif.org/species/5290040	https://www.gbif.org/occurrence/1899812104	https://www.gbif.org/occurrence/3044708929	https://www.gbif.org/occurrence/4407065974	https://www.gbif.org/occurrence/5037087817	https://www.gbif.org/occurrence/4516515036	https://www.gbif.org/occurrence/1899812104	https://www.gbif.org/occurrence/4407065974	2nd photo https://www.gbif.org/occurrence/5037087817 	Third photo   https://www.gbif.org/occurrence/3044708929	2	1	EarthBalance / Green Seasons:2	"Spartina spartinae":2	"4 inch":1 | "g":1	"M":1 | "_":1	Synonym of Sporobolus spartinae (Trin.) P.M.Peterson & Saarela
Hibiscus aculeatus	3152544	https://www.gbif.org/species/3152544	https://www.gbif.org/occurrence/3858688205	https://www.gbif.org/occurrence/4055014645	https://www.gbif.org/occurrence/2873903903	https://www.gbif.org/occurrence/4908230446	https://www.gbif.org/occurrence/4901575303	https://www.gbif.org/occurrence/3802464732	https://www.gbif.org/occurrence/3859814361	https://www.gbif.org/occurrence/4952764462	https://www.gbif.org/occurrence/3044598826	2	2	EarthBalance / Green Seasons:1 | Green Isle Gardens:1	"Hibiscus aculeatus":2	"g":2	"L":1 | "_":1	
Heliotropium gnaphalodes	4065517	https://www.gbif.org/species/4065517	https://www.gbif.org/occurrence/5036917716	https://www.gbif.org/occurrence/5063043770	https://www.gbif.org/occurrence/5133992857	https://www.gbif.org/occurrence/5104397285	https://www.gbif.org/occurrence/5153811202	https://www.gbif.org/occurrence/2238953968	https://www.gbif.org/occurrence/3335162704	3rd photo  https://www.gbif.org/occurrence/3408200896	https://www.gbif.org/occurrence/4846971226	2	1	EarthBalance / Green Seasons:2	"Heliotropium gnaphalodes":2	"4 inch":1 | "g":1	"_":2	Synonym of Tournefortia gnaphalodes (L.) R.Br.
Symphyotrichum carolinianum	3104917	https://www.gbif.org/species/3104917	https://www.gbif.org/occurrence/5007411052	https://www.gbif.org/occurrence/5036692470	https://www.gbif.org/occurrence/4528296944	https://www.gbif.org/occurrence/5007157468	https://www.gbif.org/occurrence/5062970946	https://www.gbif.org/occurrence/2459990179	https://www.gbif.org/occurrence/4133733829	https://www.gbif.org/occurrence/4440665756	https://www.gbif.org/occurrence/4458707715	2	2	EarthBalance / Green Seasons:1 | The Natives:1	"Symphyotrichum carolinianum":2	"g":2	"C":1 | "_":1	Synonym of Ampelaster carolinianus (Walter) G.L.Nesom
Tradescantia ohiensis	2765175	https://www.gbif.org/species/2765175	https://www.gbif.org/occurrence/5076974575	https://www.gbif.org/occurrence/5110525243	https://www.gbif.org/occurrence/5087644407	https://www.gbif.org/occurrence/5069862281	https://www.gbif.org/occurrence/5087590314	https://www.gbif.org/occurrence/5134795126	https://www.gbif.org/occurrence/3335483641	https://www.gbif.org/occurrence/3712737438	https://www.gbif.org/occurrence/5007102803	2	2	EarthBalance / Green Seasons:1 | Green Isle Gardens:1	"Tradescantia ohiensis":2	"g":2	"C":1 | "_":1	
Eugenia axillaris	5416259	https://www.gbif.org/species/5416259	https://www.gbif.org/occurrence/3902757574	https://www.gbif.org/occurrence/5140010611	https://www.gbif.org/occurrence/2802808754	https://www.gbif.org/occurrence/2850632909	https://www.gbif.org/occurrence/2826294702	https://www.gbif.org/occurrence/5140822433	https://www.gbif.org/occurrence/4165515032	https://www.gbif.org/occurrence/4006681321	https://www.gbif.org/occurrence/4009883681	2	1	EarthBalance / Green Seasons:2	"Eugenia axillaris":2	"3g":1 | "7g":1	"_":2	
Pityopsis tracyi	4227395	https://www.gbif.org/species/4227395	https://inaturalist-open-data.s3.amazonaws.com/photos/452859792/original.jpeg	https://inaturalist-open-data.s3.amazonaws.com/photos/454309325/original.jpeg	https://inaturalist-open-data.s3.amazonaws.com/photos/464634954/original.jpg	https://inaturalist-open-data.s3.amazonaws.com/photos/449658241/original.jpeg	https://inaturalist-open-data.s3.amazonaws.com/photos/253121253/original.jpeg	https://www.gbif.org/occurrence/4096428642	https://www.gbif.org/occurrence/4510218907	https://www.gbif.org/occurrence/4436204019	https://www.gbif.org/occurrence/3455823774	2	2	EarthBalance / Green Seasons:1 | Green Isle Gardens:1	"Pityopsis tracyi":2	"g":2	"M":1 | "_":1	
Bejaria racemosa	2882722	https://www.gbif.org/species/2882722	https://www.gbif.org/occurrence/4872146756	https://www.gbif.org/occurrence/5088034651	https://www.gbif.org/occurrence/5140788802	https://www.gbif.org/occurrence/5007482010	https://www.gbif.org/occurrence/4872589101	https://www.gbif.org/occurrence/5154602388	https://www.gbif.org/occurrence/4902022598	https://www.gbif.org/occurrence/3925289416	https://www.gbif.org/occurrence/4901907113	2	2	Green Isle Gardens:1 | The Natives:1	"Bejaria racemosa":2	"g":2	"C":1 | "L":1	
Carya floridana	3054348	https://www.gbif.org/species/3054348	https://www.gbif.org/occurrence/5133205460	https://www.gbif.org/occurrence/5108429928	https://www.gbif.org/occurrence/3343995930	https://www.gbif.org/occurrence/5153184365	https://www.gbif.org/occurrence/2422828829	https://www.gbif.org/occurrence/5133743149	https://www.gbif.org/occurrence/2814179874	https://www.gbif.org/occurrence/4953030145	https://www.gbif.org/occurrence/5007673353	2	2	Green Isle Gardens:1 | The Natives:1	"Carya floridana":2	"3g":1 | "g":1	"C":1 | "L":1	
Chionanthus virginicus	3172303	https://www.gbif.org/species/3172303	https://www.gbif.org/occurrence/3067923411	https://www.gbif.org/occurrence/4597356069	https://www.gbif.org/occurrence/5108171259	https://www.gbif.org/occurrence/5133537485	https://www.gbif.org/occurrence/4607024710	https://www.gbif.org/occurrence/4597135435	https://www.gbif.org/occurrence/2422888401	https://www.gbif.org/occurrence/3070597154	https://www.gbif.org/occurrence/3947057340	2	1	Green Isle Gardens:2	"Chionanthus virginicus":2	"15g":1 | "3g":1	"L":1 | "_":1	
Justicia pringlei	3771277	https://www.gbif.org/species/3771277	https://www.gbif.org/occurrence/2898455652	https://www.gbif.org/occurrence/4910881725	https://www.gbif.org/occurrence/3994297026	https://www.gbif.org/occurrence/4994465601	https://www.gbif.org/occurrence/4176926552	https://www.gbif.org/occurrence/4910881725	No occurrence live	https://www.gbif.org/occurrence/3499355675	2nd photo https://www.gbif.org/occurrence/4994465601	2	2	Green Isle Gardens:1 | The Natives:1	"Justicia pringlei":2	"g":2	"C":1 | "L":1	
Sabal etonia	2732552	https://www.gbif.org/species/2732552	https://inaturalist-open-data.s3.amazonaws.com/photos/476178455/original.jpeg	https://inaturalist-open-data.s3.amazonaws.com/photos/282909911/original.jpeg	https://inaturalist-open-data.s3.amazonaws.com/photos/282909880/original.jpeg	https://inaturalist-open-data.s3.amazonaws.com/photos/476178458/original.jpeg	https://inaturalist-open-data.s3.amazonaws.com/photos/282909856/original.jpeg	https://www.gbif.org/occurrence/5134027334	https://www.gbif.org/occurrence/4936423718	https://www.gbif.org/occurrence/4976284968	https://www.gbif.org/occurrence/4527935175	2	2	Green Isle Gardens:1 | The Natives:1	"Sabal etonia":2	"g":1 | "g+":1	"L":1 | "M":1	
Garberia heterophylla	3118103	https://www.gbif.org/species/3118103	https://inaturalist-open-data.s3.amazonaws.com/photos/331757906/original.jpg	https://inaturalist-open-data.s3.amazonaws.com/photos/445566680/original.jpeg	https://inaturalist-open-data.s3.amazonaws.com/photos/332726800/original.jpg	https://inaturalist-open-data.s3.amazonaws.com/photos/448130313/original.jpeg	https://inaturalist-open-data.s3.amazonaws.com/photos/455783049/original.jpeg	https://www.gbif.org/occurrence/5087961445	https://www.gbif.org/occurrence/2814374477	https://www.gbif.org/occurrence/4978440301	https://www.gbif.org/occurrence/4512439397	2	2	Green Isle Gardens:1 | The Natives:1	"Garberia heterophylla":2	"g":2	"C":1 | "M":1	
Hypericum tenuifolium	3710846	https://www.gbif.org/species/3710846	https://inaturalist-open-data.s3.amazonaws.com/photos/356461378/original.jpg	https://inaturalist-open-data.s3.amazonaws.com/photos/407725462/original.jpg	https://inaturalist-open-data.s3.amazonaws.com/photos/451467839/original.jpeg	https://inaturalist-open-data.s3.amazonaws.com/photos/343931248/original.jpg	https://inaturalist-open-data.s3.amazonaws.com/photos/407725574/original.jpg	https://www.gbif.org/occurrence/5108139679	https://www.gbif.org/occurrence/4892061493	https://www.gbif.org/occurrence/4982136724	https://www.gbif.org/occurrence/4516603292	2	2	Green Isle Gardens:1 | The Natives:1	"Hypericum tenuifolium":2	"g":2	"C":1 | "M":1	
Quercus chapmanii	2879533	https://www.gbif.org/species/2879533	https://www.gbif.org/occurrence/5087765447	https://www.gbif.org/occurrence/5140172791	https://www.gbif.org/occurrence/4875267980	https://www.gbif.org/occurrence/4875215395	https://www.gbif.org/occurrence/4512193663	https://www.gbif.org/occurrence/5133322999	https://www.gbif.org/occurrence/3988639183	https://www.gbif.org/occurrence/4500569431	https://www.gbif.org/occurrence/4919485664	2	2	Green Isle Gardens:1 | The Natives:1	"Quercus chapmanii":2	"g":2	"C":2	
Balduina angustifolia	3104988	https://www.gbif.org/species/3104988	https://www.gbif.org/occurrence/4528023509	https://www.gbif.org/occurrence/5063762510	https://www.gbif.org/occurrence/4908844946	https://www.gbif.org/occurrence/4516800749	https://www.gbif.org/occurrence/4946182314	https://www.gbif.org/occurrence/3112713136	https://www.gbif.org/occurrence/2823363688	https://www.gbif.org/occurrence/4952309151	https://www.gbif.org/occurrence/4926051724	2	2	Green Isle Gardens:1 | The Natives:1	"Balduina angustifolia":2	"g":2	"C":2	
Chamaecrista fasciculata	2949728	https://www.gbif.org/species/2949728	https://inaturalist-open-data.s3.amazonaws.com/photos/402595542/original.jpeg	https://inaturalist-open-data.s3.amazonaws.com/photos/480329523/original.jpeg	https://inaturalist-open-data.s3.amazonaws.com/photos/462645119/original.jpg	https://inaturalist-open-data.s3.amazonaws.com/photos/464638207/original.jpeg	https://inaturalist-open-data.s3.amazonaws.com/photos/384828721/original.jpg	https://www.gbif.org/occurrence/5141050073	https://www.gbif.org/occurrence/4910769180	https://www.gbif.org/occurrence/4946472672	https://www.gbif.org/occurrence/4009694666	2	2	Green Isle Gardens:1 | The Natives:1	"Chamaecrista fasciculata":2	"g":1 | "qts":1	"C":1 | "L":1	
Helianthus carnosus	3119193	https://www.gbif.org/species/3119193	https://inaturalist-open-data.s3.amazonaws.com/photos/35383304/original.jpeg	https://inaturalist-open-data.s3.amazonaws.com/photos/35383312/original.jpeg	https://inaturalist-open-data.s3.amazonaws.com/photos/35383323/original.jpeg	https://inaturalist-open-data.s3.amazonaws.com/photos/157362973/original.jpg	https://inaturalist-open-data.s3.amazonaws.com/photos/157362640/original.jpg	No photo	https://www.gbif.org/occurrence/2242747864	No photo	https://www.gbif.org/occurrence/4009745666	2	2	Green Isle Gardens:1 | The Natives:1	"Helianthus carnosus":2	"g":2	"C":1 | "M":1	
Helianthus radula	3119165	https://www.gbif.org/species/3119165	https://inaturalist-open-data.s3.amazonaws.com/photos/163658808/original.jpg	https://inaturalist-open-data.s3.amazonaws.com/photos/159162337/original.jpeg	https://inaturalist-open-data.s3.amazonaws.com/photos/329098310/original.jpeg	https://inaturalist-open-data.s3.amazonaws.com/photos/329317826/original.jpg	https://inaturalist-open-data.s3.amazonaws.com/photos/326922226/original.jpg	https://www.gbif.org/occurrence/4076095367	https://www.gbif.org/occurrence/3912175469	https://www.gbif.org/occurrence/4954635958	https://www.gbif.org/occurrence/4924162007	2	2	Green Isle Gardens:1 | The Natives:1	"Helianthus radula":2	"g":2	"C":2	
Juniperus virginiana	2684391	https://www.gbif.org/species/2684391	https://www.gbif.org/occurrence/5007576221	https://www.gbif.org/occurrence/5133156712	https://www.gbif.org/occurrence/5036862438	https://www.gbif.org/occurrence/5087706440	https://www.gbif.org/occurrence/5087168982	https://www.gbif.org/occurrence/4062722847	https://www.gbif.org/occurrence/3892598904	https://www.gbif.org/occurrence/3070578261	https://www.gbif.org/occurrence/4039390701	2	2	Cherrylake:1 | Green Isle Gardens:1	"Juniperus virginiana":2	"3g":1 | "FG":1	"C":1 | "_":1	
Palafoxia feayi	3121715	https://www.gbif.org/species/3121715	https://inaturalist-open-data.s3.amazonaws.com/photos/474405272/original.jpg	https://inaturalist-open-data.s3.amazonaws.com/photos/372518702/original.jpeg	https://inaturalist-open-data.s3.amazonaws.com/photos/473953935/original.jpeg	https://inaturalist-open-data.s3.amazonaws.com/photos/372518577/original.jpeg	https://inaturalist-open-data.s3.amazonaws.com/photos/476892812/medium.jpeg	https://www.gbif.org/occurrence/5153742202	https://www.gbif.org/occurrence/2366128362	2nd photo  https://www.gbif.org/occurrence/4974038726	https://www.gbif.org/occurrence/4516187375	2	2	Green Isle Gardens:1 | The Natives:1	"Palafoxia feayi":2	"g":1 | "qts":1	"C":2	
Palafoxia integrifolia	3121709	https://www.gbif.org/species/3121709	https://www.gbif.org/occurrence/3391342023	2nd photo  https://www.gbif.org/occurrence/4516850868	https://www.gbif.org/occurrence/4978399452	https://www.gbif.org/occurrence/4974180477	https://www.gbif.org/occurrence/4910923123	https://www.gbif.org/occurrence/3858292252	https://www.gbif.org/occurrence/2269309082	https://www.gbif.org/occurrence/4424356985	https://www.gbif.org/occurrence/3455162913	2	2	Green Isle Gardens:1 | The Natives:1	"Palafoxia integrifolia":2	"g":2	"C":2	
Penstemon multiflorus	3171348	https://www.gbif.org/species/3171348	https://inaturalist-open-data.s3.amazonaws.com/photos/362962434/original.jpeg	https://inaturalist-open-data.s3.amazonaws.com/photos/371310242/original.jpg	https://inaturalist-open-data.s3.amazonaws.com/photos/386030253/original.jpg	https://inaturalist-open-data.s3.amazonaws.com/photos/374555068/original.jpg	https://inaturalist-open-data.s3.amazonaws.com/photos/395862778/original.jpeg	https://www.gbif.org/occurrence/4606987526	https://www.gbif.org/occurrence/3860162964	https://www.gbif.org/occurrence/4987642989	https://www.gbif.org/occurrence/3044800435	2	2	Green Isle Gardens:1 | The Natives:1	"Penstemon multiflorus":2	"g":2	"C":2	
Polygonum nesomii	7566501	https://www.gbif.org/species/7566501	https://www.gbif.org/occurrence/5008148360	https://www.gbif.org/occurrence/4994567009	https://www.gbif.org/occurrence/4516288050	https://www.gbif.org/occurrence/4993979165	https://www.gbif.org/occurrence/4974213355	https://www.gbif.org/occurrence/4103310561	https://www.gbif.org/occurrence/2350355934	https://www.gbif.org/occurrence/3947066804	https://www.gbif.org/occurrence/3947402309	2	2	Green Isle Gardens:1 | The Natives:1	"Polygonum nesomii":2	"g":2	"C":2	Synonym of Polygonella robusta (Small) G.L.Nesom & V.M.Bates
Prunus angustifolia	3021368	https://www.gbif.org/species/3021368	https://www.gbif.org/occurrence/4524971161	https://www.gbif.org/occurrence/4438883618	https://www.gbif.org/occurrence/4438885413	https://www.gbif.org/occurrence/2563656021	https://www.gbif.org/occurrence/4919580867	https://www.gbif.org/occurrence/4596940637	https://www.gbif.org/occurrence/2813928865	https://www.gbif.org/occurrence/3384171302	https://www.gbif.org/occurrence/4919695310	2	2	Green Isle Gardens:1 | McKeithen Growers:1	"Prunus angustifolia":2	"15g":1 | "3g+":1	"C":1 | "_":1	
Prunus umbellata	3022674	https://www.gbif.org/species/3022674	https://www.gbif.org/occurrence/4522781511	https://www.gbif.org/occurrence/2451737749	https://www.gbif.org/occurrence/4607285274	https://www.gbif.org/occurrence/4910926585	https://www.gbif.org/occurrence/3456759666	https://www.gbif.org/occurrence/4872114609	https://www.gbif.org/occurrence/2813911785	https://www.gbif.org/occurrence/3398725900	https://www.gbif.org/occurrence/1850901545	2	2	Green Isle Gardens:1 | The Natives:1	"Prunus umbellata":2	"3g+":1 | "g":1	"C":2	
Scutellaria integrifolia	5341355	https://www.gbif.org/species/5341355	https://www.gbif.org/occurrence/4606801044	https://www.gbif.org/occurrence/4851799278	https://www.gbif.org/occurrence/5133769940	https://www.gbif.org/occurrence/4607365651	https://www.gbif.org/occurrence/4852426695	https://www.gbif.org/occurrence/4129811421	https://www.gbif.org/occurrence/2641301375	https://www.gbif.org/occurrence/1703193245	https://www.gbif.org/occurrence/2574030936	2	2	Green Isle Gardens:1 | The Natives:1	"Scutellaria integrifolia":2	"g":2	"C":1 | "L":1	
Solidago stricta	5388869	https://www.gbif.org/species/5388869	https://inaturalist-open-data.s3.amazonaws.com/photos/97168203/original.jpg	https://inaturalist-open-data.s3.amazonaws.com/photos/345985400/original.jpeg	https://inaturalist-open-data.s3.amazonaws.com/photos/436344377/original.jpeg	https://inaturalist-open-data.s3.amazonaws.com/photos/436344454/original.jpeg	https://inaturalist-open-data.s3.amazonaws.com/photos/333989384/original.jpg	no occurrences live	no occurrence live	https://www.gbif.org/occurrence/4440936189	no occurrence live	2	2	Green Isle Gardens:1 | The Natives:1	"Solidago stricta":2	"g":1 | "qts":1	"C":1 | "M":1	
Yucca filamentosa	2775561	https://www.gbif.org/species/2775561	https://inaturalist-open-data.s3.amazonaws.com/photos/396277529/original.jpg	https://inaturalist-open-data.s3.amazonaws.com/photos/461949973/original.jpg	https://inaturalist-open-data.s3.amazonaws.com/photos/383661473/original.jpg	https://inaturalist-open-data.s3.amazonaws.com/photos/383659179/original.jpg	https://inaturalist-open-data.s3.amazonaws.com/photos/350804534/original.jpg	https://www.gbif.org/occurrence/4440936189	https://www.gbif.org/occurrence/4901048842	https://www.gbif.org/occurrence/4863593196	https://www.gbif.org/occurrence/4507685155	2	2	Green Isle Gardens:1 | The Natives:1	"Yucca filamentosa":2	"g":2	"C":2	
Carphephorus corymbosus	3112048	https://www.gbif.org/species/3112048	https://inaturalist-open-data.s3.amazonaws.com/photos/439074796/original.jpeg	https://inaturalist-open-data.s3.amazonaws.com/photos/434243393/original.jpeg	https://inaturalist-open-data.s3.amazonaws.com/photos/429031673/original.jpeg	https://inaturalist-open-data.s3.amazonaws.com/photos/434968981/original.jpeg	https://inaturalist-open-data.s3.amazonaws.com/photos/413568457/original.jpeg	https://www.gbif.org/occurrence/4133747634	https://www.gbif.org/occurrence/4952998874	https://www.gbif.org/occurrence/4952221899	https://www.gbif.org/occurrence/4465679481	2	2	Green Isle Gardens:1 | The Natives:1	"Carphephorus corymbosus ":2	"g":2	"_":2	
Asimina obovata	3158034	https://www.gbif.org/species/3158034	2nd photo  https://www.gbif.org/occurrence/5088072758	https://www.gbif.org/occurrence/5104660548	https://www.gbif.org/occurrence/5134330418	https://www.gbif.org/occurrence/5104608489	https://www.gbif.org/occurrence/5108110041	https://www.gbif.org/occurrence/5104608489	https://www.gbif.org/occurrence/3407940454	https://www.gbif.org/occurrence/4987616549	https://www.gbif.org/occurrence/4176916370	2	2	Green Isle Gardens:1 | The Natives:1	"Asimina obovata":2	"3g":1 | "g":1	"C":1 | "_":1	
Eryngium yuccifolium	3034408	https://www.gbif.org/species/3034408	https://inaturalist-open-data.s3.amazonaws.com/photos/371720906/original.jpg	https://inaturalist-open-data.s3.amazonaws.com/photos/376491977/original.jpeg	https://inaturalist-open-data.s3.amazonaws.com/photos/375518638/original.jpg	https://inaturalist-open-data.s3.amazonaws.com/photos/380247626/original.jpg	https://inaturalist-open-data.s3.amazonaws.com/photos/372441046/original.jpeg	https://www.gbif.org/occurrence/2850935550	https://www.gbif.org/occurrence/3888805870	https://www.gbif.org/occurrence/4417210432	https://www.gbif.org/occurrence/4522713175	2	2	Green Isle Gardens:1 | The Natives:1	"Eryngium yuccifolium":2	"g":2	"L":1 | "_":1	
Taxodium ascendens	2684203	https://www.gbif.org/species/2684203	https://www.gbif.org/occurrence/5087620286	https://www.gbif.org/occurrence/5087744433	https://www.gbif.org/occurrence/5153409385	https://www.gbif.org/occurrence/5134846329	https://www.gbif.org/occurrence/4891640755	https://www.gbif.org/occurrence/4846848428	https://www.gbif.org/occurrence/4177282045	https://www.gbif.org/occurrence/3455316350	https://www.gbif.org/occurrence/5087124143	2	1	McKeithen Growers:2	"Taxodium ascendens":2	"3g":1 | "45g":1	"_":2	
Conoclinium coelestinum	3090343	https://www.gbif.org/species/3090343	https://inaturalist-open-data.s3.amazonaws.com/photos/462596686/original.jpeg	https://inaturalist-open-data.s3.amazonaws.com/photos/409421989/original.jpeg	https://inaturalist-open-data.s3.amazonaws.com/photos/375498252/original.jpeg	https://inaturalist-open-data.s3.amazonaws.com/photos/462570782/original.jpg	https://inaturalist-open-data.s3.amazonaws.com/photos/368614895/original.jpg	https://www.gbif.org/occurrence/5154555079	https://www.gbif.org/occurrence/4923708492	https://www.gbif.org/occurrence/4442497098	https://www.gbif.org/occurrence/2518154638	2	1	The Natives:2	"Conoclinium coelestinum":2	"g":2	"C":1 | "L":1	
Illicium parviflorum	7826434	https://www.gbif.org/species/7826434	https://www.gbif.org/occurrence/4946667336	https://www.gbif.org/occurrence/4875531437	https://www.gbif.org/occurrence/3325508116	https://www.gbif.org/occurrence/4440667782	https://www.gbif.org/occurrence/1890063865	https://www.gbif.org/occurrence/4874987809	https://www.gbif.org/occurrence/4133824893	https://www.gbif.org/occurrence/3912268879	3rd photo https://www.gbif.org/occurrence/3044760507	2	1	The Natives:2	"Illicium parviflorum ":2	"3g":1 | "g":1	"C":1 | "L":1	
Aronia arbutifolia	5363629	https://www.gbif.org/species/5363629	https://inaturalist-open-data.s3.amazonaws.com/photos/260171749/original.jpeg	https://inaturalist-open-data.s3.amazonaws.com/photos/267686100/original.jpg	https://inaturalist-open-data.s3.amazonaws.com/photos/381376451/original.jpg	https://inaturalist-open-data.s3.amazonaws.com/photos/356526725/original.jpg	https://inaturalist-open-data.s3.amazonaws.com/photos/260390098/original.jpeg	https://www.gbif.org/occurrence/4535741116	2nd photo  https://www.gbif.org/occurrence/2984514693	https://www.gbif.org/occurrence/3963230017	https://www.gbif.org/occurrence/4919557112	2	1	The Natives:2	"Aronia arbutifolia":2	"3g":1 | "g":1	"C":1 | "L":1	
Cornus foemina	3082230	https://www.gbif.org/species/3082230	https://inaturalist-open-data.s3.amazonaws.com/photos/64265852/original.jpg	https://inaturalist-open-data.s3.amazonaws.com/photos/64265828/original.jpg	https://inaturalist-open-data.s3.amazonaws.com/photos/66691383/original.jpg	https://inaturalist-open-data.s3.amazonaws.com/photos/373413305/original.jpg	https://inaturalist-open-data.s3.amazonaws.com/photos/66691344/original.jpg	https://www.gbif.org/occurrence/5134051950	https://www.gbif.org/occurrence/4908072287	https://www.gbif.org/occurrence/2459992227	https://www.gbif.org/occurrence/3698358033	2	1	The Natives:2	"Cornus foemina":2	"3g":1 | "g":1	"C":1 | "_":1	
Vaccinium corymbosum	2882849	https://www.gbif.org/species/2882849	https://www.gbif.org/occurrence/4535761879	https://www.gbif.org/occurrence/5134758570	https://www.gbif.org/occurrence/5104351427	https://www.gbif.org/occurrence/5133727038	https://www.gbif.org/occurrence/5064076141	https://www.gbif.org/occurrence/4936483993	https://www.gbif.org/occurrence/2850916309	https://www.gbif.org/occurrence/3455455181	https://www.gbif.org/occurrence/4506288489	2	1	The Natives:2	"Vaccinium corymbosum":2	"3g":1 | "g":1	"C":1 | "_":1	
Ageratina jucunda	5400763	https://www.gbif.org/species/5400763	https://inaturalist-open-data.s3.amazonaws.com/photos/333190381/original.jpeg	https://inaturalist-open-data.s3.amazonaws.com/photos/445787235/original.jpeg	https://inaturalist-open-data.s3.amazonaws.com/photos/447133823/original.jpeg	https://inaturalist-open-data.s3.amazonaws.com/photos/240449565/original.jpeg	https://inaturalist-open-data.s3.amazonaws.com/photos/451329460/original.jpeg	https://www.gbif.org/occurrence/3044554486	https://www.gbif.org/occurrence/1305136258	https://www.gbif.org/occurrence/4438627191	https://www.gbif.org/occurrence/3039317186	2	1	The Natives:2	"Ageratina jucunda":2	"g":1 | "qts":1	"C":1 | "_":1	
Andropogon brachystachyus	2706113	https://www.gbif.org/species/2706113	https://inaturalist-open-data.s3.amazonaws.com/photos/237867308/original.jpg	https://inaturalist-open-data.s3.amazonaws.com/photos/59685140/original.jpeg	https://inaturalist-open-data.s3.amazonaws.com/photos/102949250/original.jpg	https://inaturalist-open-data.s3.amazonaws.com/photos/103018986/original.jpg	https://inaturalist-open-data.s3.amazonaws.com/photos/332152929/original.jpg	https://www.gbif.org/occurrence/4028607369	https://www.gbif.org/occurrence/3874090134	https://www.gbif.org/occurrence/3947127784	https://www.gbif.org/occurrence/3705395989	2	1	The Natives:2	"Andropogon brachystachyus":2	"TT":1 | "g":1	"M":1 | "_":1	
Acoelorraphe wrightii	6418688	https://www.gbif.org/species/6418688	https://www.gbif.org/occurrence/5153737262	https://www.gbif.org/occurrence/5104616513	https://www.gbif.org/occurrence/4597268858	https://www.gbif.org/occurrence/4854819984	https://www.gbif.org/occurrence/4111671680	https://www.gbif.org/occurrence/5153723652	https://www.gbif.org/occurrence/3337595985	https://www.gbif.org/occurrence/4465636285	https://www.gbif.org/occurrence/5063899334	2	1	Cherrylake:2	"Acoelorraphe wrightii":2	"FG":2	"_":2	
Bourreria succulenta	2926102	https://www.gbif.org/species/2926102	https://www.gbif.org/occurrence/4945532108	https://www.gbif.org/occurrence/4921499492	https://www.gbif.org/occurrence/5007322026	https://www.gbif.org/occurrence/4904339657	https://www.gbif.org/occurrence/4440841578	https://www.gbif.org/occurrence/4102627149	https://www.gbif.org/occurrence/4904339657	https://www.gbif.org/occurrence/3468775524	https://www.gbif.org/occurrence/3031954117	1	1	EarthBalance / Green Seasons:1	"Bourreria succulenta":1	"g":1	"L":1	
Varronia globosa	7131431	https://www.gbif.org/species/7131431	2nd photo  https://www.gbif.org/occurrence/4607234370	https://www.gbif.org/occurrence/4980507814	https://www.gbif.org/occurrence/4926234551	https://www.gbif.org/occurrence/4867599018	https://www.gbif.org/occurrence/3759525324	https://www.gbif.org/occurrence/4127129148	https://www.gbif.org/occurrence/4153377647	https://www.gbif.org/occurrence/3328087523	https://www.gbif.org/occurrence/4508045741	1	1	EarthBalance / Green Seasons:1	"Varronia globosa":1	"g":1	"L":1	
Guapira discolor	3086055	https://www.gbif.org/species/3086055	https://www.gbif.org/occurrence/5062968887	https://www.gbif.org/occurrence/4910717818	https://www.gbif.org/occurrence/4910751458	https://www.gbif.org/occurrence/4936768615	https://www.gbif.org/occurrence/3859383631	https://www.gbif.org/occurrence/4075630229	https://www.gbif.org/occurrence/4165430577	https://www.gbif.org/occurrence/4413655027	https://www.gbif.org/occurrence/3018033014	1	1	EarthBalance / Green Seasons:1	"Guapira discolor":1	"g":1	"L":1	
Neptunia pubescens	5353554	https://www.gbif.org/species/5353554	https://www.gbif.org/occurrence/4904169549	https://www.gbif.org/occurrence/4987585811	https://www.gbif.org/occurrence/4524942739	https://www.gbif.org/occurrence/4935678190	https://www.gbif.org/occurrence/2574100414	https://www.gbif.org/occurrence/4416847347	https://www.gbif.org/occurrence/3881756128	https://www.gbif.org/occurrence/4416883750	https://www.gbif.org/occurrence/2574100414	1	1	EarthBalance / Green Seasons:1	"Neptunia pubescens":1	"g":1	"L":1	
Panicum virgatum	2705081	https://www.gbif.org/species/2705081	https://www.gbif.org/occurrence/4903773147	https://www.gbif.org/occurrence/4458648771	https://www.gbif.org/occurrence/4138738049	https://www.gbif.org/occurrence/3860018873	https://www.gbif.org/occurrence/3314312542	https://www.gbif.org/occurrence/5134525965	https://www.gbif.org/occurrence/4138738049	https://www.gbif.org/occurrence/3915426267	https://www.gbif.org/occurrence/2550020927	1	1	EarthBalance / Green Seasons:1	"Panicum virgatum":1	"g":1	"L":1	
Baccharis halimifolia	3129663	https://www.gbif.org/species/3129663	https://www.gbif.org/occurrence/4982214496	https://www.gbif.org/occurrence/4978606549	https://www.gbif.org/occurrence/4980489172	https://www.gbif.org/occurrence/5110528065	https://www.gbif.org/occurrence/4994507788	https://www.gbif.org/occurrence/5104409982	https://www.gbif.org/occurrence/4926091560	https://www.gbif.org/occurrence/4982184972	https://www.gbif.org/occurrence/4994046478	1	1	EarthBalance / Green Seasons:1	"Baccharis halimifolia":1	"3g":1	"L":1	
Nephrolepis exaltata	2650927	https://www.gbif.org/species/2650927	https://www.gbif.org/occurrence/5087847327	https://www.gbif.org/occurrence/4596961408	3rd photo   https://www.gbif.org/occurrence/4145450954	https://www.gbif.org/occurrence/2451595210	https://www.gbif.org/occurrence/1931512937	https://www.gbif.org/occurrence/2851018531	https://www.gbif.org/occurrence/1850931245	https://www.gbif.org/occurrence/3415467051	https://www.gbif.org/occurrence/4034697549	1	1	EarthBalance / Green Seasons:1	"Nephrolepis exaltata":1	"4 inch":1	"C":1	
Paspalum monostachyum	2705600	https://www.gbif.org/species/2705600	https://www.gbif.org/occurrence/5070047605	2nd photo  https://www.gbif.org/occurrence/5069961704	6th photo  https://www.gbif.org/occurrence/4436063204	https://www.gbif.org/occurrence/3872962562	https://www.gbif.org/occurrence/2619936567	3rd photo  https://www.gbif.org/occurrence/2619936567	no live occurrence	https://www.gbif.org/occurrence/3872962562	https://www.gbif.org/occurrence/5070047605	1	1	EarthBalance / Green Seasons:1	"Paspalum monostachyum":1	"g":1	"C":1	
Acrostichum danaeifolium	2651707	https://www.gbif.org/species/2651707	2nd photo https://www.gbif.org/occurrence/4901294671	2nd photo https://www.gbif.org/occurrence/4607273471	https://www.gbif.org/occurrence/4018220277	https://www.gbif.org/occurrence/4919247549	https://www.gbif.org/occurrence/4982227540	https://www.gbif.org/occurrence/4852412779	https://www.gbif.org/occurrence/4162197159	https://www.gbif.org/occurrence/5062854142	https://www.gbif.org/occurrence/4512384499	1	1	EarthBalance / Green Seasons:1	"Acrostichum danaeifolium":1	"3g":1	"C":1	
Eleocharis interstincta	2716972	https://www.gbif.org/species/2716972	https://www.gbif.org/occurrence/5076971621	https://www.gbif.org/occurrence/5076966940	2nd photo  https://www.gbif.org/occurrence/5063492937	https://www.gbif.org/occurrence/4981944903	https://www.gbif.org/occurrence/4535655435	https://www.gbif.org/occurrence/3858371348	https://www.gbif.org/occurrence/4145770701	https://www.gbif.org/occurrence/3391321781	https://www.gbif.org/occurrence/3457005510	1	1	EarthBalance / Green Seasons:1	"Eleocharis interstincta":1	"g":1	"C":1	
Solidago canadensis	5389029	https://www.gbif.org/species/5389029	no live occurrences in Florida									1	1	EarthBalance / Green Seasons:1	"Solidago canadensis var. scabra":1	"g":1	"C":1	
Chrysopsis floridana	5385919	https://www.gbif.org/species/5385919	https://www.gbif.org/occurrence/4516699667	https://www.gbif.org/occurrence/4516407928	https://www.gbif.org/occurrence/4923809482	https://www.gbif.org/occurrence/4980730587	https://www.gbif.org/occurrence/4519251658	https://www.gbif.org/occurrence/3067851486	https://www.gbif.org/occurrence/3873282930	https://www.gbif.org/occurrence/4980432466	https://www.gbif.org/occurrence/3947496502	1	1	EarthBalance / Green Seasons:1	"Chrysopsis floridana":1	"g":1	"C":1	
Iva frutescens	5402625	https://www.gbif.org/species/5402625	https://www.gbif.org/occurrence/5063487014	https://www.gbif.org/occurrence/5108153780	https://www.gbif.org/occurrence/2540741120	https://www.gbif.org/occurrence/4465362154	https://www.gbif.org/occurrence/4465375160	https://www.gbif.org/occurrence/4076267251	https://www.gbif.org/occurrence/3889038911	https://www.gbif.org/occurrence/1831218887	https://www.gbif.org/occurrence/4921562029	1	1	EarthBalance / Green Seasons:1	"Iva frutescens":1	"3g":1	"C":1	
Bacopa caroliniana	3171189	https://www.gbif.org/species/3171189	https://www.gbif.org/occurrence/5070073326	https://www.gbif.org/occurrence/5133853901	https://www.gbif.org/occurrence/3860480245	https://www.gbif.org/occurrence/4103290736	https://www.gbif.org/occurrence/3902251226	https://www.gbif.org/occurrence/4606705998	https://www.gbif.org/occurrence/5062748018	https://www.gbif.org/occurrence/4420884962	https://www.gbif.org/occurrence/4512099599	1	1	EarthBalance / Green Seasons:1	"Bacopa caroliniana":1	"BR":1	"M":1	
Persicaria punctata	6390957	https://www.gbif.org/species/6390957	https://www.gbif.org/occurrence/5109796314	https://www.gbif.org/occurrence/4855064786	https://www.gbif.org/occurrence/2823351412	https://www.gbif.org/occurrence/3113581776	https://www.gbif.org/occurrence/4112026877	https://www.gbif.org/occurrence/3802616708	https://www.gbif.org/occurrence/3892404889	https://www.gbif.org/occurrence/4919475346	https://www.gbif.org/occurrence/5007068441	1	1	EarthBalance / Green Seasons:1	"Persicaria punctata":1	"BR":1	"M":1	
Sagittaria latifolia	5328909	https://www.gbif.org/species/5328909	https://www.gbif.org/occurrence/4954390301	https://www.gbif.org/occurrence/3408199174	https://www.gbif.org/occurrence/3961365070	https://www.gbif.org/occurrence/5007459374	https://www.gbif.org/occurrence/5140526507	https://www.gbif.org/occurrence/3872979582	https://www.gbif.org/occurrence/3355439503	https://www.gbif.org/occurrence/2988682790	https://www.gbif.org/occurrence/4465746057	1	1	EarthBalance / Green Seasons:1	"Sagittaria latifolia":1	"BR":1	"M":1	
Telmatoblechnum serrulatum	7633685	https://www.gbif.org/species/7633685	https://www.gbif.org/occurrence/5037258818	https://www.gbif.org/occurrence/5036731146	https://www.gbif.org/occurrence/4138685274	https://www.gbif.org/occurrence/5087674803	https://www.gbif.org/occurrence/4522714541	https://www.gbif.org/occurrence/5108503419	https://www.gbif.org/occurrence/4407263282	https://www.gbif.org/occurrence/4945695817	https://www.gbif.org/occurrence/4528049533	1	1	EarthBalance / Green Seasons:1	"Telmatoblechnum serrulatum":1	"BR":1	"M":1	
Hypericum fasciculatum	3189454	https://www.gbif.org/species/3189454	https://www.gbif.org/occurrence/5140888639	https://www.gbif.org/occurrence/5108083815	https://www.gbif.org/occurrence/5007740757	https://www.gbif.org/occurrence/5076897191	https://www.gbif.org/occurrence/5140008476	https://www.gbif.org/occurrence/5140156861	https://www.gbif.org/occurrence/4875178874	https://www.gbif.org/occurrence/4424518306	https://www.gbif.org/occurrence/4525146294	1	1	EarthBalance / Green Seasons:1	"Hypericum fasciculatum":1	"BR":1	"M":1	
Cladium jamaicense	2731343	https://www.gbif.org/species/2731343	https://www.gbif.org/occurrence/4525190603	https://www.gbif.org/occurrence/5104508253	https://www.gbif.org/occurrence/5140327149	https://www.gbif.org/occurrence/4854899169	https://www.gbif.org/occurrence/5140300164	https://www.gbif.org/occurrence/5134418293	https://www.gbif.org/occurrence/3314639490	https://www.gbif.org/occurrence/4454074189	https://www.gbif.org/occurrence/3747424490	1	1	EarthBalance / Green Seasons:1	"Cladium jamaicense":1	"4 inch":1	"M":1	Synonym of Cladium mariscus subsp. jamaicense (Crantz) Kük.
Kosteletzkya pentacarpos	4939647	https://www.gbif.org/species/4939647	https://www.gbif.org/occurrence/4911100638	https://www.gbif.org/occurrence/4901418951	https://www.gbif.org/occurrence/4908837456	https://www.gbif.org/occurrence/4597491659	https://www.gbif.org/occurrence/4901508664	https://www.gbif.org/occurrence/4112093492	https://www.gbif.org/occurrence/4138705648	https://www.gbif.org/occurrence/4420705004	https://www.gbif.org/occurrence/2988528880	1	1	EarthBalance / Green Seasons:1	"Kosteletzkya pentacarpos":1	"g":1	"_":1	
Blutaparon vermiculare	3085046	https://www.gbif.org/species/3085046	https://www.gbif.org/occurrence/5087431897	https://www.gbif.org/occurrence/5076858752	https://www.gbif.org/occurrence/4854967709	https://www.gbif.org/occurrence/5108373803	https://www.gbif.org/occurrence/5076914181	https://www.gbif.org/occurrence/5153670398	2nd photo  https://www.gbif.org/occurrence/4901165911	https://www.gbif.org/occurrence/3456655521	https://www.gbif.org/occurrence/4510112811	1	1	EarthBalance / Green Seasons:1	"Blutaparon vermiculare":1	"3g+":1	"_":1	
Saururus cernuus	5384932	https://www.gbif.org/species/5384932	https://www.gbif.org/occurrence/5088049013	https://www.gbif.org/occurrence/5007666253	https://www.gbif.org/occurrence/5007666253	https://www.gbif.org/occurrence/5087894127	https://www.gbif.org/occurrence/5140407392	https://www.gbif.org/occurrence/5134371967	https://www.gbif.org/occurrence/3881519017	https://www.gbif.org/occurrence/4453755303	https://www.gbif.org/occurrence/5087318068	1	1	EarthBalance / Green Seasons:1	"Saururus cernuus":1	"g":1	"_":1	
Lobelia cardinalis	5408269	https://www.gbif.org/species/5408269	https://www.gbif.org/occurrence/4130195649	https://www.gbif.org/occurrence/5134330237	https://www.gbif.org/occurrence/4015320359	https://www.gbif.org/occurrence/3947326665	https://www.gbif.org/occurrence/2429340424	https://www.gbif.org/occurrence/4853213005	https://www.gbif.org/occurrence/2813978963	https://www.gbif.org/occurrence/4430534235	https://www.gbif.org/occurrence/4535774105	1	1	EarthBalance / Green Seasons:1	"Lobelia cardinalis":1	"g":1	"_":1	
Prunus caroliniana	3023558	https://www.gbif.org/species/3023558	https://www.gbif.org/occurrence/5063747572	https://www.gbif.org/occurrence/5087904926	https://www.gbif.org/occurrence/5087309075	https://www.gbif.org/occurrence/5087169177	2nd photo  https://www.gbif.org/occurrence/5087427038	https://www.gbif.org/occurrence/5087461566	https://www.gbif.org/occurrence/4911095532	https://www.gbif.org/occurrence/3912298310	https://www.gbif.org/occurrence/5087215040	1	1	EarthBalance / Green Seasons:1	"Prunus caroliniana":1	"3g":1	"_":1	
Opuntia abjecta	5384090	https://www.gbif.org/species/5384090	2nd photo  https://www.gbif.org/occurrence/3915331493	Just two occurrences with three photos in Florida.	https://www.gbif.org/occurrence/3915331493	https://www.gbif.org/occurrence/2557718022	Just two occurrences with three photos in Florida.					1	1	EarthBalance / Green Seasons:1	"Opuntia abjecta":1	"g":1	"_":1	
Baccharis dioica	3129751	https://www.gbif.org/species/3129751	2nd photo  https://www.gbif.org/occurrence/5087022890	https://www.gbif.org/occurrence/5087041935	https://www.gbif.org/occurrence/4039347533	https://www.gbif.org/occurrence/4039250717	https://www.gbif.org/occurrence/5088065505	https://www.gbif.org/occurrence/5087022890	3rd photo https://www.gbif.org/occurrence/5088065505	https://www.gbif.org/occurrence/5087120323	no occurrence	1	1	EarthBalance / Green Seasons:1	"Baccharis dioica":1	"3g":1	"_":1	
Calamintha georgiana	5341441	https://www.gbif.org/species/5341441	no live occurrences in Florida									1	1	EarthBalance / Green Seasons:1	"Calamintha georgiana":1	"g":1	"_":1	
Iris virginica	5298008	https://www.gbif.org/species/5298008	https://www.gbif.org/occurrence/5108224652	https://www.gbif.org/occurrence/5104542641	https://www.gbif.org/occurrence/5134420717	https://www.gbif.org/occurrence/4607055521	https://www.gbif.org/occurrence/4949874814	https://www.gbif.org/occurrence/5062664662	no occurrence	2nd photo https://www.gbif.org/occurrence/4980360589	https://www.gbif.org/occurrence/4080671231	1	1	Beeman's Nursery:1	"Iris virginica":1	"BR":1	"M":1	
Eleocharis montana	2717236	https://www.gbif.org/species/2717236	no live occurrences in Florida									1	1	Beeman's Nursery:1	"Eleocharis montana":1	"BR":1	"_":1	
Amorpha fruticosa	5357407	https://www.gbif.org/species/5357407	https://www.gbif.org/occurrence/5134552764	https://www.gbif.org/occurrence/4919348243	https://www.gbif.org/occurrence/5133328923	https://www.gbif.org/occurrence/5153151036	https://www.gbif.org/occurrence/4901952519	https://www.gbif.org/occurrence/5153030555	https://www.gbif.org/occurrence/1880611940	https://www.gbif.org/occurrence/4407141118	https://www.gbif.org/occurrence/3902637893	1	1	Green Isle Gardens:1	"Amorpha fruticosa":1	"g+":1	"L":1	
Arnoglossum ovatum	5390058	https://www.gbif.org/species/5390058	https://www.gbif.org/occurrence/4924052972	https://www.gbif.org/occurrence/3090883991	https://www.gbif.org/occurrence/4145388524	https://www.gbif.org/occurrence/4921548906	https://www.gbif.org/occurrence/4137701356	https://www.gbif.org/occurrence/2273256130	https://www.gbif.org/occurrence/4431005592	https://www.gbif.org/occurrence/2999186896		1	1	Green Isle Gardens:1	"Arnoglossum ovatum":1	"g":1	"L":1	
Carphephorus paniculatus	3112034	https://www.gbif.org/species/3112034	https://www.gbif.org/occurrence/4982166444	https://www.gbif.org/occurrence/4978601873	https://www.gbif.org/occurrence/5153497203	https://www.gbif.org/occurrence/4980565830	https://www.gbif.org/occurrence/4974245560	https://www.gbif.org/occurrence/3859538741	https://www.gbif.org/occurrence/3070494972	https://www.gbif.org/occurrence/3961286465	https://www.gbif.org/occurrence/5007084164	1	1	Green Isle Gardens:1	"Carphephorus paniculatus":1	"g":1	"L":1	
Dalea adenopoda	5353454	https://www.gbif.org/species/5353454	https://www.gbif.org/occurrence/4176940476	https://www.gbif.org/occurrence/4994075028	https://www.gbif.org/occurrence/4919574016	https://www.gbif.org/occurrence/4973886747	https://www.gbif.org/occurrence/4911059737	https://www.gbif.org/occurrence/2963767332	https://www.gbif.org/occurrence/1883550249	https://www.gbif.org/occurrence/1703223025	https://www.gbif.org/occurrence/4606702436	1	1	Green Isle Gardens:1	"Dalea adenopoda":1	"g":1	"L":1	
Erigeron quercifolius	7363888	https://www.gbif.org/species/7363888	https://www.gbif.org/occurrence/5064051978	https://www.gbif.org/occurrence/5063075106	https://www.gbif.org/occurrence/5104434902	https://www.gbif.org/occurrence/5087640498	https://www.gbif.org/occurrence/5087937178	https://www.gbif.org/occurrence/5104336720	https://www.gbif.org/occurrence/2283061874	https://www.gbif.org/occurrence/3415904412	https://www.gbif.org/occurrence/5087226422	1	1	Green Isle Gardens:1	"Erigeron quercifolius":1	"g":1	"L":1	
Glandularia tampensis	5341144	https://www.gbif.org/species/5341144	https://www.gbif.org/occurrence/1847570841	https://www.gbif.org/occurrence/5069735476	https://www.gbif.org/occurrence/2603287406	https://www.gbif.org/occurrence/4851730647	https://www.gbif.org/occurrence/4075714443	https://www.gbif.org/occurrence/3061656828	no occurrence	https://www.gbif.org/occurrence/2868094185	https://www.gbif.org/occurrence/2006035862	1	1	Green Isle Gardens:1	"Glandularia tampensis":1	"g":1	"L":1	
Morus rubra	5361886	https://www.gbif.org/species/5361886	https://www.gbif.org/occurrence/5087828328	https://www.gbif.org/occurrence/5110528899	https://www.gbif.org/occurrence/3112329219	https://www.gbif.org/occurrence/3079641245	https://www.gbif.org/occurrence/2238913051	https://www.gbif.org/occurrence/3383850663	https://www.gbif.org/occurrence/1677305134	https://www.gbif.org/occurrence/4950183467	https://www.gbif.org/occurrence/4039369945	1	1	Green Isle Gardens:1	"Morus rubra":1	"3g":1	"L":1	
Opuntia humifusa	5384047	https://www.gbif.org/species/5384047	https://www.gbif.org/occurrence/3986056325	https://www.gbif.org/occurrence/3802392645	https://www.gbif.org/occurrence/4111658692	https://www.gbif.org/occurrence/3070364999	https://www.gbif.org/occurrence/4910940601	https://www.gbif.org/occurrence/2238909041	https://www.gbif.org/occurrence/1850941628	https://www.gbif.org/occurrence/2550037523	2nd photo  https://www.gbif.org/occurrence/2557856003	1	1	Green Isle Gardens:1	"Opuntia humifusa":1	"g":1	"L":1	
Senna ligustrina	2957907	https://www.gbif.org/species/2957907	https://inaturalist-open-data.s3.amazonaws.com/photos/382814056/original.jpeg	https://inaturalist-open-data.s3.amazonaws.com/photos/373362260/original.jpg	https://inaturalist-open-data.s3.amazonaws.com/photos/472521806/original.jpg	https://inaturalist-open-data.s3.amazonaws.com/photos/101230283/original.jpg	https://inaturalist-open-data.s3.amazonaws.com/photos/242591611/original.jpg	https://www.gbif.org/occurrence/4910974158	https://www.gbif.org/occurrence/3333177357	https://www.gbif.org/occurrence/3327893262	https://www.gbif.org/occurrence/4516648413	1	1	Green Isle Gardens:1	"Senna ligustrina":1	"g":1	"L":1	
Ximenia americana	2889811	https://www.gbif.org/species/2889811	https://www.gbif.org/occurrence/5007626134	https://www.gbif.org/occurrence/5008176525	https://www.gbif.org/occurrence/5140683864	https://www.gbif.org/occurrence/5108337488	https://www.gbif.org/occurrence/4908071311	https://www.gbif.org/occurrence/5140775441	https://www.gbif.org/occurrence/4137965294	https://www.gbif.org/occurrence/4945822664	https://www.gbif.org/occurrence/5063123093	1	1	Green Isle Gardens:1	"Ximenia americana":1	"g":1	"L":1	
Nolina brittoniana	2776991	https://www.gbif.org/species/2776991	https://inaturalist-open-data.s3.amazonaws.com/photos/391773901/original.jpeg	https://inaturalist-open-data.s3.amazonaws.com/photos/370890136/original.jpg	https://inaturalist-open-data.s3.amazonaws.com/photos/119905856/original.jpg	https://inaturalist-open-data.s3.amazonaws.com/photos/66419977/original.jpg	https://inaturalist-open-data.s3.amazonaws.com/photos/364108629/original.jpeg	https://www.gbif.org/occurrence/5153236274	https://www.gbif.org/occurrence/4134217639	https://www.gbif.org/occurrence/4416641707	https://www.gbif.org/occurrence/4177136439	1	1	Green Isle Gardens:1	"Nolina brittoniana":1	"g":1	"C":1	
Chrysopsis subulata	5385915	https://www.gbif.org/species/5385915	https://www.gbif.org/occurrence/4910758060	https://www.gbif.org/occurrence/4904239329	https://www.gbif.org/occurrence/4165611802	https://www.gbif.org/occurrence/4904058838	https://www.gbif.org/occurrence/2823269803	https://www.gbif.org/occurrence/3070576969	https://www.gbif.org/occurrence/4904000820	https://www.gbif.org/occurrence/3067673667	https://www.gbif.org/occurrence/5063647122	1	1	Green Isle Gardens:1	"Chrysopsis subulata":1	"g":1	"C":1	
Echinacea purpurea	3150935	https://www.gbif.org/species/3150935	2nd photo  https://www.gbif.org/occurrence/4909270418 	https://www.gbif.org/occurrence/4416899559	https://www.gbif.org/occurrence/4903960613	https://www.gbif.org/occurrence/4863582871	https://www.gbif.org/occurrence/4909270418	https://www.gbif.org/occurrence/3949655525	https://www.gbif.org/occurrence/3949891139	No occurrences.	No occurrences.	1	1	Green Isle Gardens:1	"Echinacea purpurea":1	"g":1	"C":1	
Hydrangea quercifolia	2985993	https://www.gbif.org/species/2985993	https://www.gbif.org/occurrence/5140028138	https://www.gbif.org/occurrence/4863451493	https://www.gbif.org/occurrence/4853169577	https://www.gbif.org/occurrence/4851740727	https://www.gbif.org/occurrence/4606768862	https://www.gbif.org/occurrence/3118396445	https://www.gbif.org/occurrence/3873427352	https://www.gbif.org/occurrence/4846759627	https://www.gbif.org/occurrence/3902022004	1	1	Green Isle Gardens:1	"Hydrangea quercifolia":1	"3g":1	"C":1	
Liatris chapmanii	3104307	https://www.gbif.org/species/3104307	https://www.gbif.org/occurrence/4945695752	https://www.gbif.org/occurrence/4937048023	https://www.gbif.org/occurrence/4945812746	https://www.gbif.org/occurrence/4952279732	https://www.gbif.org/occurrence/4936358575	https://www.gbif.org/occurrence/4867958652	https://www.gbif.org/occurrence/2823297704	https://www.gbif.org/occurrence/4424397816	https://www.gbif.org/occurrence/3031749774	1	1	Green Isle Gardens:1	"Liatris chapmanii":1	"g":1	"C":1	
Liatris gracilis	3104338	https://www.gbif.org/species/3104338	https://www.gbif.org/occurrence/3961340747	https://www.gbif.org/occurrence/4430586632	https://www.gbif.org/occurrence/4153453996	https://www.gbif.org/occurrence/4952373559	https://www.gbif.org/occurrence/4926372216	https://www.gbif.org/occurrence/4177141356	https://www.gbif.org/occurrence/3785077400	https://www.gbif.org/occurrence/3902049570	https://www.gbif.org/occurrence/3784711414	1	1	Green Isle Gardens:1	"Liatris gracilis":1	"g":1	"C":1	
Phlox divaricata	2927730	https://www.gbif.org/species/2927730	https://www.gbif.org/occurrence/4606856933	https://www.gbif.org/occurrence/5008370866	https://www.gbif.org/occurrence/4034864811	https://www.gbif.org/occurrence/4596830746	https://www.gbif.org/occurrence/5037148423	2nd photo  https://www.gbif.org/occurrence/4054940765	no occurrence	No occurrences.	https://www.gbif.org/occurrence/3059123881	1	1	Green Isle Gardens:1	"Phlox divaricata":1	"g":1	"C":1	
Quercus pumila	2878192	https://www.gbif.org/species/2878192	https://www.gbif.org/occurrence/5140209058	https://www.gbif.org/occurrence/5153818095	https://www.gbif.org/occurrence/5104732768	https://www.gbif.org/occurrence/5134345073	https://www.gbif.org/occurrence/2429525610	https://www.gbif.org/occurrence/5140214973	https://www.gbif.org/occurrence/4522471603	https://www.gbif.org/occurrence/4413945988	https://www.gbif.org/occurrence/4910718680	1	1	Green Isle Gardens:1	"Quercus pumila":1	"g":1	"C":1	
Rhexia mariana	6370240	https://www.gbif.org/species/6370240	https://www.gbif.org/occurrence/4855147265	https://www.gbif.org/occurrence/4867795381	https://www.gbif.org/occurrence/5108334657	https://www.gbif.org/occurrence/4400372915	https://www.gbif.org/occurrence/4096705539	https://www.gbif.org/occurrence/4872448217	https://www.gbif.org/occurrence/3860500944	https://www.gbif.org/occurrence/4424133370	https://www.gbif.org/occurrence/2574044428	1	1	Green Isle Gardens:1	"Rhexia mariana":1	"g":1	"C":1	
Rhynchospora colorata	2721618	https://www.gbif.org/species/2721618	https://www.gbif.org/occurrence/5154295635	https://www.gbif.org/occurrence/5141063058	https://www.gbif.org/occurrence/5077002818	https://www.gbif.org/occurrence/5087463962	https://www.gbif.org/occurrence/5153408201	https://www.gbif.org/occurrence/5108113704	https://www.gbif.org/occurrence/4921480248	https://www.gbif.org/occurrence/4436453130	https://www.gbif.org/occurrence/3031910219	1	1	Green Isle Gardens:1	"Rhynchospora colorata":1	"g":1	"C":1	
Salvia lyrata	2927027	https://www.gbif.org/species/2927027	https://www.gbif.org/occurrence/5108532698	https://www.gbif.org/occurrence/5008424514	https://www.gbif.org/occurrence/5076876633	https://www.gbif.org/occurrence/5087255748	https://www.gbif.org/occurrence/5133616647	https://www.gbif.org/occurrence/5133724627	https://www.gbif.org/occurrence/3881425488	https://www.gbif.org/occurrence/4407530772	https://www.gbif.org/occurrence/5088006658	1	1	Green Isle Gardens:1	"Salvia lyrata":1	"g":1	"C":1	
Sambucus nigra	2888728	https://www.gbif.org/species/2888728	No live occurrences in Florida.									1	1	Green Isle Gardens:1	"Sambucus nigra subsp. canadensis":1	"3g":1	"C":1	
Silphium compositum	3092567	https://www.gbif.org/species/3092567	https://www.gbif.org/occurrence/4510066489	https://www.gbif.org/occurrence/4954598015	https://www.gbif.org/occurrence/4926248922	https://www.gbif.org/occurrence/4904313005	https://www.gbif.org/occurrence/2634425924	https://www.gbif.org/occurrence/2611160181	https://www.gbif.org/occurrence/2273300685	https://www.gbif.org/occurrence/4954598015	https://www.gbif.org/occurrence/4507940166	1	1	Green Isle Gardens:1	"Silphium compositum":1	"g":1	"C":1	
Vernonia angustifolia	7725720	https://www.gbif.org/species/7725720	https://www.gbif.org/occurrence/4925931473	https://www.gbif.org/occurrence/3070622929	https://www.gbif.org/occurrence/2626185514	https://www.gbif.org/occurrence/4908814105	https://www.gbif.org/occurrence/4901515780	https://www.gbif.org/occurrence/2611328860	https://www.gbif.org/occurrence/4162043506	https://www.gbif.org/occurrence/4420885265	no occurrence. 	1	1	Green Isle Gardens:1	"Vernonia angustifolia":1	"g":1	"C":1	
Vernonia gigantea	5397391	https://www.gbif.org/species/5397391	https://www.gbif.org/occurrence/4137638286	https://www.gbif.org/occurrence/1703149764	https://www.gbif.org/occurrence/4134027645	https://www.gbif.org/occurrence/4903935855	https://www.gbif.org/occurrence/3333159006	https://www.gbif.org/occurrence/2610991762	https://www.gbif.org/occurrence/2465135102	https://www.gbif.org/occurrence/4430598904	https://www.gbif.org/occurrence/4034899435	1	1	Green Isle Gardens:1	"Vernonia gigantea":1	"g":1	"C":1	
Viola sororia	5331238	https://www.gbif.org/species/5331238	https://www.gbif.org/occurrence/3044707129	https://www.gbif.org/occurrence/4535967489	https://www.gbif.org/occurrence/4518981254	https://www.gbif.org/occurrence/4596847856	https://www.gbif.org/occurrence/5087558775	https://www.gbif.org/occurrence/3398764387	https://www.gbif.org/occurrence/5062529103	https://www.gbif.org/occurrence/3994150637	https://www.gbif.org/occurrence/5062581568	1	1	Green Isle Gardens:1	"Viola sororia":1	"g":1	"C":1	
Zephyranthes atamasca	4270323	https://www.gbif.org/species/4270323	No live occurrences in Florida. 									1	1	Green Isle Gardens:1	"Zephyranthes atamasca":1	"g":1	"C":1	
Callisia ornata	5303438	https://www.gbif.org/species/5303438	https://www.gbif.org/occurrence/4607393859	https://www.gbif.org/occurrence/4600107725	https://www.gbif.org/occurrence/4954335145	https://www.gbif.org/occurrence/5133503877	https://www.gbif.org/occurrence/4851814190	https://www.gbif.org/occurrence/4080462611	https://www.gbif.org/occurrence/3902625085	https://www.gbif.org/occurrence/4987735125	https://www.gbif.org/occurrence/2006083114	1	1	Green Isle Gardens:1	"Callisia ornata":1	"g":1	"C":1	
Penstemon australis	3171553	https://www.gbif.org/species/3171553	https://www.gbif.org/occurrence/3859369633	https://www.gbif.org/occurrence/3760073642	https://www.gbif.org/occurrence/4129681487	https://www.gbif.org/occurrence/4096397669	https://www.gbif.org/occurrence/2620153342	https://www.gbif.org/occurrence/4129886421	https://www.gbif.org/occurrence/4138234314	no occurrence.	2nd photo  https://www.gbif.org/occurrence/3005129750	1	1	Green Isle Gardens:1	"Penstemon australis":1	"g":1	"_":1	
Asimina pygmaea	3158054	https://www.gbif.org/species/3158054	https://www.gbif.org/occurrence/4872367307	https://www.gbif.org/occurrence/2609352963	https://www.gbif.org/occurrence/5153399339	https://www.gbif.org/occurrence/5134526942	https://www.gbif.org/occurrence/2580137700	https://www.gbif.org/occurrence/4863721874	https://www.gbif.org/occurrence/2269286034	https://www.gbif.org/occurrence/5037029014	https://www.gbif.org/occurrence/5069785090	1	1	Green Isle Gardens:1	"Asimina pygmaea":1	"3g":1	"_":1	
Vaccinium arboreum	2882828	https://www.gbif.org/species/2882828	https://www.gbif.org/occurrence/4091836576	https://www.gbif.org/occurrence/4606914310	https://www.gbif.org/occurrence/4606784520	https://www.gbif.org/occurrence/5008088737	https://www.gbif.org/occurrence/4091837948	https://www.gbif.org/occurrence/5134870079	https://www.gbif.org/occurrence/3302185162	https://www.gbif.org/occurrence/4440971334	https://www.gbif.org/occurrence/2465187241	1	1	Green Isle Gardens:1	"Vaccinium arboreum":1	"3g":1	"_":1	
Chasmanthium latifolium	2703077	https://www.gbif.org/species/2703077	https://www.gbif.org/occurrence/4153539005	https://www.gbif.org/occurrence/4006738546	https://www.gbif.org/occurrence/4954281242	https://www.gbif.org/occurrence/2823272039	https://www.gbif.org/occurrence/2641529383	https://www.gbif.org/occurrence/4127303026	https://www.gbif.org/occurrence/3705520395	https://www.gbif.org/occurrence/4430493194	2nd photo  https://www.gbif.org/occurrence/2563508099	1	1	Green Isle Gardens:1	"Chasmanthium latifolium":1	"g":1	"_":1	
Penstemon laevigatus	3171542	https://www.gbif.org/species/3171542	https://www.gbif.org/occurrence/4987748765	 2nd photo  https://www.gbif.org/occurrence/4121199497	https://www.gbif.org/occurrence/4987530975	https://www.gbif.org/occurrence/4096759334	https://www.gbif.org/occurrence/3113302149	https://www.gbif.org/occurrence/4987748765	https://www.gbif.org/occurrence/4121199497	https://www.gbif.org/occurrence/4982277007	no occurrences.	1	1	Green Isle Gardens:1	"Penstemon laevigatus":1	"g":1	"_":1	
Helenium amarum	5401836	https://www.gbif.org/species/5401836	https://www.gbif.org/occurrence/5139999603	https://www.gbif.org/occurrence/5140067667	https://www.gbif.org/occurrence/3333043556	https://www.gbif.org/occurrence/4921759789	https://www.gbif.org/occurrence/4909275142	https://www.gbif.org/occurrence/4909207351	https://www.gbif.org/occurrence/2850606052	https://www.gbif.org/occurrence/4430575769	https://www.gbif.org/occurrence/5063762777	1	1	Green Isle Gardens:1	"Helenium amarum":1	"g":1	"_":1	
Ilex attenuata	5414253	https://www.gbif.org/species/5414253	https://www.gbif.org/occurrence/3859819828	Just two photos of live occurrences.	https://www.gbif.org/occurrence/3058925639				https://www.gbif.org/occurrence/3859819828		https://www.gbif.org/occurrence/3058925639	1	1	Marshall Tree Farm:1	"Ilex xattenuata":1	"FG":1	"C":1	
Cercis canadensis	5353583	https://www.gbif.org/species/5353583	https://www.gbif.org/occurrence/5069999296	https://www.gbif.org/occurrence/5064081663	https://www.gbif.org/occurrence/5087264724	https://www.gbif.org/occurrence/5087939601	https://www.gbif.org/occurrence/5087187432	https://www.gbif.org/occurrence/2611305863	https://www.gbif.org/occurrence/4936496379	https://www.gbif.org/occurrence/2883074848	https://www.gbif.org/occurrence/4535680330	1	1	McKeithen Growers:1	"Cercis canadensis":1	"15g":1	"_":1	
Pinus serotina	5285602	https://www.gbif.org/species/5285602	https://www.gbif.org/occurrence/5064015964	https://www.gbif.org/occurrence/5063712809	https://www.gbif.org/occurrence/4863453722	https://www.gbif.org/occurrence/4413431656	https://www.gbif.org/occurrence/5133640757	https://www.gbif.org/occurrence/5141106513	https://www.gbif.org/occurrence/3330473955	https://www.gbif.org/occurrence/3456973428	https://www.gbif.org/occurrence/4919528420	1	1	McKeithen Growers:1	"Pinus serotina":1	"7g":1	"_":1	
Nyssa sylvatica	5383717	https://www.gbif.org/species/5383717	https://www.gbif.org/occurrence/5134538677	https://www.gbif.org/occurrence/4993745491	https://www.gbif.org/occurrence/4407181947	https://www.gbif.org/occurrence/4519018147	https://www.gbif.org/occurrence/3070746750	https://www.gbif.org/occurrence/5154581426	https://www.gbif.org/occurrence/4407181947	https://www.gbif.org/occurrence/3961022244	2nd photo  https://www.gbif.org/occurrence/4500864641	1	1	McKeithen Growers:1	"Nyssa sylvatica":1	"3g":1	"_":1	
Persea borbonia	3034048	https://www.gbif.org/species/3034048	https://www.gbif.org/occurrence/3903333236	https://www.gbif.org/occurrence/5063589349	https://www.gbif.org/occurrence/3712422963	https://www.gbif.org/occurrence/4923721093	3rd photo   https://www.gbif.org/occurrence/2611187565	https://www.gbif.org/occurrence/3465991658	2nd photo  https://www.gbif.org/occurrence/2802820959	https://www.gbif.org/occurrence/3335336374	https://www.gbif.org/occurrence/3456829986	1	1	McKeithen Growers:1	"Persea borbonia":1	"3g":1	"_":1	
Styrax americanus	5371669	https://www.gbif.org/species/5371669	https://inaturalist-open-data.s3.amazonaws.com/photos/363057100/original.jpg	https://inaturalist-open-data.s3.amazonaws.com/photos/363057128/original.jpg	https://inaturalist-open-data.s3.amazonaws.com/photos/368749703/original.jpg	https://inaturalist-open-data.s3.amazonaws.com/photos/360142581/original.jpeg	https://inaturalist-open-data.s3.amazonaws.com/photos/451691592/original.jpeg	https://www.gbif.org/occurrence/4599860242	https://www.gbif.org/occurrence/2856555829	https://www.gbif.org/occurrence/4987666712	https://www.gbif.org/occurrence/3759721513	1	1	The Natives:1	"Styrax americanus":1	"g":1	"L":1	
Nyssa biflora	5383713	https://www.gbif.org/species/5383713	https://www.gbif.org/occurrence/5133982301	https://www.gbif.org/occurrence/4851881017	https://www.gbif.org/occurrence/4111592463	https://www.gbif.org/occurrence/4519094617	4th photo  https://www.gbif.org/occurrence/3760085659	https://www.gbif.org/occurrence/4519024583	https://www.gbif.org/occurrence/2252027535	https://www.gbif.org/occurrence/2465336208	https://www.gbif.org/occurrence/3994142239	1	1	The Natives:1	"Nyssa biflora":1	"7g":1	"L":1	
Diospyros virginiana	3032986	https://www.gbif.org/species/3032986	https://www.gbif.org/occurrence/5088117705	https://www.gbif.org/occurrence/5104379730	https://www.gbif.org/occurrence/5153353376	https://www.gbif.org/occurrence/5153397229	https://www.gbif.org/occurrence/5133587135	https://www.gbif.org/occurrence/4872558410	https://www.gbif.org/occurrence/4875293119	https://www.gbif.org/occurrence/4430779427	2nd photo  https://www.gbif.org/occurrence/2563588951	1	1	The Natives:1	"Diospyros virginiana":1	"3g":1	"L":1	
Peperomia humilis	3086370	https://www.gbif.org/species/3086370	https://www.gbif.org/occurrence/4908760174	https://www.gbif.org/occurrence/4935673836	https://www.gbif.org/occurrence/4528214740	https://www.gbif.org/occurrence/3912335489	https://www.gbif.org/occurrence/4015051472	https://www.gbif.org/occurrence/4091806861	https://www.gbif.org/occurrence/3327968288	https://www.gbif.org/occurrence/4442518278	2nd photo  https://www.gbif.org/occurrence/4022070606	1	1	The Natives:1	"Peperomia humilis":1	"g":1	"L":1	
Tiedemannia filiformis	7535786	https://www.gbif.org/species/7535786	https://inaturalist-open-data.s3.amazonaws.com/photos/467472980/original.jpg	https://inaturalist-open-data.s3.amazonaws.com/photos/349607516/original.jpg	https://inaturalist-open-data.s3.amazonaws.com/photos/458342686/original.jpeg	https://inaturalist-open-data.s3.amazonaws.com/photos/464370934/original.jpeg	https://inaturalist-open-data.s3.amazonaws.com/photos/300490389/original.jpeg	https://www.gbif.org/occurrence/2234792353	https://www.gbif.org/occurrence/3892368559	https://www.gbif.org/occurrence/2429335276	https://www.gbif.org/occurrence/4046238764	1	1	The Natives:1	"Tiedemannia filiformis":1	"g":1	"C":1	
Quercus inopina	2880834	https://www.gbif.org/species/2880834	https://www.gbif.org/occurrence/4867916556	https://www.gbif.org/occurrence/4507927495	https://www.gbif.org/occurrence/4171711473	https://www.gbif.org/occurrence/2429552426	https://www.gbif.org/occurrence/2641486531	https://www.gbif.org/occurrence/3772650581	https://www.gbif.org/occurrence/3337744731	https://www.gbif.org/occurrence/3912025859	https://www.gbif.org/occurrence/4022290666	1	1	The Natives:1	"Quercus inopina":1	"g":1	"C":1	
Symphyotrichum elliottii	3151747	https://www.gbif.org/species/3151747	https://inaturalist-open-data.s3.amazonaws.com/photos/449761849/original.jpeg	https://inaturalist-open-data.s3.amazonaws.com/photos/450361555/original.jpeg	https://inaturalist-open-data.s3.amazonaws.com/photos/449121662/original.jpeg	https://inaturalist-open-data.s3.amazonaws.com/photos/454647436/original.jpeg	https://inaturalist-open-data.s3.amazonaws.com/photos/449121727/original.jpeg	https://www.gbif.org/occurrence/5154327547	https://www.gbif.org/occurrence/3873697940	https://www.gbif.org/occurrence/4982141918	https://www.gbif.org/occurrence/5069753948	1	1	The Natives:1	"Symphyotrichum elliottii":1	"g":1	"C":1	
Conradina brevifolia	2927110	https://www.gbif.org/species/2927110	https://www.gbif.org/occurrence/4440928344	https://www.gbif.org/occurrence/2641538057	https://www.gbif.org/occurrence/4516512992	https://www.gbif.org/occurrence/5140993657	https://www.gbif.org/occurrence/5108174380	https://www.gbif.org/occurrence/4600067747	https://www.gbif.org/occurrence/2641538057	https://www.gbif.org/occurrence/4440928344	https://www.gbif.org/occurrence/3466197950	1	1	The Natives:1	"Conradina brevifolia":1	"g":1	"C":1	
Hydrolea corymbosa	2928287	https://www.gbif.org/species/2928287	https://inaturalist-open-data.s3.amazonaws.com/photos/397080051/original.jpg	https://inaturalist-open-data.s3.amazonaws.com/photos/389961729/original.jpeg	https://inaturalist-open-data.s3.amazonaws.com/photos/381875705/original.jpeg	https://inaturalist-open-data.s3.amazonaws.com/photos/394035905/original.jpg	https://inaturalist-open-data.s3.amazonaws.com/photos/426168227/original.jpeg	https://www.gbif.org/occurrence/5062488127	https://www.gbif.org/occurrence/4919352654	https://www.gbif.org/occurrence/2423135279	https://www.gbif.org/occurrence/1990623881	1	1	The Natives:1	"Hydrolea corymbosa":1	"g":1	"C":1	
Pinus clausa	5285768	https://www.gbif.org/species/5285768	https://www.gbif.org/occurrence/5007295790	https://www.gbif.org/occurrence/5062997784	https://www.gbif.org/occurrence/5007835095	https://www.gbif.org/occurrence/5063784133	https://www.gbif.org/occurrence/5140344377	https://www.gbif.org/occurrence/4852544316	https://www.gbif.org/occurrence/4937100299	https://www.gbif.org/occurrence/4911098996	https://www.gbif.org/occurrence/5006981036	1	1	The Natives:1	"Pinus clausa":1	"g":1	"C":1	
Polygonum polygamum	5334493	https://www.gbif.org/species/5334493	https://www.gbif.org/occurrence/3925503339	https://www.gbif.org/occurrence/3407998938	https://www.gbif.org/occurrence/4950360963	https://www.gbif.org/occurrence/4936053689	https://www.gbif.org/occurrence/4919458872	https://www.gbif.org/occurrence/4863680442	https://www.gbif.org/occurrence/3888925549	https://www.gbif.org/occurrence/3384087248	https://www.gbif.org/occurrence/3355475463	1	1	The Natives:1	"Polygonum polygamum var. brachystachya":1	"g":1	"C":1	Synonym of Polygonella polygama (Vent.) Engelm. & A.Gray
Coreopsis floridana	3133876	https://www.gbif.org/species/3133876	https://inaturalist-open-data.s3.amazonaws.com/photos/349249691/original.jpg	https://inaturalist-open-data.s3.amazonaws.com/photos/240657113/original.jpeg	https://inaturalist-open-data.s3.amazonaws.com/photos/240573101/original.jpg	https://inaturalist-open-data.s3.amazonaws.com/photos/240573163/original.jpg	https://inaturalist-open-data.s3.amazonaws.com/photos/335260514/original.jpg	2nd photo  https://www.gbif.org/occurrence/3124553324	https://www.gbif.org/occurrence/2963753833	https://www.gbif.org/occurrence/3961389355	https://www.gbif.org/occurrence/4535961666	1	1	The Natives:1	"Coreopsis floridana":1	"g":1	"C":1	
Lechea deckertii	5331130	https://www.gbif.org/species/5331130	https://inaturalist-open-data.s3.amazonaws.com/photos/94411581/original.jpg	https://inaturalist-open-data.s3.amazonaws.com/photos/231799904/original.jpeg	https://inaturalist-open-data.s3.amazonaws.com/photos/215888948/original.jpeg	https://inaturalist-open-data.s3.amazonaws.com/photos/94411593/original.jpg	https://inaturalist-open-data.s3.amazonaws.com/photos/94411574/original.jpg	https://www.gbif.org/occurrence/3109069795	https://www.gbif.org/occurrence/4133940350	https://www.gbif.org/occurrence/3915421056	https://www.gbif.org/occurrence/4034871501	1	1	The Natives:1	"Lechea deckertii":1	"g":1	"C":1	
Rosa palustris	3004297	https://www.gbif.org/species/3004297	https://www.gbif.org/occurrence/3124494486	https://www.gbif.org/occurrence/3784741582	https://www.gbif.org/occurrence/3302531595	https://www.gbif.org/occurrence/4846890997	https://www.gbif.org/occurrence/1847416139	https://www.gbif.org/occurrence/3070491654	https://www.gbif.org/occurrence/4904182449	https://www.gbif.org/occurrence/2429530315	https://www.gbif.org/occurrence/4009844032	1	1	The Natives:1	"Rosa palustris":1	"g":1	"C":1	
Campsis radicans	3172549	https://www.gbif.org/species/3172549	https://www.gbif.org/occurrence/4872151948	https://www.gbif.org/occurrence/4891844394	https://www.gbif.org/occurrence/4901472190	https://www.gbif.org/occurrence/4867986485	https://www.gbif.org/occurrence/4994204572	https://www.gbif.org/occurrence/5140385282	https://www.gbif.org/occurrence/4910769860	https://www.gbif.org/occurrence/4946438705	https://www.gbif.org/occurrence/5109163861	1	1	The Natives:1	"Campsis radicans":1	"g":1	"C":1	
Ctenium aromaticum	5290066	https://www.gbif.org/species/5290066	https://www.gbif.org/occurrence/5154634528	https://www.gbif.org/occurrence/4911084914	https://www.gbif.org/occurrence/4908089896	https://www.gbif.org/occurrence/5087695656	https://www.gbif.org/occurrence/4171893803	https://www.gbif.org/occurrence/3118501478	https://www.gbif.org/occurrence/4165711015	https://www.gbif.org/occurrence/2641355388	https://www.gbif.org/occurrence/5007987782	1	1	The Natives:1	"Ctenium aromaticum":1	"TT":1	"C":1	
Elephantopus elatus	5395893	https://www.gbif.org/species/5395893	https://inaturalist-open-data.s3.amazonaws.com/photos/320269161/original.jpg	https://inaturalist-open-data.s3.amazonaws.com/photos/400056153/original.jpg	https://inaturalist-open-data.s3.amazonaws.com/photos/420985438/original.jpeg	https://inaturalist-open-data.s3.amazonaws.com/photos/420618537/original.jpeg	https://inaturalist-open-data.s3.amazonaws.com/photos/211211237/original.jpeg	https://www.gbif.org/occurrence/3858392574	https://www.gbif.org/occurrence/4924175778	https://www.gbif.org/occurrence/4978393427	https://www.gbif.org/occurrence/3008561971	1	1	The Natives:1	"Elephantopus elatus":1	"g":1	"C":1	
Sericocarpus tortifolius	3088845	https://www.gbif.org/species/3088845	https://www.gbif.org/occurrence/4516585537	https://www.gbif.org/occurrence/3384396191	https://www.gbif.org/occurrence/4952786120	https://www.gbif.org/occurrence/4935650158	https://www.gbif.org/occurrence/3963546188	https://www.gbif.org/occurrence/5110402911	https://www.gbif.org/occurrence/2423095864	https://www.gbif.org/occurrence/4945535005	https://www.gbif.org/occurrence/4011666155	1	1	The Natives:1	"Sericocarpus tortifolius":1	"qts":1	"C":1	
Itea virginica	5362113	https://www.gbif.org/species/5362113	https://inaturalist-open-data.s3.amazonaws.com/photos/360537705/original.jpeg	https://inaturalist-open-data.s3.amazonaws.com/photos/361977578/original.jpg	https://inaturalist-open-data.s3.amazonaws.com/photos/471180636/original.jpeg	https://inaturalist-open-data.s3.amazonaws.com/photos/471180612/original.jpeg	https://inaturalist-open-data.s3.amazonaws.com/photos/362109809/original.jpg	https://www.gbif.org/occurrence/4846832498	https://www.gbif.org/occurrence/2823264727	https://www.gbif.org/occurrence/2963796466	https://www.gbif.org/occurrence/4046508392	1	1	The Natives:1	"Itea virginica":1	"g":1	"M":1	
Coleataenia anceps	4932975	https://www.gbif.org/species/4932975	https://www.gbif.org/occurrence/4507571739	https://www.gbif.org/occurrence/3337757773	https://www.gbif.org/occurrence/5076773986	https://www.gbif.org/occurrence/4407107726	https://www.gbif.org/occurrence/3014045267	no occurrence	https://www.gbif.org/occurrence/4416783539	https://www.gbif.org/occurrence/4420827532	https://www.gbif.org/occurrence/3014149302	1	1	The Natives:1	"Coleataenia anceps":1	"TT":1	"M":1	
Panicum longifolium	3073	https://www.gbif.org/species/3073	https://www.gbif.org/occurrence/5153962720	https://www.gbif.org/occurrence/5007652499	https://www.gbif.org/occurrence/5133685915	https://www.gbif.org/occurrence/5007627074	https://www.gbif.org/occurrence/5070112515	https://www.gbif.org/occurrence/5087326274	https://www.gbif.org/occurrence/4903844557	https://www.gbif.org/occurrence/4946125951	https://www.gbif.org/occurrence/5076894238	1	1	The Natives:1	"Panicum longifolium":1	"TT":1	"M":1	
Rhus copallinum		https://www.gbif.org/species/3190557	Found this link, but is not the exact name, can you ask Jenny if we can use this one?									1	1	The Natives:1	"Rhus copallinum":1	"g":1	"M":1	
Quercus austrina	2879818	https://www.gbif.org/species/2879818	https://www.gbif.org/occurrence/4903931105	https://www.gbif.org/occurrence/4901686219	https://www.gbif.org/occurrence/4512071503	https://www.gbif.org/occurrence/4518974275	https://www.gbif.org/occurrence/5087025524	https://www.gbif.org/occurrence/5007680758	3rd photo  https://www.gbif.org/occurrence/4430401910	https://www.gbif.org/occurrence/5006736661	https://www.gbif.org/occurrence/3059081273	1	1	Cherrylake:1	"Quercus austrina":1	"45g":1	"_":1	