nursery_id,item_code,common_name,scientific_name,description,container_size,container_type,quantity_available,wholesale_price,retail_price,location_code,category,plant_type,flower_color,published_height,published_spread,picture_1_url,sun_requirements,water_requirements,hardiness_zone,native_status,availability_date,notes
CHERRYLAKE,ACCSE00FX007,Pineapple Guava,Acca sellowiana,"24"" X 18"" X 0"" /",7,Gallon,90,26.0,,FA,Shrub,Shrub,,"24""","18""",https://cherrylake.com/images/web_photos/accse00fx007_a_1.jpg,Variable,Medium,,Non-native,,Origin: South America
CHERRYLAKE,ACCSE00FC015,Pineapple Guava,,"5' X 2.5' X 0"" /",15,Gallon,67,55.0,,FA,Feijoa,Tree,,5',2.5',https://cherrylake.com/images/web_photos/accse00fc015_a_1.jpg,Variable,Medium,,Unknown,,
CHERRYLAKE,ACERUFLTC015,Flame,Acer rubrum 'Florida Flame',"11' X 1.5' X 1.25"" / Consistent branching and spread.",15,Gallon,31,65.0,,FA,Maple Red,Tree,,11',1.5',https://cherrylake.com/images/web_photos/acerufltc015_a_1.jpg,Variable,Medium,,Native,,
CHERRYLAKE,ACERUFLTC015,Flame,Acer rubrum 'Florida Flame',"8' X 2' X 1.25"" / Units per truck 300 Min order qty 75",15,Gallon,0,76.0,,CSP,Maple Red,Tree,,8',2',https://cherrylake.com/images/web_photos/acerufltc015_p_1.jpg,Variable,Medium,,Native,,
CHERRYLAKE,ACERUFLTC030,Flame,Acer rubrum 'Florida Flame',"10' X 4' X 2"" / Full canopy, straight trunk",30,Gallon,779,170.0,,FA,Maple Red,Tree,,10',4',https://cherrylake.com/images/web_photos/acerufltc030_a_1.jpg,Variable,Medium,,Native,,
CHERRYLAKE,ACERUFLTC045,Flame,Acer rubrum 'Florida Flame',"12' X 3' X 2.5"" / good branching,straight trunks",45,Gallon,364,300.0,,FA,Maple Red,Tree,,12',3',https://cherrylake.com/images/web_photos/acerufltc045_a_1.jpg,Variable,Medium,,Native,,
CHERRYLAKE,ACERUFLTC045,Flame,Acer rubrum 'Florida Flame',"14' X 6' X 2.5"" / Consistent height, good branching, large scars",45,Gallon,35,181.05,,FD,Maple Red,Tree,,14',6',https://cherrylake.com/images/web_photos/acerufltc045_d_1.jpg,Variable,Medium,,Native,,
CHERRYLAKE,ACERUFLTC100,Flame,Acer rubrum 'Florida Flame',"16' X 6' X 4"" / Full canopy",100,Gallon,180,525.0,,FA,Maple Red,Tree,,16',6',https://cherrylake.com/images/web_photos/acerufltc100_a_1.jpg,Variable,Medium,,Native,,
CHERRYLAKE,ACERUFLTC100,Flame,Acer rubrum 'Florida Flame',"16' X 6' X 3.75"" / Minimum/Large Scars",100,Gallon,74,334.5,,FD,Maple Red,Tree,,16',6',https://cherrylake.com/images/web_photos/acerufltc100_d_1.jpg,Variable,Medium,,Native,,
CHERRYLAKE,ACERUSRTC015,Summer Red®,,"10' X 3.5' X 1.25"" / Consistent in branching and spread.",15,Gallon,99,66.38,,FA,Maple Red,Tree,,10',3.5',https://cherrylake.com/images/web_photos/acerusrtc015_a_1.jpg,Variable,Medium,,Native,,
CHERRYLAKE,ACERUSRTC030,Summer Red®,Acer rubrum ‘HOSR’ Summer Red ®,"10' X 4' X 1.5"" /",30,Gallon,39,110.0,,FA,Maple Red,Tree,,10',4',https://cherrylake.com/images/web_photos/acerusrtc030_a_1.jpg,Variable,Medium,,Native,,
CHERRYLAKE,ACERUSRTC045,Summer Red®,,"14' X 6' X 2.5"" /",45,Gallon,15,225.0,,FA,Maple Red,Tree,,14',6',https://cherrylake.com/images/web_photos/acerusrtc045_a_1.jpg,Variable,Medium,,Native,,Availability: Limited Qty
CHERRYLAKE,AGAAF00FX001,Lily of The Nile,Agapanthus africanus,"10"" X 12"" X 0"" /",1,Gallon,431,2.84,,FA,Wildflower,Shrub,,"10""","12""",https://cherrylake.com/images/web_photos/agaaf00fx001_a_1.jpg,Variable,Medium,,Non-native,,Origin: South Africa
CHERRYLAKE,ARAGLECHX001,Perennial Peanut 'Ecoturf',,"2"" X 5"" X 0"" /",1,Gallon,456,2.43,,FA,Groundcover,Shrub,,"2""","5""",https://cherrylake.com/images/web_photos/araglechx001_a_1.jpg,Variable,Medium,,Unknown,,
CHERRYLAKE,ASPDEMYFX001,Foxtail Fern,Asparagus densiflorus 'Myers',"15"" X 9"" X 0"" /",1,Gallon,577,3.25,,FA,Wildflower,Shrub,,"15""","9""",https://cherrylake.com/images/web_photos/aspdemyfx001_a_1.jpg,Variable,Medium,,Unknown,,
CHERRYLAKE,ASPDEMYFX003,Foxtail Fern,Asparagus densiflorus 'Myers',"8"" X 12"" X 0"" /",3,Gallon,400,5.75,,FA,Wildflower,Shrub,,"8""","12""",https://cherrylake.com/images/web_photos/aspdemyfx003_a_1.jpg,Variable,Medium,,Non-native,,Origin: South Africa
CHERRYLAKE,BAMMUAKFC015,Bamboo Alphonse Karr,,"6' X 3' X 0"" /",15,Gallon,1,80.0,,FA,Grass,Tree,,6',3',https://cherrylake.com/images/web_photos/bammuakfc015_a_1.jpg,Variable,Medium,,Unknown,,Availability: Limited Qty
CHERRYLAKE,BAMTESWFC015,Bamboo Slender Weavers,,"6' X 3' X 0"" / Consistent height",15,Gallon,43,125.0,,FA,Grass,Tree,,6',3',https://cherrylake.com/images/web_photos/bamteswfc015_a_1.jpg,Variable,Medium,,Unknown,,
CHERRYLAKE,BAUBLHKTC030,Hong Kong Orchid CT,,"13' X 3' X 1.75"" / Consistent high",30,Gallon,33,168.0,,FA,Tree,Tree,,13',3',https://cherrylake.com/images/web_photos/baublhktc030_a_1.jpg,Variable,Medium,,Unknown,,
CHERRYLAKE,BETNIDHMBB10,Riverbirch Dura-Heat® MT,Betula nigra 'Duraheat',"10' X 3' X 0"" /","10""",Ball & Burlap,17,229.76,,FA,Riverbirch,Tree,,10 - 12',3 - 4',https://cherrylake.com/images/web_photos/betnidhmbb10_a_1.jpg,Variable,Medium,,Native,,
CHERRYLAKE,BETNIDHMC003,Riverbirch Dura-Heat® MT,Betula nigra 'Duraheat',"3' X 0' X 0"" / crops for sales are.good quality Most are  ONLY 2 canes 12L",3,Gallon,551,0.0,,FA,Riverbirch,Tree,,4',2',https://cherrylake.com/images/web_photos/betnidhmc003_a_1.jpg,Variable,Medium,,Native,,
CHERRYLAKE,BETNIDHMC015,Riverbirch Dura-Heat® MT,Betula nigra 'Duraheat',"10' X 3' X 0"" / Consistent height",15,Gallon,125,78.0,,FA,Riverbirch,Tree,,10',3',https://cherrylake.com/images/web_photos/betnidhmc015_a_1.jpg,Variable,Medium,,Native,,
CHERRYLAKE,BETNIDHMC030,Riverbirch Dura-Heat® MT,Betula nigra 'Duraheat',"8' X 4' X 0"" /",30,Gallon,131,105.0,,FA,Riverbirch,Tree,,8',4',https://cherrylake.com/images/web_photos/betnidhmc030_a_1.jpg,Variable,Medium,,Native,,
CHERRYLAKE,BETNIDHMC030,Riverbirch Dura-Heat® MT,Betula nigra 'Duraheat',"0' X 0' X 0"" / 2 canes, thin",30,Gallon,75,81.67,,CSPDRD,Riverbirch,Tree,,0',0',https://cherrylake.com/images/web_photos/betnidhmc030_d_1.jpg,Variable,Medium,,Native,,
CHERRYLAKE,BETNIDHMC045,Riverbirch Dura-Heat® MT,Betula nigra 'Duraheat',"12' X 6' X 0"" /",45,Gallon,34,250.0,,FA,Riverbirch,Tree,,12',6',https://cherrylake.com/images/web_photos/betnidhmc045_a_1.jpg,Variable,Medium,,Native,,
CHERRYLAKE,BOUGLPUSC015,Bougainvilllea 'Purple' STD,,"5' X 2.5' X 0"" / *NON-CORE* /",15,Gallon,9,66.0,,FD,Tree,Tree,,5',2.5',https://cherrylake.com/images/web_photos/bouglpusc015_d_1.jpg,Variable,Medium,,Unknown,,Availability: Limited Qty
CHERRYLAKE,BUCBUBOTC030,Shady Lady CT,,"10' X 3.5' X 1.75"" / Inconsistent branching.",30,Gallon,19,175.0,,FA,"Olive, Black",Tree,,10',3.5',https://cherrylake.com/images/web_photos/bucbubotc030_a_1.jpg,Variable,Medium,,Unknown,,Availability: Limited Qty
CHERRYLAKE,BULFRHAFX001,Bulbine 'Hallmark Orange',,"10"" X 6"" X 0"" /",1,Gallon,0,4.38,,FA,Shrub,Shrub,,"10""","6""",https://cherrylake.com/images/web_photos/bulfrhafx001_a_1.jpg,Variable,Medium,,Unknown,,
CHERRYLAKE,BUXMI00FX003,Japanese Boxwood,Buxus microphyllia japonica,"14"" X 12"" X 0"" /",3,Gallon,0,5.75,,FA,Shrub,Shrub,,"14""","12""",https://cherrylake.com/images/web_photos/buxmi00fx003_a_1.jpg,Variable,Medium,,Unknown,,
CHERRYLAKE,BUXMI00FX003,Japanese Boxwood,Buxus microphyllia japonica,"12"" X 9"" X 0"" /",3,Gallon,0,4.5,,FP,Shrub,Shrub,,"12""","9""",https://cherrylake.com/images/web_photos/buxmi00fx003_p_1.jpg,Variable,Medium,,Unknown,,
CHERRYLAKE,CALAMBBFX003,American Beautyberry,Callicarpa americana,"16"" X 16"" X 0"" /",3,Gallon,430,6.5,,FA,Shrub,Shrub,,"16""","16""",https://cherrylake.com/images/web_photos/calambbfx003_a_1.jpg,Variable,Medium,,Native,,
CHERRYLAKE,CALRC00FC015,Red Cluster FTG,Callistemon 'Red Cluster' FTG,"5.5' X 3' X 0"" / Consistent height",15,Gallon,123,55.0,,FA,Bottlebrush,Tree,,5.5',3',https://cherrylake.com/images/web_photos/calrc00fc015_a_1.jpg,Variable,Medium,,Unknown,,
CHERRYLAKE,CALRC00FC030,Red Cluster FTG,Callistemon 'Red Cluster' FTG,"6' X 4' X 0"" / Consistent height",30,Gallon,118,100.0,,FA,Bottlebrush,Tree,,6',4',https://cherrylake.com/images/web_photos/calrc00fc030_a_1.jpg,Variable,Medium,,Unknown,,
CHERRYLAKE,CALRC00TC015,Red Cluster STD,Callistemon 'Red Cluster' STD,"8' X 2.5' X 1.25"" / Consistent height",15,Gallon,99,60.0,,FA,Bottlebrush,Tree,,8',2.5',https://cherrylake.com/images/web_photos/calrc00tc015_a_1.jpg,Variable,Medium,,Unknown,,
CHERRYLAKE,CALRC00TC030,Red Cluster STD,Callistemon 'Red Cluster' STD,"8' X 3' X 1.5"" / Consistent height",30,Gallon,69,155.0,,FA,Bottlebrush,Tree,,8',3',https://cherrylake.com/images/web_photos/calrc00tc030_a_1.jpg,Variable,Medium,,Unknown,,
CHERRYLAKE,CALRC00TC045,Red Cluster STD,,"11' X 5' X 2"" / Full canopy",45,Gallon,21,300.0,,FA,Bottlebrush,Tree,,11',5',https://cherrylake.com/images/web_photos/calrc00tc045_a_1.jpg,Variable,Medium,,Unknown,,
CHERRYLAKE,CAMJAPSFX003,Camellia Japonica Professor Sargent,,"24"" X 13"" X 0"" /",3,Gallon,14,14.0,,FA,Camellia,Shrub,,"24""","13""",https://cherrylake.com/images/web_photos/camjapsfx003_a_1.jpg,Variable,Medium,,Unknown,,Availability: Limited Qty
CHERRYLAKE,COCUV00MC030,Sea Grape MT,,"9' X 5' X 0"" / Consistent high",30,Gallon,9,126.0,,FA,Tree,Tree,,9',5',https://cherrylake.com/images/web_photos/cocuv00mc030_a_1.jpg,Variable,Medium,,Native,,
CHERRYLAKE,CODVAMAFX003,Croton 'Mammey',Codiaeum variegatum 'Mammy' FTG,"14"" X 14"" X 0"" /",3,Gallon,164,6.1,,FA,Shrub,Shrub,,"14""","14""",https://cherrylake.com/images/web_photos/codvamafx003_a_1.jpg,Variable,Medium,,Non-native,,Origin: Southeast Asia
CHERRYLAKE,CODVAPEFX003,Croton 'Petra',Codiaeum variegatum 'Petra' FTG,"15"" X 14"" X 0"" / *NON-CORE* /",3,Gallon,212,6.56,,FA,Shrub,Shrub,,"15""","14""",https://cherrylake.com/images/web_photos/codvapefx003_a_1.jpg,Variable,Medium,,Non-native,,Origin: Southeast Asia
CHERRYLAKE,CONERGBTC030,Green Buttonwood CT,,"12' X 4' X 2.5"" / Straight trunks, full heads, small trunks scars",30,Gallon,33,170.0,,FA,Conocarpus,Tree,,12',4',https://cherrylake.com/images/web_photos/conergbtc030_a_1.jpg,Variable,Medium,,Native,,
CHERRYLAKE,CONERSBFX007,Silver Buttonwood,,"34"" X 22"" X 0"" /",1,Gallon,42,0.0,,FA,Shrub,Shrub,,"34""","22""",https://cherrylake.com/images/web_photos/conersbfx007_a_1.jpg,Variable,Medium,,Unknown,,Availability: Limited Qty
CHERRYLAKE,CONERSBFC030,Silver Buttonwood FTG,,"6' X 4' X 0"" / Consistent high",1,Gallon,6,155.0,,FA,Tree,Tree,,6',4',https://cherrylake.com/images/web_photos/conersbfc030_a_1.jpg,Variable,Medium,,Unknown,,Availability: Limited Qty
CHERRYLAKE,CONERSBTC030,Silver Buttonwood CT,,"9' X 5' X 1.25"" / Consistent height, small voids on the top",30,Gallon,53,177.0,,FA,Conocarpus,Tree,,9',5',https://cherrylake.com/images/web_photos/conersbtc030_a_1.jpg,Variable,Medium,,Native,,
CHERRYLAKE,COONUGM1BB12,Palm Coconut, Cocos nucifera,"10' X 0' X 0"" / Units per truck 20 
Min order qty 10","12""",Ball & Burlap,0,706.0,,CSP,Palm,Tree,,12' CT,8' WD,https://cherrylake.com/images/web_photos/coonugm1bb12_p_1.jpg,Variable,Medium,,Unknown,,
CHERRYLAKE,COONUGM1BB20,BB20, Cocos nucifera,"14' X 0' X 0"" / Units per truck 20 
Min order qty 10",1,Gallon,0,882.0,,CSP,Palm,Tree,,14' CT,10' WD,https://cherrylake.com/images/web_photos/coonugm1bb20_p_1.jpg,Variable,Medium,,Unknown,,
CHERRYLAKE,CORSE00FX003,Pampas Grass FTG,,"30"" X 24"" X 0"" /",1,Gallon,43,9.38,,FA,Shrub,Shrub,,"30""","24""",https://cherrylake.com/images/web_photos/corse00fx003_a_1.jpg,Variable,Medium,,Unknown,,Availability: Limited Qty
CHERRYLAKE,CUPGLCSFC015,Arizona Cypress  'Carolina Sapphire',Cupressus glabra 'Carolina Sapphire' FTG,"8' X 3' X 0"" / Full canopy,",15,Gallon,55,68.75,,FA,Tree,Tree,,8',3',https://cherrylake.com/images/web_photos/cupglcsfc015_a_1.jpg,Variable,Medium,,Unknown,,
CHERRYLAKE,CUPGLCSFC030,Arizona Cypress  'Carolina Sapphire',Cupressus Glabra,"6' X 4' X 0"" / Consistent branching",30,Gallon,115,120.0,,FA,Tree,Tree,,6',4',https://cherrylake.com/images/web_photos/cupglcsfc030_a_1.jpg,Variable,Medium,,Unknown,,
CHERRYLAKE,CUPGLCSFC030,Arizona Cypress  'Carolina Sapphire',Cupressus Glabra,"7.5' X 4' X 0"" / Units per truck 200 Min order qty 50",30,Gallon,0,112.0,,CSP,Tree,Tree,,7.5',4',https://cherrylake.com/images/web_photos/cupglcsfc030_p_1.jpg,Variable,Medium,,Unknown,,
CHERRYLAKE,CUPLE00FC015,Leyland Cypress,X Cupressocyparis leylandii FTG,"6.5' X 2.5' X 0"" / Full all around, good structure.",15,Gallon,787,60.0,,FA,Tree,Tree,,6.5',2.5',https://cherrylake.com/images/web_photos/cuple00fc015_a_1.jpg,Variable,Medium,,Unknown,,
CHERRYLAKE,CUPLE00FC015,Leyland Cypress,X Cupressocyparis leylandii FTG,"6.5' X 2.5' X 0"" / Full all around, good structure.",15,Gallon,698,35.0,,FP,Tree,Tree,,6.5',2.5',https://cherrylake.com/images/web_photos/cuple00fc015_p_1.jpg,Variable,Medium,,Unknown,,
CHERRYLAKE,CUPLE00FC030,Leyland Cypress,X Cupressocyparis leylandii FTG,"8' X 3' X 0"" / Consistent height",30,Gallon,428,125.0,,FA,Tree,Tree,,8',3',https://cherrylake.com/images/web_photos/cuple00fc030_a_1.jpg,Variable,Medium,,Unknown,,
CHERRYLAKE,CUPLE00FC030,Leyland Cypress,X Cupressocyparis leylandii FTG,"8' X 4' X 0"" / Units per truck 300 Min order qty 75",30,Gallon,0,92.0,,CSP,Tree,Tree,,8',4',https://cherrylake.com/images/web_photos/cuple00fc030_p_1.jpg,Variable,Medium,,Unknown,,
CHERRYLAKE,CUPLE00FC030,Leyland Cypress,X Cupressocyparis leylandii FTG,"10' X 4' X 2.25"" / Medium size bows/ large voids, inconsistent high",30,Gallon,17,79.5,,FD,Tree,Tree,,10',4',https://cherrylake.com/images/web_photos/cuple00fc030_d_1.jpg,Variable,Medium,,Unknown,,
CHERRYLAKE,CUPSE00FC003,Cypress Italian FTG,,,1,Gallon,0,0.0,,FA,Tree,Tree,,,,https://cherrylake.com/images/web_photos/cupse00fc003_a_1.jpg,Variable,Medium,,Unknown,,
CHERRYLAKE,CUPSE00FC015,Italian Cypress,Cupressus sempervirens FTG,"9' X 1.5' X 1.5"" / Most consistent in height and spread.",15,Gallon,0,90.0,,FA,Tree,Tree,,9',1.5',https://cherrylake.com/images/web_photos/cupse00fc015_a_1.jpg,Variable,Medium,,Non-native,,Origin: Southern Europe and Western Asia
CHERRYLAKE,CUPSE00FC015,Italian Cypress,Cupressus sempervirens FTG,"9' X 0' X 0"" /",15,Gallon,303,65.0,,FP,Tree,Tree,,9',0',https://cherrylake.com/images/web_photos/cupse00fc015_p_1.jpg,Variable,Medium,,Non-native,,Origin: Southern Europe and Western Asia
CHERRYLAKE,CUPSE00FC030,Italian Cypress,Cupressus sempervirens FTG,"11' X 2' X 1.75"" / Full canopy, consistent structure",30,Gallon,293,265.0,,FA,Tree,Tree,,11',2',https://cherrylake.com/images/web_photos/cupse00fc030_a_1.jpg,Variable,Medium,,Non-native,,Origin: Southern Europe and Western Asia
CHERRYLAKE,CUPSE00FC030,Italian Cypress,Cupressus sempervirens FTG,"12' X 2' X 2.25"" / Full canopy, inconsistent height",30,Gallon,6,177.75,,FD,Tree,Tree,,12',2',https://cherrylake.com/images/web_photos/cupse00fc030_d_1.jpg,Variable,Medium,,Non-native,,"Availability: Limited Qty, Origin: Southern Europe and Western Asia"
CHERRYLAKE,CUPSE00FC045,Italian Cypress,Cupressus sempervirens FTG,"13' X 2' X 0"" /",45,Gallon,0,500.0,,FA,Tree,Tree,,12',3',https://cherrylake.com/images/web_photos/cupse00fc045_a_1.jpg,Variable,Medium,,Non-native,,"Availability: Oct-25, Origin: Southern Europe and Western Asia"
CHERRYLAKE,DIATA00FX001,Blueberry Flax Lily,Dianella tasmanica,"12"" X 5"" X 0"" /",1,Gallon,0,2.53,,FA,Wildflower,Shrub,,"12""","5""",https://cherrylake.com/images/web_photos/diata00fx001_a_1.jpg,Variable,Medium,,Unknown,,
CHERRYLAKE,DIATA00FX003,Blueberry Flax Lily,Dianella tasmanica,"18"" X 14"" X 0"" /",3,Gallon,335,5.5,,FA,Wildflower,Shrub,,"18""","14""",https://cherrylake.com/images/web_photos/diata00fx003_a_1.jpg,Variable,Medium,,Unknown,,
CHERRYLAKE,DIEVEAIFX001,African Iris White,Dietes iridioides,"12"" X 5"" X 0"" /",1,Gallon,0,2.81,,FA,Wildflower,Shrub,,"12""","5""",https://cherrylake.com/images/web_photos/dieveaifx001_a_1.jpg,Variable,Medium,,Non-native,,Origin: Africa
CHERRYLAKE,DURERGMFX003,Duranta 'Gold Mound',Duranta erecta 'Gold Mound',"7"" X 14"" X 0"" /",3,Gallon,167,5.75,,FA,Shrub,Shrub,,"7""","14""",https://cherrylake.com/images/web_photos/durergmfx003_a_1.jpg,Variable,Medium,,Unknown,,
CHERRYLAKE,ELADE00FC003,Japanese Blueberry FTG,,,3,Gallon,728,0.0,,FA,Production Overage,Tree,,,,https://cherrylake.com/images/web_photos/elade00fc003_a_1.jpg,Variable,Medium,,Unknown,,
CHERRYLAKE,ELADE00FC015,Japanese Blueberry FTG,Elaeocarpus decipiens FTG,"8' X 2.5' X 0"" / Thin body most consistent in spread and height.",15,Gallon,41,70.59,,FA,ELAEOCARPUS,Tree,,8',2.5',https://cherrylake.com/images/web_photos/elade00fc015_a_1.jpg,Variable,Medium,,Non-native,,Origin: East Asia
CHERRYLAKE,ELADE00FC015,Japanese Blueberry FTG,Elaeocarpus decipiens FTG,"6.5' X 2.5' X 1.75"" / Decent quality, not all consistent in height and spread.",15,Gallon,13,48.41,,FD,ELAEOCARPUS,Tree,,6.5',2.5',https://cherrylake.com/images/web_photos/elade00fc015_d_1.jpg,Variable,Medium,,Non-native,,"Availability: Limited Qty, Origin: East Asia"
CHERRYLAKE,ELADE00FC030,Japanese Blueberry FTG,Elaeocarpus decipiens FTG,"8' X 3' X 2"" / Small voids",30,Gallon,22,135.0,,FA,ELAEOCARPUS,Tree,,8',3',https://cherrylake.com/images/web_photos/elade00fc030_a_1.jpg,Variable,Medium,,Non-native,,"Availability: Limited Qty, Origin: East Asia"
CHERRYLAKE,ELADE00FC045,Japanese Blueberry FTG,Elaeocarpus decipiens FTG,"10' X 5' X 2.5"" / full canopy",45,Gallon,240,250.0,,FA,ELAEOCARPUS,Tree,,10',5',https://cherrylake.com/images/web_photos/elade00fc045_a_1.jpg,Variable,Medium,,Non-native,,Origin: East Asia
CHERRYLAKE,ELADE00FC045,Japanese Blueberry FTG,Elaeocarpus decipiens FTG,"10' X 5' X 2.5"" / Consistent high",45,Gallon,71,205.0,,FP,ELAEOCARPUS,Tree,,10',5',https://cherrylake.com/images/web_photos/elade00fc045_p_1.jpg,Variable,Medium,,Non-native,,Origin: East Asia
CHERRYLAKE,ELADE00TC003,Japanese Blueberry,,,3,Gallon,331,0.0,,FA,Production Overage,Tree,,,,https://cherrylake.com/images/web_photos/elade00tc003_a_1.jpg,Variable,Medium,,Unknown,,
CHERRYLAKE,ELADE00TC030,Japanese Blueberry CT,Elaeocarpus decipiens CT,"10' X 3' X 2"" / Bowed trunk, small voids",30,Gallon,264,160.0,,FA,Elaeocarpus,Tree,,10',3',https://cherrylake.com/images/web_photos/elade00tc030_a_1.jpg,Variable,Medium,,Non-native,,Origin: East Asia
CHERRYLAKE,ELADE00TC030,Japanese Blueberry CT,Elaeocarpus decipiens CT,"9' X 4' X 2"" / Inconsistent heights, small-medium voids, trunk scars, bowed trunk",30,Gallon,55,102.0,,FD,Elaeocarpus,Tree,,9',4',https://cherrylake.com/images/web_photos/elade00tc030_d_1.jpg,Variable,Medium,,Non-native,,Origin: East Asia
CHERRYLAKE,ELADE00TC045,Japanese Blueberry CT,Elaeocarpus decipiens CT,"10' X 3' X 3"" / Consistent height",45,Gallon,750,212.0,,FA,Elaeocarpus,Tree,,10',3',https://cherrylake.com/images/web_photos/elade00tc045_a_1.jpg,Variable,Medium,,Non-native,,Origin: East Asia
CHERRYLAKE,ELADE00TC045,Japanese Blueberry CT,Elaeocarpus decipiens CT,"11' X 3' X 2.5"" / Consistent height, good branching structure",45,Gallon,8,150.0,,FP,Elaeocarpus,Tree,,11',3',https://cherrylake.com/images/web_photos/elade00tc045_p_1.jpg,Variable,Medium,,Non-native,,"Availability: Limited Qty, Origin: East Asia"
CHERRYLAKE,ELAPO00FX003,Silverthorn FTG,,"24"" X 24"" X 0"" /",1,Gallon,202,0.0,,FA,Shrub,Shrub,,"24""","24""",https://cherrylake.com/images/web_photos/elapo00fx003_a_1.jpg,Variable,Medium,,Unknown,,
CHERRYLAKE,ERIJALOTC015,Loquat CT,,"8.5' X 3' X 1.5"" /",15,Gallon,33,60.0,,FA,Loquat,Tree,,8.5',3',https://cherrylake.com/images/web_photos/erijalotc015_a_1.jpg,Variable,Medium,,Unknown,,
CHERRYLAKE,ERIJALOTC015,Loquat CT,,"8' X 4' X 1.5"" / Not all consistent in spread or height.",15,Gallon,12,45.0,,FD,Loquat,Tree,,8',4',https://cherrylake.com/images/web_photos/erijalotc015_d_1.jpg,Variable,Medium,,Unknown,,Availability: Limited Qty
CHERRYLAKE,ERIJALOTC030,Loquat CT,Eriobotrya japonica 'Loquat' CT,"10' X 4' X 1.5"" /",30,Gallon,10,127.15,,FA,Loquat,Tree,,10',4',https://cherrylake.com/images/web_photos/erijalotc030_a_1.jpg,Variable,Medium,,Non-native,,"Availability: Limited Qty, Origin: China and Japan"
CHERRYLAKE,ERIJALOTC030,Loquat CT,Eriobotrya japonica 'Loquat' CT,"10' X 6' X 2.5"" / small scars / inconsistent high",30,Gallon,2,97.5,,FD,Loquat,Tree,,10',6',https://cherrylake.com/images/web_photos/erijalotc030_d_1.jpg,Variable,Medium,,Non-native,,"Availability: Limited Qty, Origin: China and Japan"
CHERRYLAKE,EURSS00TC030,European Olive STD,Olea Europae ssp,"8' X 5' X 1.5"" / *NON-CORE* / Full canopy",30,Gallon,22,222.88,,FA,Olive European,Tree,,8',5',https://cherrylake.com/images/web_photos/eurss00tc030_a_1.jpg,Variable,Medium,,Unknown,,Origin: Mediterranean
CHERRYLAKE,EURSS00TC030,European Olive STD,Olea Europae ssp,"11' X 4' X 2.5"" / *NON-CORE* / Consistent branching, minimum / *NON-CORE* / large trunk & collar sca",30,Gallon,10,173.25,,FD,Olive European,Tree,,11',4',https://cherrylake.com/images/web_photos/eurss00tc030_d_1.jpg,Variable,Medium,,Unknown,,"Availability: Limited Qty, Origin: Mediterranean"
CHERRYLAKE,ILEATEAFBB10,Eagleston FTG,Ilex attenuata,"10' X 4' X 2"" / Small-medium voids","10""",Ball & Burlap,40,454.15,,FA,Holly Full To Ground,Tree,,10',,https://cherrylake.com/images/web_photos/ileateafbb10_a_1.jpg,Variable,Medium,,Unknown,,
CHERRYLAKE,ILEATEAFBB12,Eagleston FTG,Ilex attenuata,"12' X 4' X 2.5"" / Small-medium voids","12""",Ball & Burlap,39,525.0,,FA,Holly Full To Ground,Tree,,12',,https://cherrylake.com/images/web_photos/ileateafbb12_a_1.jpg,Variable,Medium,,Unknown,,
CHERRYLAKE,ILEATEAFC030,Eagleston FTG,Ilex x attenuata 'Eagleston' FTG,"8' X 4' X 2"" /",30,Gallon,0,135.0,,FA,Shrub,Tree,,8',4',https://cherrylake.com/images/web_photos/ileateafc030_a_1.jpg,Variable,Medium,,Native,,
CHERRYLAKE,ILEATEAFC030,Eagleston FTG,Ilex x attenuata 'Eagleston' FTG,"8' X 4' X 2"" / Consistent,full",30,Gallon,488,109.0,,FP,Shrub,Tree,,8',4',https://cherrylake.com/images/web_photos/ileateafc030_p_1.jpg,Variable,Medium,,Native,,
CHERRYLAKE,ILEATEAFC045,Eagleston FTG,Ilex x attenuata 'Eagleston' FTG,"10' X 4' X 2.5"" / Consistent branching.",45,Gallon,208,325.0,,FA,Shrub,Tree,,10',4',https://cherrylake.com/images/web_photos/ileateafc045_a_1.jpg,Variable,Medium,,Native,,
CHERRYLAKE,ILEATEAFC045,Eagleston FTG,Ilex x attenuata 'Eagleston' FTG,"10' X 5' X 2.5"" / Consistent, full canopy",45,Gallon,169,225.0,,FP,Shrub,Tree,,10',5',https://cherrylake.com/images/web_photos/ileateafc045_p_1.jpg,Variable,Medium,,Native,,
CHERRYLAKE,ILEATEATC015,Eagleston CT,,"8' X 2.5' X 1.25"" /",15,Gallon,138,72.0,,FA,Holly Clear Trunk,Tree,,8',2.5',https://cherrylake.com/images/web_photos/ileateatc015_a_1.jpg,Variable,Medium,,Native,,
CHERRYLAKE,ILEATEATC030,Eagleston CT,Ilex x attenuata 'Eagleston' CT,"9' X 3' X 2"" / Full canopy, good branching",30,Gallon,867,150.0,,FA,Holly Clear Trunk,Tree,,9',3',https://cherrylake.com/images/web_photos/ileateatc030_a_1.jpg,Variable,Medium,,Native,,
CHERRYLAKE,ILEATEATC045,Eagleston CT,Ilex x attenuata 'Eagleston' CT,"12' X 2' X 2.5"" / Good branching, consistent height",45,Gallon,671,276.0,,FA,Holly Clear Trunk,Tree,,12',2',https://cherrylake.com/images/web_photos/ileateatc045_a_1.jpg,Variable,Medium,,Native,,
CHERRYLAKE,ILECA00FC030,Holly Dahoon FTG,,"9' X 4' X 1.75"" /",30,Gallon,2,148.0,,FA,Shrub,Tree,,9',4',https://cherrylake.com/images/web_photos/ileca00fc030_a_1.jpg,Variable,Medium,,Native,,
CHERRYLAKE,ILECA00TC045,Dahoon CT,Ilex  cassine CT,"12' X 3.5' X 2"" /",45,Gallon,33,0.0,,FA,Holly Clear Trunk (4.5 - 6'),Tree,,12',3.5',https://cherrylake.com/images/web_photos/ileca00tc045_a_1.jpg,Variable,Medium,,Unknown,,
CHERRYLAKE,ILECANAFC030,Dahoon Nativa™ FTG,Ilex cassine 'Nativa',"8' X 3' X 2"" / Medium-large voids",30,Gallon,209,135.0,,FA,Shrub,Tree,,8',3',https://cherrylake.com/images/web_photos/ilecanafc030_a_1.jpg,Variable,Medium,,Native,,
CHERRYLAKE,ILECANATC030,Dahoon Nativa™ CT,Ilex cassine 'Nativa',"10' X 4' X 2"" / Bowed trunk, small- medium voids",30,Gallon,208,150.0,,FA,Holly Clear Trunk,Tree,,10',4',https://cherrylake.com/images/web_photos/ilecanatc030_a_1.jpg,Variable,Medium,,Native,,
CHERRYLAKE,ILECANATC030,Dahoon Nativa™ CT,Ilex cassine 'Nativa',"10' X 4' X 1.75"" / Small-medium voids, bowed trunk",30,Gallon,450,125.0,,FP,Holly Clear Trunk,Tree,,10',4',https://cherrylake.com/images/web_photos/ilecanatc030_p_1.jpg,Variable,Medium,,Native,,
CHERRYLAKE,ILECANATC045,Dahoon Nativa™ CT,Ilex cassine 'Nativa',"12' X 3.5' X 2.5"" / consistent height",45,Gallon,243,320.0,,FA,Holly Clear Trunk,Tree,,12',3.5',https://cherrylake.com/images/web_photos/ilecanatc045_a_1.jpg,Variable,Medium,,Native,,
CHERRYLAKE,ILECOBDFX007,Holly Burford Dwarf,Ilex cornuta 'Burfordii' Dwarf FTG,"24"" X 18"" X 0"" /",7,Gallon,170,22.0,,FA,Shrub,Shrub,,"24""","18""",https://cherrylake.com/images/web_photos/ilecobdfx007_a_1.jpg,Variable,Medium,,Non-native,,Origin: East Asia
CHERRYLAKE,ILECOBDFC015,Burford Dwarf FTG,,"4.5' X 2.5' X 0"" / Consistent height",15,Gallon,126,60.0,,FA,Shrub,Tree,,4.5',2.5',https://cherrylake.com/images/web_photos/ilecobdfc015_a_1.jpg,Variable,Medium,,Unknown,,
CHERRYLAKE,ILECOBDFX003,Holly Burford Dwarf,Ilex cornuta 'Burfordii' Dwarf FTG,"12"" X 12"" X 0"" /",3,Gallon,338,6.79,,FA,Shrub,Shrub,,"12""","12""",https://cherrylake.com/images/web_photos/ilecobdfx003_a_1.jpg,Variable,Medium,,Non-native,,Origin: East Asia
CHERRYLAKE,ILECOBDFX003,Holly Burford Dwarf,Ilex cornuta 'Burfordii' Dwarf FTG,"12"" X 12"" X 0"" /",3,Gallon,62,6.11,,FP,Shrub,Shrub,,"12""","12""",https://cherrylake.com/images/web_photos/ilecobdfx003_p_1.jpg,Variable,Medium,,Non-native,,"Availability: Limited Qty, Origin: East Asia"
CHERRYLAKE,ILEHYNSFBB08,Nellie R. Stevens,Ilex  x hybrida,"8' X 3' X 0"" / Consistent height","08""",Ball & Burlap,11,325.0,,FA,Shrub,Tree,,8',4',https://cherrylake.com/images/web_photos/ilehynsfbb08_a_1.jpg,Variable,Medium,,Unknown,,
CHERRYLAKE,ILEHYNSFC015,Nellie R. Stevens FTG,Ilex  x hybrida  'Nellie R. Stevens' FTG,"5' X 2.5' X 0"" / Consistent in height and spread.",15,Gallon,137,69.55,,FA,Shrub,Tree,,5',2.5',https://cherrylake.com/images/web_photos/ilehynsfc015_a_1.jpg,Variable,Medium,,Unknown,,
CHERRYLAKE,ILEHYNSFC030,Nellie R. Stevens FTG,Ilex x hybrida 'Nellie R. Stevens' FTG,"6' X 3' X 0"" / Consistent height",30,Gallon,127,145.0,,FA,Shrub,Tree,,6',3',https://cherrylake.com/images/web_photos/ilehynsfc030_a_1.jpg,Variable,Medium,,Unknown,,
CHERRYLAKE,ILEHYOLFC015,Oakleaf FTG,Ilex x hybrida ‘Conaf’ / Oakleaf™ FTG,"5.5' X 2.5' X 1"" / Consistent height",15,Gallon,108,73.0,,FA,Shrub,Tree,,5.5',2.5',https://cherrylake.com/images/web_photos/ilehyolfc015_a_1.jpg,Variable,Medium,,Unknown,,
CHERRYLAKE,ILEHYOLFC030,Oakleaf FTG,,"6' X 3.5' X 0"" /",30,Gallon,90,149.58,,FA,Shrub,Tree,,6',3.5',https://cherrylake.com/images/web_photos/ilehyolfc030_a_1.jpg,Variable,Medium,,Unknown,,
CHERRYLAKE,ILEHYROFC015,Robin FTG,,"5.5' X 2.5' X 0"" /",15,Gallon,54,70.0,,FA,Shrub,Tree,,5.5',2.5',https://cherrylake.com/images/web_photos/ilehyrofc015_a_1.jpg,Variable,Medium,,Unknown,,
CHERRYLAKE,ILEHYROFC030,Robin FTG,Ilex x hybrida ‘Conin’ / Robin™ FTG,"6' X 3' X 0"" /",30,Gallon,17,145.0,,FA,Shrub,Tree,,6',3',https://cherrylake.com/images/web_photos/ilehyrofc030_a_1.jpg,Variable,Medium,,Unknown,,Availability: Limited Qty
CHERRYLAKE,ILEHYROFC030,Robin FTG,Ilex x hybrida ‘Conin’ / Robin™ FTG,"6' X 3' X 0"" / Inconsistent high",30,Gallon,5,108.75,,FD,Shrub,Tree,,6',3',https://cherrylake.com/images/web_photos/ilehyrofc030_d_1.jpg,Variable,Medium,,Unknown,,Availability: Limited Qty
CHERRYLAKE,ILEVOPEFC030,Yaupon Weeping  'Pendula' FTG,,"6' X 3' X 0"" / Consistent height",30,Gallon,141,150.93,,FA,Shrub,Tree,,6',3',https://cherrylake.com/images/web_photos/ilevopefc030_a_1.jpg,Variable,Medium,,Native,,
CHERRYLAKE,ILEVOPHFC045,Yaupon Upright  'Pride of Houston' FTG,Ilex vomitoria 'Pride of Houston',"8' X 4' X 0"" / Consistent high",45,Gallon,84,230.0,,FA,Shrub,Tree,,8',4',https://cherrylake.com/images/web_photos/ilevophfc045_a_1.jpg,Variable,Medium,,Native,,
CHERRYLAKE,ILEVOPHFC030,Yaupon Upright  'Pride of Houston' FTG,Ilex vomitoria 'Pride of Houston',"6' X 3' X 0"" / Consistent height",30,Gallon,105,135.0,,FA,Shrub,Tree,,6',3',https://cherrylake.com/images/web_photos/ilevophfc030_a_1.jpg,Variable,Medium,,Native,,
CHERRYLAKE,ILEVOPHFC030,Yaupon Upright  'Pride of Houston' FTG,Ilex vomitoria 'Pride of Houston',,30,Gallon,0,135.0,,CSP,Shrub,Tree,,,,https://cherrylake.com/images/web_photos/ilevophfc030_p_1.jpg,Variable,Medium,,Native,,
CHERRYLAKE,ILEVOSCFX003,Holly 'Schilling's Dwarf',Ilex vomitoria 'Schilling's Dwarf',"10"" X 12"" X 0"" /",3,Gallon,0,5.95,,FA,Shrub,Shrub,,"10""","12""",https://cherrylake.com/images/web_photos/ilevoscfx003_a_1.jpg,Variable,Medium,,Native,,
CHERRYLAKE,ILLPA00FX007,Anise 'Ocala',Illicium parviflorum 'Ocala',"24"" X 18"" X 0"" /",7,Gallon,89,23.55,,FA,Shrub,Shrub,,"24""","18""",https://cherrylake.com/images/web_photos/illpa00fx007_a_1.jpg,Variable,Medium,,Native,,
CHERRYLAKE,ILLPA00FC015,Anise 'Ocala',Illicium parviflorum 'Ocala',"5' X 2.5' X 0"" /",15,Gallon,58,60.0,,FA,Anise,Tree,,5',2.5',https://cherrylake.com/images/web_photos/illpa00fc015_a_1.jpg,Variable,Medium,,Native,,
CHERRYLAKE,IXOCONGFX003,Ixora 'Nora Grant' FTG,,"16"" X 16"" X 0"" /",1,Gallon,5,6.4,,FA,Shrub,Shrub,,"16""","16""",https://cherrylake.com/images/web_photos/ixocongfx003_a_1.jpg,Variable,Medium,,Unknown,,Availability: Limited Qty
CHERRYLAKE,IXOCOPRFX003,Ixora 'Petite Red',Ixora coccinea 'Petite Red' FTG,"16"" X 14"" X 0"" /",3,Gallon,180,5.49,,FA,Shrub,Shrub,,"16""","14""",https://cherrylake.com/images/web_photos/ixocoprfx003_a_1.jpg,Variable,Medium,,Unknown,,
CHERRYLAKE,JAC0000TBB12,Jacaranda,,"0' X 0' X 0"" / *NON-CORE* /","12""",Ball & Burlap,4,115.0,,FA,JACARANDA,Tree,,10 - 12',6',https://cherrylake.com/images/web_photos/jac0000tbb12_a_1.jpg,Variable,Medium,,Unknown,,Availability: Limited Qty.
CHERRYLAKE,JATIN00TC015,Jatropha STD,Jatropha integerrima,"7.5' X 3' X 1"" /",15,Gallon,63,72.57,,FA,Jatropha,Tree,,7.5',3',https://cherrylake.com/images/web_photos/jatin00tc015_a_1.jpg,Variable,Medium,,Unknown,,
CHERRYLAKE,JUNCHBPFC015,Juniper Blue Point FTG,Juniperus chinensis 'Blue Point' FTG,"4' X 2' X 0"" / Consistent in shape and spread.",15,Gallon,39,68.0,,FA,Tree,Tree,,4',2',https://cherrylake.com/images/web_photos/junchbpfc015_a_1.jpg,Variable,Medium,,Unknown,,
CHERRYLAKE,JUNCHPAFX003,Juniper Parsonii,Juniperus chinensis 'Parsonii' FTG,"8"" X 12"" X 0"" /",3,Gallon,206,4.35,,FA,Groundcover,Shrub,,"8""","12""",https://cherrylake.com/images/web_photos/junchpafx003_a_1.jpg,Variable,Medium,,Unknown,,
CHERRYLAKE,JUNCHPAFX003,Juniper Parsonii,Juniperus chinensis 'Parsonii' FTG,"10"" X 12"" X 0"" /",3,Gallon,854,3.75,,FP,Groundcover,Shrub,,"10""","12""",https://cherrylake.com/images/web_photos/junchpafx003_p_1.jpg,Variable,Medium,,Unknown,,
CHERRYLAKE,JUNCHSPFC003,Juniper Spartan FTG,,,1,Gallon,836,20.0,,FA,Tree,Tree,,,,https://cherrylake.com/images/web_photos/junchspfc003_a_1.jpg,Variable,Medium,,Unknown,,
CHERRYLAKE,JUNCHSPFC015,Juniper Spartan FTG,Juniperus chinensis  'Spartan' FTG,"6' X 3' X 0"" / Full around consistency in spread.",15,Gallon,40,75.0,,FA,Tree,Tree,,6',3',https://cherrylake.com/images/web_photos/junchspfc015_a_1.jpg,Variable,Medium,,Unknown,,
CHERRYLAKE,JUNCHSPFC015,Juniper Spartan FTG,Juniperus chinensis  'Spartan' FTG,"5' X 4' X 0"" / Units per truck 400 Min order qty 100",15,Gallon,0,53.0,,CSP,Tree,Tree,,5',4',https://cherrylake.com/images/web_photos/junchspfc015_p_1.jpg,Variable,Medium,,Unknown,,
CHERRYLAKE,JUNCHSPFC030,Juniper Spartan FTG,Juniperus chinensis 'Spartan' FTG,"8' X 3' X 2"" / Good branching",30,Gallon,411,260.0,,FA,Tree,Tree,,8',3',https://cherrylake.com/images/web_photos/junchspfc030_a_1.jpg,Variable,Medium,,Unknown,,
CHERRYLAKE,JUNCHSPFC030,Juniper Spartan FTG,Juniperus chinensis 'Spartan' FTG,"8' X 4' X 1.75"" / Bowed near bottom",30,Gallon,27,174.75,,FD,Tree,Tree,,8',4',https://cherrylake.com/images/web_photos/junchspfc030_d_1.jpg,Variable,Medium,,Unknown,,
CHERRYLAKE,JUNCHSPFC045,Juniper Spartan FTG,Juniperus chinensis 'Spartan' FTG,"10' X 4' X 2.5"" / full canopy",45,Gallon,510,295.0,,FA,Tree,Tree,,10',4',https://cherrylake.com/images/web_photos/junchspfc045_a_1.jpg,Variable,Medium,,Unknown,,
CHERRYLAKE,JUNCHSPFC045,Juniper Spartan FTG,Juniperus chinensis 'Spartan' FTG,"10' X 4' X 2.5"" / Consistent high",45,Gallon,166,225.0,,FP,Tree,Tree,,10',4',https://cherrylake.com/images/web_photos/junchspfc045_p_1.jpg,Variable,Medium,,Unknown,,
CHERRYLAKE,JUNCHTOFC003,"Juniper, Torulosa",,,3,Gallon,514,20.0,,FA,Shrub,Tree,,,,https://cherrylake.com/images/web_photos/junchtofc003_a_1.jpg,Variable,Medium,,Unknown,,
CHERRYLAKE,JUNCHTOFC003,"Juniper, Torulosa",,"27' X 8' X 0"" / *NON-CORE* /",3,Gallon,46,0.0,,FD,Shrub,Tree,,27',8',https://cherrylake.com/images/web_photos/junchtofc003_d_1.jpg,Variable,Medium,,Unknown,,Availability: Limited Qty
CHERRYLAKE,JUNCHTOFC030,Juniper Hollywood Torulosa FTG,Juniperus chinensis 'Torulosa' FTG,"8' X 3' X 2"" / Consistent height",30,Gallon,0,105.0,,FA,Tree,Tree,,8',3',https://cherrylake.com/images/web_photos/junchtofc030_a_1.jpg,Variable,Medium,,Unknown,,Availability: Oct-25
CHERRYLAKE,JUNCHTOFC030,Juniper Hollywood Torulosa FTG,Juniperus chinensis 'Torulosa' FTG,"5' X 4' X 0"" / Severe bows at the bottom, medium size voids, inconsistent hight, loose rootball",30,Gallon,5,66.75,,FD,Tree,Tree,,5',4',https://cherrylake.com/images/web_photos/junchtofc030_d_1.jpg,Variable,Medium,,Unknown,,Availability: Limited Qty
CHERRYLAKE,JUNSI00FBB10,Southern Red Cedar (RPG),Juniperus silicicola,"9' X 4.5' X 0"" /","10""",Ball & Burlap,4,307.0,,FA,Tree,Tree,,10',5',https://cherrylake.com/images/web_photos/junsi00fbb10_a_1.jpg,Variable,Medium,,Native,,Availability: Limited Qty.
CHERRYLAKE,JUNSI00FBB12,Southern Red Cedar (RPG),Juniperus silicicola,"0' X 0' X 0"" / NOT  pre dug.  yet 09","12""",Ball & Burlap,3,353.0,,FA,Tree,Tree,,12',6',https://cherrylake.com/images/web_photos/junsi00fbb12_a_1.jpg,Variable,Medium,,Native,,Availability: Limited Qty.
CHERRYLAKE,JUNSI00FC003,Juniper Southern Red Cedar FTG,Juniperus silicicola,,1,Gallon,724,0.0,,FA,Tree,Tree,,,,https://cherrylake.com/images/web_photos/junsi00fc003_a_1.jpg,Variable,Medium,,Native,,
CHERRYLAKE,JUNSI00FC015,Southern Red Cedar,Juniperus silicicola,"5' X 2' X 0"" / *NON-CORE* / Units per truck 400 Min order qty 100",15,Gallon,0,53.0,,CSP,NEEDLED EVERGREEN,Tree,,5',2',https://cherrylake.com/images/web_photos/junsi00fc015_p_1.jpg,Variable,Medium,,Native,,
CHERRYLAKE,JUNSI00FC030,Southern Red Cedar,Juniperus silicicola,"8' X 3' X 2"" / Consistent structure",30,Gallon,227,165.0,,FA,NEEDLED EVERGREEN,Tree,,8',3',https://cherrylake.com/images/web_photos/junsi00fc030_a_1.jpg,Variable,Medium,,Native,,
CHERRYLAKE,JUNSI00FC045,Southern Red Cedar,Juniperus silicicola,"9' X 4' X 2.5"" / Leaning trunks, trees without guiding branches",45,Gallon,4,175.5,,FD,NEEDLED EVERGREEN,Tree,,9',4',https://cherrylake.com/images/web_photos/junsi00fc045_d_1.jpg,Variable,Medium,,Native,,Availability: Limited Qty
CHERRYLAKE,JUNVI00FC015,Eastern Red Cedar FTG,,"6' X 3' X 0"" / Most consistent in height and spread.",15,Gallon,85,60.0,,FA,Tree,Tree,,6',3',https://cherrylake.com/images/web_photos/junvi00fc015_a_1.jpg,Variable,Medium,,Native,,
CHERRYLAKE,JUNVIBRFC003,Juniper Eastern Red Cedar 'Brodie' FTG,,,1,Gallon,632,10.0,,FA,Tree,Tree,,,,https://cherrylake.com/images/web_photos/junvibrfc003_a_1.jpg,Variable,Medium,,Unknown,,
CHERRYLAKE,JUNVIBRFC015,Eastern Red Cedar 'Brodie' FTG,Juniperus virginiana 'Brodie' FTG,"6.5' X 2.5' X 0"" / Full all around most consistent in height.",15,Gallon,51,60.0,,FA,Tree,Tree,,6.5',2.5',https://cherrylake.com/images/web_photos/junvibrfc015_a_1.jpg,Variable,Medium,,Native,,
CHERRYLAKE,JUNVIBRFC015,Eastern Red Cedar 'Brodie' FTG,Juniperus virginiana 'Brodie' FTG,"5' X 3' X 0"" / Units per truck 350 Min order qty 88",15,Gallon,0,65.0,,CSP,Tree,Tree,,5',3',https://cherrylake.com/images/web_photos/junvibrfc015_p_1.jpg,Variable,Medium,,Native,,
CHERRYLAKE,JUNVIBRFC030,Eastern Red Cedar 'Brodie' FTG,Juniperus virginiana 'Brodie' FTG,"8' X 2.5' X 0"" / Consistent height",30,Gallon,38,135.0,,FA,Tree,Tree,,8',2.5',https://cherrylake.com/images/web_photos/junvibrfc030_a_1.jpg,Variable,Medium,,Native,,
CHERRYLAKE,JUNVIBRFC030,Eastern Red Cedar 'Brodie' FTG,Juniperus virginiana 'Brodie' FTG,"8' X 2' X 0"" / Medium voids",30,Gallon,3,125.0,,FD,Tree,Tree,,8',2',https://cherrylake.com/images/web_photos/junvibrfc030_d_1.jpg,Variable,Medium,,Native,,Availability: Limited Qty
CHERRYLAKE,JUNVIBRFC045,Juniper Eastern Red Cedar 'Brodie',Juniperus virginiana 'Brodie' FTG,"9' X 4' X 0"" /",45,Gallon,29,295.0,,FA,Tree,Tree,,9',4',https://cherrylake.com/images/web_photos/junvibrfc045_a_1.jpg,Variable,Medium,,Unknown,,
CHERRYLAKE,LAGFAMUMBB14,Crape Myrtle Muskogee MT,,"14' X 0' X 0"" / *NON-CORE* /",1,Gallon,1,311.2,,FD,Tree,Tree,,,,https://cherrylake.com/images/web_photos/lagfamumbb14_d_1.jpg,Variable,Medium,,Unknown,,Availability: Limited Qty.
CHERRYLAKE,LAGFAMUMC015,Muskogee MT (Lavender),Lagerstroemia x fauriei 'Muskogee' MT,"7' X 3' X 0"" / Consistent good branch structure.",15,Gallon,0,53.0,,FA,Tree,Tree,,7',3',https://cherrylake.com/images/web_photos/lagfamumc015_a_1.jpg,Variable,Medium,,Unknown,,
CHERRYLAKE,LAGFAMUMC030,Muskogee MT (Lavender),Lagerstroemia x fauriei 'Muskogee' MT,"10.5' X 3.5' X 1.5"" / good branching,and consistent height. Defoliating.",30,Gallon,0,125.0,,FA,Tree,Tree,,10.5',3.5',https://cherrylake.com/images/web_photos/lagfamumc030_a_1.jpg,Variable,Medium,,Unknown,,
CHERRYLAKE,LAGFAMUMC045,Muskogee MT (Lavender),Lagerstroemia x fauriei 'Muskogee' MT,"13' X 5' X 1.25"" / Consistent height and spread flushing.",45,Gallon,444,206.0,,FA,Tree,Tree,,13',5',https://cherrylake.com/images/web_photos/lagfamumc045_a_1.jpg,Variable,Medium,,Unknown,,
CHERRYLAKE,LAGFAMUMC045,Muskogee MT (Lavender),Lagerstroemia x fauriei 'Muskogee' MT,"13' X 5' X 0"" / Consistent height and spread flushing.",45,Gallon,92,150.0,,FP,Tree,Tree,,13',5',https://cherrylake.com/images/web_photos/lagfamumc045_p_1.jpg,Variable,Medium,,Unknown,,
CHERRYLAKE,LAGFAMUSC015,Muskogee STD (Lavender),Lagerstroemia  x fauriei,"10' X 2.5' X 1.75"" / Consistent height",15,Gallon,24,58.82,,FA,Tree,Tree,,10',2.5',https://cherrylake.com/images/web_photos/lagfamusc015_a_1.jpg,Variable,Medium,,Unknown,,Availability: Limited Qty
CHERRYLAKE,LAGFAMUSC030,Muskogee STD (Lavender),Lagerstroemia x fauriei 'Muskogee' STD,"9' X 3' X 2"" / bowed trunks, consistent height",30,Gallon,260,160.0,,FA,Tree,Tree,,9',3',https://cherrylake.com/images/web_photos/lagfamusc030_a_1.jpg,Variable,Medium,,Unknown,,
CHERRYLAKE,LAGFAMUSC030,Muskogee STD (Lavender),Lagerstroemia x fauriei 'Muskogee' STD,"9' X 3' X 2"" / Bowed trunk, trunk scars",30,Gallon,10,107.25,,FD,Tree,Tree,,9',3',https://cherrylake.com/images/web_photos/lagfamusc030_d_1.jpg,Variable,Medium,,Unknown,,Availability: Limited Qty
CHERRYLAKE,LAGFAMUSC045,Muskogee STD (Lavender),Lagerstroemia x fauriei 'Muskogee' STD,"12' X 5' X 2.5"" / full canopy",45,Gallon,197,250.0,,FA,Tree,Tree,,12',5',https://cherrylake.com/images/web_photos/lagfamusc045_a_1.jpg,Variable,Medium,,Unknown,,
CHERRYLAKE,LAGFAMUSC045,Muskogee STD (Lavender),Lagerstroemia x fauriei 'Muskogee' STD,"14' X 5' X 3"" / full canopy/small trunk scars",45,Gallon,18,250.0,,FP,Tree,Tree,,14',5',https://cherrylake.com/images/web_photos/lagfamusc045_p_1.jpg,Variable,Medium,,Unknown,,Availability: Limited Qty
CHERRYLAKE,LAGFAMUSC100,Muskogee STD (Lavender),Lagerstroemia x fauriei 'Muskogee' STD,"14' X 6' X 3.75"" / full canopy",100,Gallon,0,490.0,,FA,Tree,Tree,,14',6',https://cherrylake.com/images/web_photos/lagfamusc100_a_1.jpg,Variable,Medium,,Unknown,,Availability: Jan-26
CHERRYLAKE,LAGFANAMC003,Crape Myrtle Natchez MT (White),,"0' X 0' X 0"" /",3,Gallon,0,20.0,,FA,Tree,Tree,,,,https://cherrylake.com/images/web_photos/lagfanamc003_a_1.jpg,Variable,Medium,,Unknown,,
CHERRYLAKE,LAGFANAMC015,Natchez MT (White),Lagerstroemia x fauriei 'Natchez' MT,"8' X 4' X 0"" / Good branching and structure.",15,Gallon,0,53.0,,FA,Tree,Tree,,8',4',https://cherrylake.com/images/web_photos/lagfanamc015_a_1.jpg,Variable,Medium,,Unknown,,
CHERRYLAKE,LAGFANAMC015,Natchez MT (White),Lagerstroemia x fauriei 'Natchez' MT,"8' X 4' X 0"" /",15,Gallon,3,38.0,,FP,Tree,Tree,,8',4',https://cherrylake.com/images/web_photos/lagfanamc015_p_1.jpg,Variable,Medium,,Unknown,,Availability: Limited Qty
CHERRYLAKE,LAGFANAMC030,Natchez MT (White),Lagerstroemia x fauriei 'Natchez' MT,"8' X 5' X 1.5"" / Good structure, even branches.",30,Gallon,0,140.0,,FA,Tree,Tree,,8',5',https://cherrylake.com/images/web_photos/lagfanamc030_a_1.jpg,Variable,Medium,,Unknown,,
CHERRYLAKE,LAGFANAMC030,Natchez MT (White),Lagerstroemia x fauriei 'Natchez' MT,"10' X 5' X 1.5"" /",30,Gallon,484,105.0,,FP,Tree,Tree,,10',5',https://cherrylake.com/images/web_photos/lagfanamc030_p_1.jpg,Variable,Medium,,Unknown,,
CHERRYLAKE,LAGFANAMC045,Natchez MT (White),Lagerstroemia x fauriei 'Natchez' MT,"10' X 5' X 1.5"" / Good branching, consistent height and spread.",45,Gallon,450,250.0,,FA,Tree,Tree,,10',5',https://cherrylake.com/images/web_photos/lagfanamc045_a_1.jpg,Variable,Medium,,Unknown,,
CHERRYLAKE,LAGFANAMC045,Natchez MT (White),Lagerstroemia x fauriei 'Natchez' MT,"10' X 4' X 0"" / 3-4 canes",45,Gallon,150,295.0,,FP,Tree,Tree,,10',4',https://cherrylake.com/images/web_photos/lagfanamc045_p_1.jpg,Variable,Medium,,Unknown,,
CHERRYLAKE,LAGFANASC015,Natchez STD (White),Lagerstroemia  x fauriei,"9' X 2' X 1.25"" / Consistent in spread and height",15,Gallon,60,65.0,,FA,Tree,Tree,,9',2',https://cherrylake.com/images/web_photos/lagfanasc015_a_1.jpg,Variable,Medium,,Unknown,,
CHERRYLAKE,LAGFANASC030,Natchez STD (White),Lagerstroemia x fauriei 'Natchez' STD,"9' X 3' X 2"" / Bowed trunk",30,Gallon,437,135.0,,FA,Tree,Tree,,9',3',https://cherrylake.com/images/web_photos/lagfanasc030_a_1.jpg,Variable,Medium,,Unknown,,
CHERRYLAKE,LAGFANASC030,Natchez STD (White),Lagerstroemia x fauriei 'Natchez' STD,"9' X 3' X 1.75"" / Bowed trunk, messed up rootball",30,Gallon,6,86.25,,FD,Tree,Tree,,9',3',https://cherrylake.com/images/web_photos/lagfanasc030_d_1.jpg,Variable,Medium,,Unknown,,Availability: Limited Qty
CHERRYLAKE,LAGFANASC045,Natchez STD (White),Lagerstroemia x fauriei 'Natchez' STD,"12' X 5' X 2.5"" /",45,Gallon,295,294.0,,FA,Tree,Tree,,12',5',https://cherrylake.com/images/web_photos/lagfanasc045_a_1.jpg,Variable,Medium,,Unknown,,
CHERRYLAKE,LAGFANASC100,Natchez STD (White),Lagerstroemia x fauriei 'Natchez' STD,"14' X 6' X 3.75"" / full canopy",100,Gallon,63,700.0,,FA,Tree,Tree,,14',6',https://cherrylake.com/images/web_photos/lagfanasc100_a_1.jpg,Variable,Medium,,Unknown,,
CHERRYLAKE,LAGFATCMC015,Tuscarora MT (Dark Coral),Lagerstroemia x fauriei 'Tuscarora' MT,"6.5' X 2.5' X 0"" / Consistent height, good structure. Flushing",15,Gallon,0,50.0,,FA,Tree,Tree,,6.5',2.5',https://cherrylake.com/images/web_photos/lagfatcmc015_a_1.jpg,Variable,Medium,,Unknown,,
CHERRYLAKE,LAGFATCMC015,Tuscarora MT (Dark Coral),Lagerstroemia x fauriei 'Tuscarora' MT,"6.5' X 2' X 0"" / Flushing through, consistent height and spread.",15,Gallon,529,38.0,,FP,Tree,Tree,,6.5',2',https://cherrylake.com/images/web_photos/lagfatcmc015_p_1.jpg,Variable,Medium,,Unknown,,
CHERRYLAKE,LAGFATCMC030,Tuscarora MT (Dark Coral),Lagerstroemia x fauriei 'Tuscarora' MT,"8' X 3.5' X 1.5"" / Blooming, Good branch structure , uniform cane spacing, consistent height",30,Gallon,267,140.0,,FA,Tree,Tree,,8',3.5',https://cherrylake.com/images/web_photos/lagfatcmc030_a_1.jpg,Variable,Medium,,Unknown,,
CHERRYLAKE,LAGFATCMC030,Tuscarora MT (Dark Coral),Lagerstroemia x fauriei 'Tuscarora' MT,"8' X 3' X 0"" /",30,Gallon,475,105.0,,FP,Tree,Tree,,8',3',https://cherrylake.com/images/web_photos/lagfatcmc030_p_1.jpg,Variable,Medium,,Unknown,,
CHERRYLAKE,LAGFATCMC045,Tuscarora MT (Dark Coral),Lagerstroemia x fauriei 'Tuscarora' MT,"8' X 4' X 1.5"" / Good branching",45,Gallon,0,235.0,,FA,Tree,Tree,,10',6',https://cherrylake.com/images/web_photos/lagfatcmc045_a_1.jpg,Variable,Medium,,Unknown,,Availability: Nov-25
CHERRYLAKE,LAGFATCMC045,Tuscarora MT (Dark Coral),Lagerstroemia x fauriei 'Tuscarora' MT,"8.5' X 4' X 1.5"" / Consistent high, good branching",45,Gallon,804,125.0,,FP,Tree,Tree,,8.5',4',https://cherrylake.com/images/web_photos/lagfatcmc045_p_1.jpg,Variable,Medium,,Unknown,,
CHERRYLAKE,LAGFATCSC030,Crape Myrtle Tuscarora STD,,"9' X 1.5' X 1.5"" / *NON-CORE* /",30,Gallon,66,126.34,,FA,Tree,Tree,,9',1.5',https://cherrylake.com/images/web_photos/lagfatcsc030_a_1.jpg,Variable,Medium,,Unknown,,
CHERRYLAKE,LAGFATKSC030,Tuskegee STD (Dark Pink),Lagerstroemia indica x fauriei 'Tuskegee' STD,"9' X 3' X 2"" / good branching structure, bowed trunk",30,Gallon,152,150.0,,FA,Tree,Tree,,9',3',https://cherrylake.com/images/web_photos/lagfatksc030_a_1.jpg,Variable,Medium,,Unknown,,
CHERRYLAKE,LAGFATKSC045,Tuskegee STD (Dark Pink),Lagerstroemia indica x fauriei 'Tuskegee' STD,"12' X 5' X 2.5"" / Full canopy",45,Gallon,278,265.0,,FA,Tree,Tree,,12',5',https://cherrylake.com/images/web_photos/lagfatksc045_a_1.jpg,Variable,Medium,,Unknown,,
CHERRYLAKE,LAGFATKSC045,Tuskegee STD (Dark Pink),Lagerstroemia indica x fauriei 'Tuskegee' STD,"13' X 5' X 3"" / full canopy, small-minimum trunk scars",45,Gallon,24,265.0,,FP,Tree,Tree,,13',5',https://cherrylake.com/images/web_photos/lagfatksc045_p_1.jpg,Variable,Medium,,Unknown,,
CHERRYLAKE,LAGFATKSC100,Tuskegee STD (Dark Pink),Lagerstroemia indica x fauriei 'Tuskegee' STD,"14' X 6' X 3.75"" / Consistent heights",100,Gallon,71,425.0,,FA,Tree,Tree,,14',6',https://cherrylake.com/images/web_photos/lagfatksc100_a_1.jpg,Variable,Medium,,Unknown,,
CHERRYLAKE,LAGFATKSC100,Tuskegee STD (Dark Pink),Lagerstroemia indica x fauriei 'Tuskegee' STD,"17' X 6' X 4"" / Medium/Large Scars, Inconsistent height &caliper",100,Gallon,4,270.75,,FD,Tree,Tree,,17',6',https://cherrylake.com/images/web_photos/lagfatksc100_d_1.jpg,Variable,Medium,,Unknown,,Availability: Limited Qty
CHERRYLAKE,LIGJA00MBB06,Japanese Privet MT,,"0' X 0' X 0"" /","06""",Ball & Burlap,34,150.0,,FA,Ligustrum,Tree,,6',6',https://cherrylake.com/images/web_photos/ligja00mbb06_a_1.jpg,Variable,Medium,,Unknown,,
CHERRYLAKE,LIGJA00MBB08,Japanese Privet MT,Ligustrum japonicum MT,"7.5' X 4' X 0"" /","08""",Ball & Burlap,60,258.0,,FA,Ligustrum,Tree,,7',7',https://cherrylake.com/images/web_photos/ligja00mbb08_a_1.jpg,Variable,Medium,,Non-native,,Origin: East Asia
CHERRYLAKE,LIGJA00MBB10,Japanese Privet MT,Ligustrum japonicum MT,"0' X 0' X 0"" /","10""",Ball & Burlap,0,503.0,,FPPFA,Ligustrum,Tree,,10',8',https://cherrylake.com/images/web_photos/ligja00mbb10_a_1.jpg,Variable,Medium,,Non-native,,"Availability: Dec-25, Origin: East Asia"
CHERRYLAKE,LIGJA00MBB12,Japanese Privet MT,,"0' X 0' X 0"" / *NON-CORE* /","12""",Ball & Burlap,0,726.0,,FPPFA,Ligustrum,Tree,,12',12',https://cherrylake.com/images/web_photos/ligja00mbb12_a_1.jpg,Variable,Medium,,Unknown,,Availability: Nov-25
CHERRYLAKE,LIGJA00MC015,Japanese Privet MT,Ligustrum japonicum MT,"4' X 4' X 1"" / Good branching full alll around.",15,Gallon,114,45.0,,FA,Ligustrum Multi-Trunk,Tree,,4',4',https://cherrylake.com/images/web_photos/ligja00mc015_a_1.jpg,Variable,Medium,,Non-native,,Origin: East Asia
CHERRYLAKE,LIGJA00MC030,Japanese Privet MT,Ligustrum japonicum MT,"5.5' X 4' X 1.5"" / Good branching structure, full all around.",30,Gallon,206,95.0,,FA,Ligustrum Multi-Trunk,Tree,,5.5',4',https://cherrylake.com/images/web_photos/ligja00mc030_a_1.jpg,Variable,Medium,,Non-native,,Origin: East Asia
CHERRYLAKE,LIGJA00MC045,Japanese Privet MT,,"7' X 7' X 0"" /",45,Gallon,28,245.0,,FA,Ligustrum Multi-Trunk,Tree,,7',7',https://cherrylake.com/images/web_photos/ligja00mc045_a_1.jpg,Variable,Medium,,Unknown,,
CHERRYLAKE,LIGJA00MX003,Japanese Privet Ligustrum MT,Ligustrum japonicum MT,"20"" X 24"" X 0"" /",3,Gallon,900,4.32,,FA,Shrub,Shrub,,"20""","24""",https://cherrylake.com/images/web_photos/ligja00mx003_a_1.jpg,Variable,Medium,,Non-native,,Origin: East Asia
CHERRYLAKE,LIGJA00MX007,Japanese Privet Ligustrum MT,Ligustrum japonicum MT,"30"" X 30"" X 0"" /",7,Gallon,916,20.25,,FA,Shrub,Shrub,,"30""","30""",https://cherrylake.com/images/web_photos/ligja00mx007_a_1.jpg,Variable,Medium,,Non-native,,Origin: East Asia
CHERRYLAKE,LIGJA00MX007,Japanese Privet Ligustrum MT,Ligustrum japonicum MT,"34"" X 28"" X 0"" /",7,Gallon,144,17.5,,FP,Shrub,Shrub,,"34""","28""",https://cherrylake.com/images/web_photos/ligja00mx007_p_1.jpg,Variable,Medium,,Non-native,,Origin: East Asia
CHERRYLAKE,LIGJA00MX007,Japanese Privet Ligustrum MT,Ligustrum japonicum MT,"42"" X 30"" X 0"" /",7,Gallon,220,14.05,,FD,Shrub,Shrub,,"42""","30""",https://cherrylake.com/images/web_photos/ligja00mx007_d_1.jpg,Variable,Medium,,Non-native,,Origin: East Asia
CHERRYLAKE,LIGJAJFMX003,Japanese Privet 'Jack Frost',Ligustrum japonicum 'Jack Frost',"12"" X 12"" X 0"" /",3,Gallon,0,4.5,,FA,Shrub,Shrub,,"12""","12""",https://cherrylake.com/images/web_photos/ligjajfmx003_a_1.jpg,Variable,Medium,,Unknown,,
CHERRYLAKE,LIGJAJFMX003,Japanese Privet 'Jack Frost',Ligustrum japonicum 'Jack Frost',"18"" X 20"" X 0"" /",3,Gallon,0,3.0,,FP,Shrub,Shrub,,"18""","20""",https://cherrylake.com/images/web_photos/ligjajfmx003_p_1.jpg,Variable,Medium,,Unknown,,
CHERRYLAKE,LIQST00TBB14,Sweetgum CT,Liquidambar styraciflua,"12' X 5' X 3"" /",1,Gallon,19,0.0,,FA,Tree,Tree,,,,https://cherrylake.com/images/web_photos/liqst00tbb14_a_1.jpg,Variable,Medium,,Native,,
CHERRYLAKE,LIRMUEMFX001,Liriope Emerald Goddess,,"18"" X 15"" X 0"" /",1,Gallon,548,2.27,,FA,Groundcover,Shrub,,"18""","15""",https://cherrylake.com/images/web_photos/lirmuemfx001_a_1.jpg,Variable,Medium,,Unknown,,
CHERRYLAKE,LIRMUSBFBB00,Liriope 'Super Blue',,,1,Gallon,156,0.23,,FA,Shrub,Shrub,,,,https://cherrylake.com/images/web_photos/lirmusbfbb00_a_1.jpg,Variable,Medium,,Unknown,,
CHERRYLAKE,LIRMUSBFX001,Liriope 'Super Blue',Liriope muscari 'Super Blue',"8"" X 5"" X 0"" /",1,Gallon,0,2.59,,FA,Groundcover,Shrub,,"8""","5""",https://cherrylake.com/images/web_photos/lirmusbfx001_a_1.jpg,Variable,Medium,,Non-native,,Origin: East Asia
CHERRYLAKE,LORCRPLFX003,Loropetalum 'Plum',Loropetalum chinense rubrum 'Plum' FTG,"12"" X 12"" X 0"" /",3,Gallon,177,6.5,,FA,Shrub,Shrub,,"12""","12""",https://cherrylake.com/images/web_photos/lorcrplfx003_a_1.jpg,Variable,Medium,,Non-native,,"Origin: China, Japan, and the Himalayas"
CHERRYLAKE,MAGGRBBFC015,Bracken Brown Beauty,Magnolia grandiflora 'Bracken Brown Beauty',"6.5' X 2.5' X 1.5"" / Consistent branching, straight trunks.",15,Gallon,543,60.0,,FA,Tree,Tree,,6.5',2.5',https://cherrylake.com/images/web_photos/maggrbbfc015_a_1.jpg,Variable,Medium,,Native,,
CHERRYLAKE,MAGGRBBFC030,Bracken Brown Beauty,Magnolia grandiflora 'Bracken Brown Beauty',"9' X 3' X 2"" / Full consistent branching.",30,Gallon,396,153.0,,FA,Tree,Tree,,9',3',https://cherrylake.com/images/web_photos/maggrbbfc030_a_1.jpg,Variable,Medium,,Native,,
CHERRYLAKE,MAGGRBBFC030,Bracken Brown Beauty,Magnolia grandiflora 'Bracken Brown Beauty',"8.5' X 3' X 2"" / Not consistent in height and spread.",30,Gallon,7,97.5,,FD,Tree,Tree,,8.5',3',https://cherrylake.com/images/web_photos/maggrbbfc030_d_1.jpg,Variable,Medium,,Native,,Availability: Limited Qty
CHERRYLAKE,MAGGRBBFC065,Bracken Brown Beauty,Magnolia grandiflora 'Bracken Brown Beauty',"10' X 5' X 3"" / small voids, consistent height",65,Gallon,195,340.0,,FA,Tree,Tree,,10',5',https://cherrylake.com/images/web_photos/maggrbbfc065_a_1.jpg,Variable,Medium,,Native,,
CHERRYLAKE,MAGGRBBFC100,Bracken Brown Beauty,Magnolia grandiflora 'Bracken Brown Beauty',"12' X 6' X 4"" / Small voids, good branching structure",100,Gallon,358,500.0,,FA,Tree,Tree,,12',6',https://cherrylake.com/images/web_photos/maggrbbfc100_a_1.jpg,Variable,Medium,,Native,,
CHERRYLAKE,MAGGRBBFC200,Bracken Brown Beauty,Magnolia grandiflora 'Bracken Brown Beauty',"12.5' X 4' X 4"" / good branching structure, small voids",200,Gallon,0,650.0,,FA,Tree,Tree,,14',7',https://cherrylake.com/images/web_photos/maggrbbfc200_a_1.jpg,Variable,Medium,,Native,,Availability: Dec-25
CHERRYLAKE,MAGGRBBFC200,Bracken Brown Beauty,Magnolia grandiflora 'Bracken Brown Beauty',"10' X 6' X 4"" /",200,Gallon,1,414.75,,FD,Tree,Tree,,10',6',https://cherrylake.com/images/web_photos/maggrbbfc200_d_1.jpg,Variable,Medium,,Native,,Availability: Limited Qty
CHERRYLAKE,MAGGRBLFC030,Blanchard,Magnolia grandiflora 'Blanchard',"10' X 3.5' X 1.5"" / Small voids",30,Gallon,10,155.0,,FA,Tree,Tree,,10',3.5',https://cherrylake.com/images/web_photos/maggrblfc030_a_1.jpg,Variable,Medium,,Native,,Availability: Limited Qty
CHERRYLAKE,MAGGRBLFC045,Blanchard,Magnolia grandiflora 'Little Gem',"13' X 4' X 2.75"" / a bit thin in one sides",1,Gallon,1,235.0,,FD,Tree,Tree,,13',4',https://cherrylake.com/images/web_photos/maggrblfc045_d_1.jpg,Variable,Medium,,Native,,Availability: Limited Qty
CHERRYLAKE,MAGGRLGFC015,Little Gem,Magnolia grandiflora 'Little Gem',"4' X 2' X 1.5"" / Good structure, even branching.",15,Gallon,0,55.0,,FA,Tree,Tree,,4',2',https://cherrylake.com/images/web_photos/maggrlgfc015_a_1.jpg,Variable,Medium,,Native,,
CHERRYLAKE,MAGGRLGFC030,Little Gem,Magnolia grandiflora 'Little Gem',"7.5' X 3' X 1.75"" / Straight trunk most consistent branching.",30,Gallon,0,135.0,,FA,Tree,Tree,,7.5',3',https://cherrylake.com/images/web_photos/maggrlgfc030_a_1.jpg,Variable,Medium,,Native,,
CHERRYLAKE,MAGGRLGFC030,Little Gem,Magnolia grandiflora 'Little Gem',"8' X 0' X 1.25"" / Full consistent branching full body.",30,Gallon,155,135.0,,FP,Tree,Tree,,8',0',https://cherrylake.com/images/web_photos/maggrlgfc030_p_1.jpg,Variable,Medium,,Native,,
CHERRYLAKE,MAGGRLGFC045,Little Gem,Magnolia grandiflora 'Little Gem',"8' X 4' X 2"" / Small/ minimum voids.",45,Gallon,170,340.0,,FA,Tree,Tree,,8',4',https://cherrylake.com/images/web_photos/maggrlgfc045_a_1.jpg,Variable,Medium,,Native,,
CHERRYLAKE,MAGGRLGFC045,Little Gem,Magnolia grandiflora 'Little Gem',"6.5' X 4' X 2.5"" / Inconsistent height, small-medium voids",45,Gallon,8,216.75,,FD,Tree,Tree,,6.5',4',https://cherrylake.com/images/web_photos/maggrlgfc045_d_1.jpg,Variable,Medium,,Native,,Availability: Limited Qty
CHERRYLAKE,MAGGRMCFC003,Miss Chloé®,Magnolia grandiflora 'Miss Chloé®',,3,Gallon,0,0.0,,FA,Magnolia Full To Ground,Tree,,,,https://cherrylake.com/images/web_photos/maggrmcfc003_a_1.jpg,Variable,Medium,,Native,,
CHERRYLAKE,MAGGRMCFC030,Miss Chloé®,"
Magnolia grandiflora 'Miss Chloé®'","10' X 3.5' X 2"" / Full canopy",30,Gallon,0,135.0,,FA,Tree,Tree,,10',3.5',https://cherrylake.com/images/web_photos/maggrmcfc030_a_1.jpg,Variable,Medium,,Native,,
CHERRYLAKE,MAGGRMCFC030,Miss Chloé®,"
Magnolia grandiflora 'Miss Chloé®'","9' X 3' X 2"" / Good branching and spread.",30,Gallon,154,95.0,,FP,Tree,Tree,,9',3',https://cherrylake.com/images/web_photos/maggrmcfc030_p_1.jpg,Variable,Medium,,Native,,
CHERRYLAKE,MAGGRMCFC030,Miss Chloé®,"
Magnolia grandiflora 'Miss Chloé®'","8' X 3' X 1.75"" / thin at the top and bottom",30,Gallon,15,86.25,,FD,Tree,Tree,,8',3',https://cherrylake.com/images/web_photos/maggrmcfc030_d_1.jpg,Variable,Medium,,Native,,Availability: Limited Qty
CHERRYLAKE,MAGGRMCFC065,Miss Chloé®,Magnolia grandiflora 'Miss Chloé®',"10' X 5' X 3"" / good branching structure, medium-large voids",65,Gallon,968,324.0,,FA,Tree,Tree,,10',5',https://cherrylake.com/images/web_photos/maggrmcfc065_a_1.jpg,Variable,Medium,,Native,,
CHERRYLAKE,MAGGRMCFC065,Miss Chloé®,Magnolia grandiflora 'Miss Chloé®',"10' X 5' X 3"" / Good branching structure",65,Gallon,171,235.0,,FP,Tree,Tree,,10',5',https://cherrylake.com/images/web_photos/maggrmcfc065_p_1.jpg,Variable,Medium,,Native,,
CHERRYLAKE,MAGGRMCFC100,Miss Chloé®,Magnolia grandiflora 'Miss Chloé®',"12' X 6' X 4"" / Consistent height, small-medium voids",100,Gallon,284,530.0,,FA,Tree,Tree,,12',6',https://cherrylake.com/images/web_photos/maggrmcfc100_a_1.jpg,Variable,Medium,,Native,,
CHERRYLAKE,MAGGRMCFC200,Miss Chloé®,Magnolia grandiflora 'Miss Chloé®',"14' X 7' X 5"" / good branching structure,small-medium voids",200,Gallon,116,745.0,,FA,Tree,Tree,,14',7',https://cherrylake.com/images/web_photos/maggrmcfc200_a_1.jpg,Variable,Medium,,Native,,
CHERRYLAKE,MAGGRMCFC670,Miss Chloé®,Magnolia grandiflora 'Miss Chloé®',"20' X 10' X 7"" / Full canopy",670,Gallon,8,0.0,,FA,Tree,Tree,,20',10',https://cherrylake.com/images/web_photos/maggrmcfc670_a_1.jpg,Variable,Medium,,Native,,
CHERRYLAKE,MUHCAMGFX001,Muhly Grass Pink,Muhlenbergia capillaris,"12"" X 14"" X 0"" /",1,Gallon,0,2.5,,FA,Ornamental Grass,Shrub,,"12""","14""",https://cherrylake.com/images/web_photos/muhcamgfx001_a_1.jpg,Variable,Medium,,Native,,
CHERRYLAKE,MUHCAMGFX003,Muhly Grass Pink,Muhlenbergia capillaris,"16"" X 16"" X 0"" /",3,Gallon,0,4.47,,FA,Ornamental Grass,Shrub,,"16""","16""",https://cherrylake.com/images/web_photos/muhcamgfx003_a_1.jpg,Variable,Medium,,Native,,
CHERRYLAKE,MYRCE00MBB08,Wax Myrtle,Myrica cerifera,"0' X 0' X 0"" / *NON-CORE* /","08""",Ball & Burlap,5,250.0,,FPPFA,WAX MYRTLE MULTI-TRUNK,Tree,,8',6',https://cherrylake.com/images/web_photos/myrce00mbb08_a_1.jpg,Variable,Medium,,Native,,Availability: Limited Qty.
CHERRYLAKE,MYRCE00MC015,Wax Myrtle MT,Myrica cerifera,"5' X 2.5' X 0"" / Not all consistent in height or spread. Yellowish color.",15,Gallon,9,43.5,,FD,Wax Myrtle,Tree,,5',2.5',https://cherrylake.com/images/web_photos/myrce00mc015_d_1.jpg,Variable,Medium,,Native,,Availability: Limited Qty
CHERRYLAKE,MYRCE00MC030,Wax Myrtle MT,Myrica cerifera,"6' X 5' X 1.5"" / Consistent and fullness.",30,Gallon,39,161.0,,FA,Wax Myrtle,Tree,,6',5',https://cherrylake.com/images/web_photos/myrce00mc030_a_1.jpg,Variable,Medium,,Native,,
CHERRYLAKE,MYRCE00MC045,Wax Myrtle MT,Myrica cerifera,"8' X 4' X 0"" / Small voids",1,Gallon,16,225.0,,FA,Tree,Tree,,8',4',https://cherrylake.com/images/web_photos/myrce00mc045_a_1.jpg,Variable,Medium,,Native,,Availability: Limited Qty
CHERRYLAKE,MYRCE00MX003,Wax Myrtle,Myrica cerifera,"12"" X 12"" X 0"" /",3,Gallon,0,6.04,,FA,Shrub,Shrub,,"12""","12""",https://cherrylake.com/images/web_photos/myrce00mx003_a_1.jpg,Variable,Medium,,Native,,
CHERRYLAKE,MYRCE00MX007,Wax Myrtle,Myrica cerifera,"36"" X 24"" X 0"" /",7,Gallon,96,24.0,,FA,Shrub,Shrub,,"36""","24""",https://cherrylake.com/images/web_photos/myrce00mx007_a_1.jpg,Variable,Medium,,Native,,
CHERRYLAKE,MYRCEDDMX003,Wax Myrtle 'Don's Dwarf' MT,Myrica cerifera 'Don's Dwarf',"24"" X 18"" X 0"" / *NON-CORE* /",3,Gallon,265,12.07,,FA,Shrub,Shrub,,"24""","18""",https://cherrylake.com/images/web_photos/myrceddmx003_a_1.jpg,Variable,Medium,,Native,,
CHERRYLAKE,MYRFR00FC030,Simpson's Stopper FTG,,"6' X 4' X 0"" /",30,Gallon,32,120.0,,FA,SIMPSON'S STOPPER,Tree,,6',4',https://cherrylake.com/images/web_photos/myrfr00fc030_a_1.jpg,Variable,Medium,,Native,,
CHERRYLAKE,NEROLCAFX003,Oleander 'Calypso',Nerium oleander 'Calypso' FTG,"12"" X 8"" X 0"" /",3,Gallon,353,4.85,,FD,Shrub,Shrub,,"12""","8""",https://cherrylake.com/images/web_photos/nerolcafx003_d_1.jpg,Variable,Medium,,Unknown,,
CHERRYLAKE,NEROLCAFX007,Oleander 'Calypso',Nerium oleander 'Calypso' FTG,"18"" X 18"" X 0"" /",7,Gallon,33,21.0,,FA,Shrub,Shrub,,"18""","18""",https://cherrylake.com/images/web_photos/nerolcafx007_a_1.jpg,Variable,Medium,,Unknown,,Availability: Limited Qty
CHERRYLAKE,OPHINAGFX001,Aztec Grass,Ophiopogon intermedius 'Aztec Grass',"12"" X 12"" X 0"" / *NON-CORE* /",1,Gallon,700,2.25,,FA,Wildflower,Shrub,,"12""","12""",https://cherrylake.com/images/web_photos/ophinagfx001_a_1.jpg,Variable,Medium,,Unknown,,
CHERRYLAKE,OPHJADWFX001,Mondo Grass 'Dwarf',,"3"" X 4"" X 0"" /",1,Gallon,595,2.42,,FA,GROUNDCOVER & VINE,Shrub,,"3""","4""",https://cherrylake.com/images/web_photos/ophjadwfx001_a_1.jpg,Variable,Medium,,Unknown,,
CHERRYLAKE,OSMFR00FX007,Tea Olive,Osmanthus fragrans FTG,"18"" X 18"" X 0"" /",7,Gallon,90,25.0,,FA,Shrub,Shrub,,"18""","18""",https://cherrylake.com/images/web_photos/osmfr00fx007_a_1.jpg,Variable,Medium,,Non-native,,Origin: Asia
CHERRYLAKE,PENSEWHFX003,Fountain Grass 'White',,"16"" X 16"" X 0"" /",3,Gallon,229,4.95,,FA,Ornamental Grass,Shrub,,"16""","16""",https://cherrylake.com/images/web_photos/pensewhfx003_a_1.jpg,Variable,Medium,,Unknown,,
CHERRYLAKE,PHODAME1BB06,Phoenix dactylifera 'Medjool',,"0' X 0' X 0"" /",1,Gallon,2,600.0,,FA,Palm,Tree,,,,https://cherrylake.com/images/web_photos/phodame1bb06_a_1.jpg,Variable,Medium,,Unknown,,Availability: Limited Qty.
CHERRYLAKE,PHODAME1BB12,Phoenix Dactylifera 'Medjool',Phoenix dactylifera,"12' X 0' X 0"" /","12""",Ball & Burlap,8,0.0,,FA,Palm,Tree,,12' CT,,https://cherrylake.com/images/web_photos/phodame1bb12_a_1.jpg,Variable,Medium,,Unknown,,
CHERRYLAKE,PHODAME1BB12,Phoenix Dactylifera 'Medjool',Phoenix dactylifera,"12' X 0' X 0"" / Units per truck 9 
Min order qty 5","12""",Ball & Burlap,0,0.0,,CSP,Palm,Tree,,12' CT,,https://cherrylake.com/images/web_photos/phodame1bb12_p_1.jpg,Variable,Medium,,Unknown,,
CHERRYLAKE,PHODAME1BB14,Phoenix Dactylifera 'Medjool',Phoenix dactylifera,"14' X 0' X 0"" /","14""",Ball & Burlap,5,0.0,,FA,Palm,Tree,,14' CT,,https://cherrylake.com/images/web_photos/phodame1bb14_a_1.jpg,Variable,Medium,,Unknown,,Availability: Limited Qty.
CHERRYLAKE,PHODAME1BB14,Phoenix Dactylifera 'Medjool',Phoenix dactylifera,"14' X 0' X 0"" / Units per truck 9 
Min order qty 5","14""",Ball & Burlap,0,0.0,,CSP,Palm,Tree,,14' CT,,https://cherrylake.com/images/web_photos/phodame1bb14_p_1.jpg,Variable,Medium,,Unknown,,
CHERRYLAKE,PHODAME1BB16,Phoenix Dactylifera 'Medjool',Phoenix dactylifera,"16' X 0' X 0"" /","16""",Ball & Burlap,3,0.0,,FA,Palm,Tree,,16' CT,,https://cherrylake.com/images/web_photos/phodame1bb16_a_1.jpg,Variable,Medium,,Unknown,,Availability: Limited Qty.
CHERRYLAKE,PHODAME1BB16,Phoenix Dactylifera 'Medjool',Phoenix dactylifera,"16' X 0' X 0"" / Units per truck 9 Min order qty 5","16""",Ball & Burlap,0,0.0,,CSP,Palm,Tree,,16' CT,,https://cherrylake.com/images/web_photos/phodame1bb16_p_1.jpg,Variable,Medium,,Unknown,,
CHERRYLAKE,PHODAME1BB18,Phoenix Dactylifera 'Medjool',Phoenix dactylifera,"18' X 0' X 0"" /","18""",Ball & Burlap,8,0.0,,FA,Palm,Tree,,18' CT,,https://cherrylake.com/images/web_photos/phodame1bb18_a_1.jpg,Variable,Medium,,Unknown,,
CHERRYLAKE,PHODAME1BB18,Phoenix Dactylifera 'Medjool',Phoenix dactylifera,"18' X 0' X 0"" / Units per truck 6 
Min order qty 3","18""",Ball & Burlap,0,0.0,,CSP,Palm,Tree,,18' CT,,https://cherrylake.com/images/web_photos/phodame1bb18_p_1.jpg,Variable,Medium,,Unknown,,
CHERRYLAKE,PHODAME1BB20,Phoenix Dactylifera 'Medjool',Phoenix dactylifera,"20' X 0' X 0"" / Units per truck 6 
Min order qty 3","20""",Ball & Burlap,0,0.0,,CSP,Palm,Tree,,20',,https://cherrylake.com/images/web_photos/phodame1bb20_p_1.jpg,Variable,Medium,,Unknown,,
CHERRYLAKE,PHODAME1BB22,Phoenix Dactylifera 'Medjool',Phoenix dactylifera,"22' X 0' X 0"" / Units per truck 6 Min order qty 3","22""",Ball & Burlap,0,0.0,,CSP,Palm,Tree,,22',,https://cherrylake.com/images/web_photos/phodame1bb22_p_1.jpg,Variable,Medium,,Unknown,,
CHERRYLAKE,PINEL00TBB10,Slash Pine,Pinus elliottii,"10' X 0' X 3"" /","10""",Ball & Burlap,80,200.0,,FA,Tree,Tree,,10',4',https://cherrylake.com/images/web_photos/pinel00tbb10_a_1.jpg,Variable,Medium,,Native,,
CHERRYLAKE,PINEL00TBB12,Slash Pine,Pinus elliottii,"12' X 5' X 2.5"" / Consistent height","12""",Ball & Burlap,30,245.0,,FA,Tree,Tree,,12',4 - 5',https://cherrylake.com/images/web_photos/pinel00tbb12_a_1.jpg,Variable,Medium,,Native,,
CHERRYLAKE,PINEL00TBB12,Slash Pine,Pinus elliottii,"10' X 3' X 2"" / Units per truck 70 Min order qty 18","12""",Ball & Burlap,0,212.0,,CSP,Tree,Tree,,12',4 - 5',https://cherrylake.com/images/web_photos/pinel00tbb12_p_1.jpg,Variable,Medium,,Native,,
CHERRYLAKE,PINEL00TBB14,Slash Pine,Pinus elliottii,"12' X 4' X 3.75"" /","14""",Ball & Burlap,68,275.0,,FA,Tree,Tree,,14',4 - 6',https://cherrylake.com/images/web_photos/pinel00tbb14_a_1.jpg,Variable,Medium,,Native,,
CHERRYLAKE,PINEL00TBB14,Slash Pine,Pinus elliottii,"14' X 4' X 3"" / Units per truck 70 Min order qty 18","14""",Ball & Burlap,0,236.0,,CSP,Tree,Tree,,14',4 - 6',https://cherrylake.com/images/web_photos/pinel00tbb14_p_1.jpg,Variable,Medium,,Native,,
CHERRYLAKE,PINEL00TBB16,Slash Pine,Pinus elliottii,"16' X 4' X 4"" / Consistent height","16""",Ball & Burlap,69,300.0,,FA,Tree,Tree,,16',4 - 6',https://cherrylake.com/images/web_photos/pinel00tbb16_a_1.jpg,Variable,Medium,,Native,,
CHERRYLAKE,PINEL00TBB16,Slash Pine,Pinus elliottii,"16' X 4' X 4"" / Units per truck 60 
Min order qty 30","16""",Ball & Burlap,0,265.0,,CSP,Tree,Tree,,16',4 - 6',https://cherrylake.com/images/web_photos/pinel00tbb16_p_1.jpg,Variable,Medium,,Native,,
CHERRYLAKE,PINEL00TBB20,Slash Pine,Pinus elliottii,,"20""",Ball & Burlap,1,0.0,,FA,Tree,Tree,,,,https://cherrylake.com/images/web_photos/pinel00tbb20_a_1.jpg,Variable,Medium,,Native,,Availability: Limited Qty.
CHERRYLAKE,PINEL00TBB20,Slash Pine,Pinus elliottii,"18' X 6' X 5"" / Units per truck 40 
Min order qty 30","20""",Ball & Burlap,0,324.0,,CSP,Tree,Tree,,,,https://cherrylake.com/images/web_photos/pinel00tbb20_p_1.jpg,Variable,Medium,,Native,,
CHERRYLAKE,PINEL00TBB28,Slash Pine,Pinus elliottii,"25' X 10' X 5.5"" / Units per truck 25 Min order qty 15","28""",Ball & Burlap,0,529.0,,CSP,Tree,Tree,,,,https://cherrylake.com/images/web_photos/pinel00tbb28_p_1.jpg,Variable,Medium,,Native,,
CHERRYLAKE,PINEL00TC015,Slash Pine,Pinus elliottii,"10' X 1.5' X 1.5"" / Good consistent branching.",15,Gallon,164,66.2,,FA,Tree,Tree,,10',1.5',https://cherrylake.com/images/web_photos/pinel00tc015_a_1.jpg,Variable,Medium,,Native,,
CHERRYLAKE,PINEL00TC015,Slash Pine,Pinus elliottii,"5' X 3' X 1.25"" / Units per truck 300 Min order qty 150",15,Gallon,0,59.0,,CSP,Tree,Tree,,5',3',https://cherrylake.com/images/web_photos/pinel00tc015_p_1.jpg,Variable,Medium,,Native,,
CHERRYLAKE,PINEL00TC030,Slash Pine,Pinus elliottii,"8' X 3' X 1.5"" / Straight trunk",30,Gallon,12,158.0,,FA,Tree,Tree,,8',3',https://cherrylake.com/images/web_photos/pinel00tc030_a_1.jpg,Variable,Medium,,Native,,Availability: Limited Qty
CHERRYLAKE,PINEL00TC030,Slash Pine,Pinus elliottii,,30,Gallon,0,158.0,,CSP,Tree,Tree,,,,https://cherrylake.com/images/web_photos/pinel00tc030_p_1.jpg,Variable,Medium,,Native,,
CHERRYLAKE,PINELDETBB12,Densa Pine (RPG),Pinus elliottii 'Densa',"10.5' X 4.5' X 4.5"" / *NON-CORE* /","12""",Ball & Burlap,4,330.0,,FA,Tree,Tree,,10'-11' OA,4',https://cherrylake.com/images/web_photos/pineldetbb12_a_1.jpg,Variable,Medium,,Native,,Availability: Limited Qty.
CHERRYLAKE,PINPA00TC030,Longleaf Pine,Pinus palustris,"7' X 3' X 2"" /",30,Gallon,1,100.0,,FA,Tree,Tree,,7',3',https://cherrylake.com/images/web_photos/pinpa00tc030_a_1.jpg,Variable,Medium,,Native,,Availability: Limited Qty
CHERRYLAKE,PINTA00TC015,Loblolly Pine,Pinus taeda CT,"8' X 2.5' X 1.25"" / Even branching most consistent in height.",15,Gallon,111,55.0,,FA,Tree,Tree,,8',2.5',https://cherrylake.com/images/web_photos/pinta00tc015_a_1.jpg,Variable,Medium,,Native,,
CHERRYLAKE,PIT00VAFX003,Pittosporum Variegated,Pittosporum Variegated FTG,"18"" X 14"" X 0"" /",3,Gallon,74,6.36,,FA,Shrub,Shrub,,"18""","14""",https://cherrylake.com/images/web_photos/pit00vafx003_a_1.jpg,Variable,Medium,,Non-native,,Origin: East Asia
CHERRYLAKE,PLAOC00TC030,Sycamore CT,Plantanus occidentalis,"12' X 4' X 2"" / Consistent height",30,Gallon,112,143.75,,FA,Platanus,Tree,,12',4',https://cherrylake.com/images/web_photos/plaoc00tc030_a_1.jpg,Variable,Medium,,Native,,
CHERRYLAKE,PLU00IBFX003,Plumbago 'Imperial Blue',Plumbago auriculata 'Imperial Blue',"12"" X 12"" X 0"" / *NON-CORE* /",3,Gallon,10,5.65,,FA,Shrub,Shrub,,"12""","12""",https://cherrylake.com/images/web_photos/plu00ibfx003_a_1.jpg,Variable,Medium,,Unknown,,Availability: Limited Qty
CHERRYLAKE,PODMA00MX003,Podocarpus MT,Podocarpus macrophyllus FTG,"36"" X 16"" X 0"" /",3,Gallon,0,5.25,,FA,Shrub,Shrub,,"36""","16""",https://cherrylake.com/images/web_photos/podma00mx003_a_1.jpg,Variable,Medium,,Unknown,,
CHERRYLAKE,PODMA00FX007,Podocarpus FTG,Podocarpus macrophyllus FTG,"34"" X 18"" X 0"" /",7,Gallon,268,18.38,,FA,Shrub,Shrub,,"34""","18""",https://cherrylake.com/images/web_photos/podma00fx007_a_1.jpg,Variable,Medium,,Unknown,,
CHERRYLAKE,PODMA00MBB08,Podocarpus MT,,"0' X 0' X 0"" /","08""",Ball & Burlap,28,206.0,,FA,Podocarpus MT,Tree,,8',3',https://cherrylake.com/images/web_photos/podma00mbb08_a_1.jpg,Variable,Medium,,Unknown,,
CHERRYLAKE,PODMA00MBB10,Podocarpus MT,Podocarpus macrophyllus MT,"0' X 0' X 0"" /","10""",Ball & Burlap,0,400.0,,FPPFA,Podocarpus MT,Tree,,10',3',https://cherrylake.com/images/web_photos/podma00mbb10_a_1.jpg,Variable,Medium,,Non-native,,"Availability: Oct-25, Origin: East Asia"
CHERRYLAKE,PODMA00MC003,Podocarpus,Podocarpus macrophyllus MT,"24' X 9' X 0"" /",3,Gallon,0,5.49,,FA,Shrub,Shrub,,"18""","14""",https://cherrylake.com/images/web_photos/podma00mc003_a_1.jpg,Variable,Medium,,Unknown,,
CHERRYLAKE,PODMA00MC003,Podocarpus,Podocarpus macrophyllus MT,"28' X 12' X 0"" /",3,Gallon,367,3.82,,FD,Shrub,Shrub,,28',12',https://cherrylake.com/images/web_photos/podma00mc003_d_1.jpg,Variable,Medium,,Unknown,,
CHERRYLAKE,PODMA00MC015,Podocarpus,Podocarpus macrophyllus MT,"4' X 3' X 0"" /",15,Gallon,60,49.0,,FA,Podocarpus MT,Shrub,,4',3',https://cherrylake.com/images/web_photos/podma00mc015_a_1.jpg,Variable,Medium,,Non-native,,Origin: East Asia
CHERRYLAKE,PODMA00MC015,Podocarpus,Podocarpus macrophyllus MT,"4' X 3' X 0"" /",15,Gallon,4,44.0,,FP,Podocarpus MT,Shrub,,4',3',https://cherrylake.com/images/web_photos/podma00mc015_p_1.jpg,Variable,Medium,,Non-native,,"Availability: Limited Qty, Origin: East Asia"
CHERRYLAKE,PODMA00MC015,Podocarpus,Podocarpus macrophyllus MT,"4' X 0' X 0"" / #1  quality promo   12",15,Gallon,3,41.38,,CSPDRD,Podocarpus MT,Shrub,,4',0',https://cherrylake.com/images/web_photos/podma00mc015_d_1.jpg,Variable,Medium,,Non-native,,"Availability: Limited Qty, Origin: East Asia"
CHERRYLAKE,PODMA00MC030,Podocarpus,Podocarpus macrophyllus MT,"6' X 3' X 0"" /",30,Gallon,44,115.0,,FA,Podocarpus MT,Shrub,,6',3',https://cherrylake.com/images/web_photos/podma00mc030_a_1.jpg,Variable,Medium,,Non-native,,Origin: East Asia
CHERRYLAKE,PODMA00MC030,Podocarpus,Podocarpus macrophyllus MT,"6' X 3.5' X 0"" /",30,Gallon,16,100.0,,FP,Podocarpus MT,Shrub,,6',3.5',https://cherrylake.com/images/web_photos/podma00mc030_p_1.jpg,Variable,Medium,,Non-native,,Origin: East Asia
CHERRYLAKE,PODMA00MC045,Podocarpus,Podocarpus Macrophyllus,"8' X 4' X 0"" /",45,Gallon,10,265.0,,FA,Podocarpus MT,Tree,,8',4',https://cherrylake.com/images/web_photos/podma00mc045_a_1.jpg,Variable,Medium,,Unknown,,Availability: Limited Qty
CHERRYLAKE,PODMA00MC045,Podocarpus,Podocarpus Macrophyllus,"8' X 3.5' X 0"" / Units per truck 60 
Min order qty 30",45,Gallon,0,212.0,,CSP,Podocarpus MT,Tree,,8',3.5',https://cherrylake.com/images/web_photos/podma00mc045_p_1.jpg,Variable,Medium,,Unknown,,
CHERRYLAKE,PODMAPDFX003,Podocarpus Dwarf 'Pringles',Podocarpus macrophyllus 'Pringles' Dwarf FTG,"12"" X 12"" X 0"" /",3,Gallon,736,4.5,,FA,Shrub,Shrub,,"12""","12""",https://cherrylake.com/images/web_photos/podmapdfx003_a_1.jpg,Variable,Medium,,Non-native,,Origin: Africa and Asia
CHERRYLAKE,PODMAPDFX007,Podocarpus Dwarf 'Pringles',Podocarpus macrophyllus 'Pringles' Dwarf FTG,"18"" X 18"" X 0"" /",7,Gallon,233,23.34,,FA,Shrub,Shrub,,"18""","18""",https://cherrylake.com/images/web_photos/podmapdfx007_a_1.jpg,Variable,Medium,,Non-native,,Origin: Africa and Asia
CHERRYLAKE,PRUCACOFC015,Cherry Laurel FTG,Prunus Caroliniana,"5' X 3' X 1.75"" / Consistent height",15,Gallon,112,75.0,,FA,Prunus,Tree,,5',3',https://cherrylake.com/images/web_photos/prucacofc015_a_1.jpg,Variable,Medium,,Unknown,,
CHERRYLAKE,PRUCACOFC030,Cherry Laurel FTG,Prunus Caroliniana,"6' X 4' X 0"" / Good branching",30,Gallon,121,145.0,,FA,Prunus,Tree,,6',4',https://cherrylake.com/images/web_photos/prucacofc030_a_1.jpg,Variable,Medium,,Unknown,,
CHERRYLAKE,QUENU00TBB12,Nutall Oak,Quercus Nuttallii,"12' X 3' X 3"" / Inconsistent branching","12""",Ball & Burlap,5,225.0,,FA,Tree,Tree,,,,https://cherrylake.com/images/web_photos/quenu00tbb12_a_1.jpg,Variable,Medium,,Native,,Availability: Limited Qty.
CHERRYLAKE,QUENU00TC003,Oak Nuttall CT,,,1,Gallon,0,0.0,,FA,Tree,Tree,,,,https://cherrylake.com/images/web_photos/quenu00tc003_a_1.jpg,Variable,Medium,,Unknown,,
CHERRYLAKE,QUENU00TC030,Nuttall Oak,Quercus nuttallii CT,"9' X 3' X 2"" /",30,Gallon,28,115.0,,FA,Tree,Tree,,9',3',https://cherrylake.com/images/web_photos/quenu00tc030_a_1.jpg,Variable,Medium,,Native,,
CHERRYLAKE,QUENU00TC045,Nuttall Oak,Quercus nuttallii CT,"9' X 4' X 2.5"" / Full canopy",45,Gallon,38,205.0,,FA,Tree,Tree,,9',4',https://cherrylake.com/images/web_photos/quenu00tc045_a_1.jpg,Variable,Medium,,Native,,
CHERRYLAKE,QUENU00TC045,Nuttall Oak,Quercus nuttallii CT,"10' X 0' X 2.5"" / scars  in the trunks main issue  12",45,Gallon,23,146.25,,CSPDRD,Tree,Tree,,10',0',https://cherrylake.com/images/web_photos/quenu00tc045_d_1.jpg,Variable,Medium,,Native,,
CHERRYLAKE,QUEPH00TC015,Willow Oak,Quercus phellos CT,"10' X 2.5' X 1.25"" / Most consistent in branching and spread.",15,Gallon,7,60.8,,FA,Tree,Tree,,10',2.5',https://cherrylake.com/images/web_photos/queph00tc015_a_1.jpg,Variable,Medium,,Native,,Availability: Limited Qty
CHERRYLAKE,QUEPH00TC015,Willow Oak,Quercus phellos CT,"9.5' X 3' X 2"" / not consistent in spread.",15,Gallon,5,44.96,,FD,Tree,Tree,,9.5',3',https://cherrylake.com/images/web_photos/queph00tc015_d_1.jpg,Variable,Medium,,Native,,Availability: Limited Qty
CHERRYLAKE,QUEPH00TC030,Willow Oak,Quercus phellos CT,"9' X 3' X 2"" / *NON-CORE* / good branching structure",30,Gallon,18,145.0,,FA,Tree,Tree,,9',3',https://cherrylake.com/images/web_photos/queph00tc030_a_1.jpg,Variable,Medium,,Native,,Availability: Limited Qty
CHERRYLAKE,QUEPH00TC045,Willow Oak,Quercus phellos CT,"13' X 3.5' X 2.5"" / Good branching.straight trunk",45,Gallon,2,240.0,,FA,Tree,Tree,,13',3.5',https://cherrylake.com/images/web_photos/queph00tc045_a_1.jpg,Variable,Medium,,Native,,Availability: Limited Qty
CHERRYLAKE,QUEPH00TC045,Willow Oak,Quercus phellos CT,"12' X 4' X 3"" / Consistent height",45,Gallon,233,240.0,,FP,Tree,Tree,,12',4',https://cherrylake.com/images/web_photos/queph00tc045_p_1.jpg,Variable,Medium,,Native,,
CHERRYLAKE,QUESH00TC030,Shumard Oak,,"9' X 3' X 2"" /",30,Gallon,32,133.0,,FA,Tree,Tree,,9',3',https://cherrylake.com/images/web_photos/quesh00tc030_a_1.jpg,Variable,Medium,,Unknown,,
CHERRYLAKE,QUEVICATC030,Live Oak Cathedral®,Quercus virginiana 'Cathedral',"9' X 3.5' X 1.75"" / *NON-CORE* /",30,Gallon,326,190.0,,FA,Tree,Tree,,9',3.5',https://cherrylake.com/images/web_photos/quevicatc030_a_1.jpg,Variable,Medium,,Native,,
CHERRYLAKE,QUEVICATC045,Live Oak Cathedral®,Quercus virginiana 'Cathedral',"12' X 4' X 2.75"" / Consistent height",45,Gallon,393,325.0,,FA,Tree,Tree,,12',4',https://cherrylake.com/images/web_photos/quevicatc045_a_1.jpg,Variable,Medium,,Native,,
CHERRYLAKE,QUEVICATC065,Live Oak Cathedral®,Quercus virginiana 'Cathedral',"14' X 5' X 3.25"" / full canopy",65,Gallon,741,388.0,,FA,Tree,Tree,,14',5',https://cherrylake.com/images/web_photos/quevicatc065_a_1.jpg,Variable,Medium,,Native,,
CHERRYLAKE,QUEVICATC065,Live Oak Cathedral®,Quercus virginiana 'Cathedral',"14' X 6' X 3"" / Consistent height",65,Gallon,70,325.0,,FP,Tree,Tree,,14',6',https://cherrylake.com/images/web_photos/quevicatc065_p_1.jpg,Variable,Medium,,Native,,
CHERRYLAKE,QUEVISETBB14,Live Oak Seedling,Quercus virginiana,"14' X 3' X 3.75"" / Consistent height","14""",Ball & Burlap,24,475.0,,FA,Tree,Tree,,14',,https://cherrylake.com/images/web_photos/quevisetbb14_a_1.jpg,Variable,Medium,,Native,,
CHERRYLAKE,QUEVISETC015,Live Oak Seedling,Quercus virginiana,"10' X 2' X 1.25"" / Most consistent in height and spread.",15,Gallon,67,65.0,,FA,Tree,Tree,,10',2',https://cherrylake.com/images/web_photos/quevisetc015_a_1.jpg,Variable,Medium,,Native,,
CHERRYLAKE,QUEVISETC030,Live Oak Seedling,Quercus virginiana,"10' X 4' X 2"" /",30,Gallon,691,176.0,,FA,Tree,Tree,,10',4',https://cherrylake.com/images/web_photos/quevisetc030_a_1.jpg,Variable,Medium,,Native,,
CHERRYLAKE,QUEVISETC030,Live Oak Seedling,Quercus virginiana,"11' X 3.5' X 2.5"" /",30,Gallon,84,176.0,,FP,Tree,Tree,,11',3.5',https://cherrylake.com/images/web_photos/quevisetc030_p_1.jpg,Variable,Medium,,Native,,
CHERRYLAKE,QUEVISETC045,Live Oak Seedling,Quercus virginiana,"12' X 3.5' X 2.5"" / straight trunk",45,Gallon,263,325.0,,FA,Tree,Tree,,12',3.5',https://cherrylake.com/images/web_photos/quevisetc045_a_1.jpg,Variable,Medium,,Native,,
CHERRYLAKE,QUEVISETC065,Live Oak Seedling,Quercus virginiana,"14' X 5' X 3"" / consistent height",65,Gallon,841,388.0,,FA,Tree,Tree,,14',5',https://cherrylake.com/images/web_photos/quevisetc065_a_1.jpg,Variable,Medium,,Native,,
CHERRYLAKE,QUEVISETC065,Live Oak Seedling,Quercus virginiana,"15' X 3' X 2.5"" / Consistent height",65,Gallon,323,388.0,,FP,Tree,Tree,,15',3',https://cherrylake.com/images/web_photos/quevisetc065_p_1.jpg,Variable,Medium,,Native,,
CHERRYLAKE,QUEVISETC065,Live Oak Seedling,Quercus virginiana,"14' X 5' X 3.5"" / Slight bow near top, collar/trunk scars",65,Gallon,42,320.69,,FD,Tree,Tree,,14',5',https://cherrylake.com/images/web_photos/quevisetc065_d_1.jpg,Variable,Medium,,Native,,
CHERRYLAKE,QUEVISETC100,Live Oak Seedling,Quercus virginiana,"18' X 4' X 4"" / Consistent height",100,Gallon,681,500.0,,FA,Tree,Tree,,18',4',https://cherrylake.com/images/web_photos/quevisetc100_a_1.jpg,Variable,Medium,,Native,,
CHERRYLAKE,QUEVISETC200,Live Oak Seedling,Quercus virginiana,"18' X 8' X 5"" / Full canopy,straight trunk",200,Gallon,235,950.0,,FA,Tree,Tree,,18',8',https://cherrylake.com/images/web_photos/quevisetc200_a_1.jpg,Variable,Medium,,Native,,
CHERRYLAKE,QUEVISETC670,Live Oak Seedling,Quercus virginiana,"20' X 10' X 7"" / Full canopy,good branching structure,straight trunks",670,Gallon,21,0.0,,FA,Tree,Tree,,20',10',https://cherrylake.com/images/web_photos/quevisetc670_a_1.jpg,Variable,Medium,,Native,,
CHERRYLAKE,RHAINTHFX003,Indian Hawthorn,Rhaphiolepis indica FTG,"12"" X 12"" X 0"" /",3,Gallon,0,5.25,,FA,Shrub,Shrub,,"12""","12""",https://cherrylake.com/images/web_photos/rhainthfx003_a_1.jpg,Variable,Medium,,Unknown,,
CHERRYLAKE,RHAINTHFX003,Indian Hawthorn,Rhaphiolepis indica FTG,"12"" X 12"" X 0"" /",3,Gallon,0,3.75,,FP,Shrub,Shrub,,"12""","12""",https://cherrylake.com/images/web_photos/rhainthfx003_p_1.jpg,Variable,Medium,,Unknown,,
CHERRYLAKE,RHOSIFAFX003,Azalea 'Fashion',Rhododendron simsii 'Fashion',"18"" X 12"" X 0"" /",3,Gallon,807,6.55,,FA,Shrub,Shrub,,"18""","12""",https://cherrylake.com/images/web_photos/rhosifafx003_a_1.jpg,Variable,Medium,,Unknown,,
CHERRYLAKE,RHOSIFLFX003,Azalea 'Formosa Lavender',Rhododendron simsii 'Formosa Lavender',"18"" X 18"" X 0"" /",3,Gallon,286,6.55,,FA,Shrub,Shrub,,"18""","18""",https://cherrylake.com/images/web_photos/rhosiflfx003_a_1.jpg,Variable,Medium,,Unknown,,
CHERRYLAKE,SCHARTRFX003,Schefflera 'Trinette',Scheffilera arboricola 'Trinette',"10"" X 14"" X 0"" /",3,Gallon,452,5.7,,FA,Shrub,Shrub,,"10""","14""",https://cherrylake.com/images/web_photos/schartrfx003_a_1.jpg,Variable,Medium,,Unknown,,
CHERRYLAKE,SPABA00FX001,Sand Cordgrass,Spartina bakeri,"18"" X 6"" X 0"" /",1,Gallon,700,2.25,,FA,Ornamental Grass,Shrub,,"18""","6""",https://cherrylake.com/images/web_photos/spaba00fx001_a_1.jpg,Variable,Medium,,Native,,
CHERRYLAKE,SPABA00FX003,Sand Cordgrass,Spartina bakeri,"16"" X 16"" X 0"" /",3,Gallon,0,3.75,,FA,Ornamental Grass,Shrub,,"16""","16""",https://cherrylake.com/images/web_photos/spaba00fx003_a_1.jpg,Variable,Medium,,Native,,
CHERRYLAKE,STRNI00FX007,Bird of Paradise 'White',Strelitzia Nicolai,"45"" X 36"" X 0"" / *NON-CORE* /",7,Gallon,90,28.0,,FA,Shrub,Shrub,,"45""","36""",https://cherrylake.com/images/web_photos/strni00fx007_a_1.jpg,Variable,Medium,,Unknown,,
CHERRYLAKE,STRRE00FX007,Bird of Paradise 'Orange',Strelitzia reginae,"30"" X 26"" X 0"" /",7,Gallon,64,30.0,,FA,Shrub,Shrub,,"30""","26""",https://cherrylake.com/images/web_photos/strre00fx007_a_1.jpg,Variable,Medium,,Non-native,,"Availability: Limited Qty, Origin: South Africa"
CHERRYLAKE,TABCASTTC030,Silver Trumpet CT,,"10' X 3' X 2.5"" / Inconsistent high",1,Gallon,35,168.0,,FA,Tree,Tree,,10',3',https://cherrylake.com/images/web_photos/tabcasttc030_a_1.jpg,Variable,Medium,,Unknown,,
CHERRYLAKE,TABCHGTTBB12,Golden Trumpet CT,,"0' X 0' X 0"" / *NON-CORE* /","12""",Ball & Burlap,21,140.0,,FPPFA,Tabebuia,Tree,,8 - 10',3',https://cherrylake.com/images/web_photos/tabchgttbb12_a_1.jpg,Variable,Medium,,Unknown,,
CHERRYLAKE,TABCHGTTC030,Golden Trumpet CT,,"12' X 3' X 1.75"" / Consistent height",30,Gallon,461,145.0,,FA,Tree,Tree,,12',3',https://cherrylake.com/images/web_photos/tabchgttc030_a_1.jpg,Variable,Medium,,Unknown,,
CHERRYLAKE,TABCHGTTC030,Golden Trumpet CT,,"12' X 3' X 2"" / Consistent height",30,Gallon,251,85.0,,FP,Tree,Tree,,12',3',https://cherrylake.com/images/web_photos/tabchgttc030_p_1.jpg,Variable,Medium,,Unknown,,
CHERRYLAKE,TABHEPTTC030,Pink Trumpet CT,,"12' X 3' X 1.5"" /",30,Gallon,17,189.03,,FA,Tree,Tree,,12',3',https://cherrylake.com/images/web_photos/tabhepttc030_a_1.jpg,Variable,Medium,,Unknown,,Availability: Limited Qty
CHERRYLAKE,TABHEPTTC030,Pink Trumpet CT,,"9' X 3' X 1.5"" /",30,Gallon,5,178.2,,FP,Tree,Tree,,9',3',https://cherrylake.com/images/web_photos/tabhepttc030_p_1.jpg,Variable,Medium,,Unknown,,Availability: Limited Qty
CHERRYLAKE,TABIMPTTBB12,Purple Trumpet CT,Handroanthus impetiginosus CT,"0' X 0' X 0"" /","12""",Ball & Burlap,75,307.0,,FPPFA,Tabebuia,Tree,,10 - 12',4',https://cherrylake.com/images/web_photos/tabimpttbb12_a_1.jpg,Variable,Medium,,Non-native,,Origin: Central and South America
CHERRYLAKE,TABIMPTTC030,Purple Trumpet CT,Handroanthus impetiginosus CT,"10' X 4' X 2"" /",30,Gallon,26,168.0,,FA,Tree,Tree,,10',4',https://cherrylake.com/images/web_photos/tabimpttc030_a_1.jpg,Variable,Medium,,Non-native,,Origin: Central and South America
CHERRYLAKE,TAXDI00TBB20,Bald Cypress,Taxodium distichum,"0' X 0' X 0"" / *NON-CORE* /","20""",Ball & Burlap,2,150.0,,FPPFA,Bald Cypress,Tree,,20',8',https://cherrylake.com/images/web_photos/taxdi00tbb20_a_1.jpg,Variable,Medium,,Native,,Availability: Limited Qty.
CHERRYLAKE,TAXDI00TC015,Cypress Bald,Taxodium distichum,"8.5' X 2.5' X 1.5"" /",15,Gallon,72,60.0,,FA,Bald Cypress,Tree,,8.5',2.5',https://cherrylake.com/images/web_photos/taxdi00tc015_a_1.jpg,Variable,Medium,,Native,,
CHERRYLAKE,TAXDI00TC015,Cypress Bald,Taxodium distichum,"7' X 2' X 1.5"" / Units per truck 350 Min order qty 175",15,Gallon,0,59.0,,CSP,Bald Cypress,Tree,,7',2',https://cherrylake.com/images/web_photos/taxdi00tc015_p_1.jpg,Variable,Medium,,Native,,
CHERRYLAKE,TAXDI00TC015,Cypress Bald,Taxodium distichum,"6' X 2' X 1"" / Small caliper thin trunk.",15,Gallon,16,45.0,,FD,Bald Cypress,Tree,,6',2',https://cherrylake.com/images/web_photos/taxdi00tc015_d_1.jpg,Variable,Medium,,Native,,Availability: Limited Qty
CHERRYLAKE,TAXDI00TC030,Cypress Bald,Taxodium distichum,"10' X 3.5' X 2"" / Consistent height",30,Gallon,0,135.0,,FA,Bald Cypress,Tree,,10',3.5',https://cherrylake.com/images/web_photos/taxdi00tc030_a_1.jpg,Variable,Medium,,Native,,
CHERRYLAKE,TAXDI00TC030,Cypress Bald,Taxodium distichum,"9.5' X 3' X 2.5"" / Consistent height, good branching",30,Gallon,368,135.0,,FP,Bald Cypress,Tree,,9.5',3',https://cherrylake.com/images/web_photos/taxdi00tc030_p_1.jpg,Variable,Medium,,Native,,
CHERRYLAKE,TAXDI00TC045,Cypress Bald,Taxodium distichum,"12' X 5' X 3"" / Consistent height",45,Gallon,446,305.0,,FA,Bald Cypress,Tree,,12',5',https://cherrylake.com/images/web_photos/taxdi00tc045_a_1.jpg,Variable,Medium,,Native,,
CHERRYLAKE,TAXDI00TC045,Cypress Bald,Taxodium distichum,"13' X 5' X 3.5"" / 3” collar scars",45,Gallon,127,204.75,,FD,Bald Cypress,Tree,,13',5',https://cherrylake.com/images/web_photos/taxdi00tc045_d_1.jpg,Variable,Medium,,Native,,
CHERRYLAKE,TAXDI00TC100,Cypress Bald,Taxodium distichum,"14' X 6' X 4"" / Full canopy",100,Gallon,73,450.0,,FA,Bald Cypress,Tree,,14',6',https://cherrylake.com/images/web_photos/taxdi00tc100_a_1.jpg,Variable,Medium,,Native,,
CHERRYLAKE,THUHYGGFC015,Green Giant Arborvitae Thuja FTG,Thuja standishii x plicata 'Green Giant' FTG,"6.5' X 3.5' X 1.5"" / Full all around consistent in spread and mostly in height.",15,Gallon,100,55.0,,FA,Tree,Tree,,6.5',3.5',https://cherrylake.com/images/web_photos/thuhyggfc015_a_1.jpg,Variable,Medium,,Unknown,,
CHERRYLAKE,THUHYGGFC030,Green Giant Arborvitae Thuja FTG,Thuja standishii x plicata 'Green Giant' FTG,"8' X 3' X 0"" / Consistent height",30,Gallon,115,140.0,,FA,Tree,Tree,,8',3',https://cherrylake.com/images/web_photos/thuhyggfc030_a_1.jpg,Variable,Medium,,Unknown,,
CHERRYLAKE,THUHYGGFC030,Green Giant Arborvitae Thuja FTG,Thuja standishii x plicata 'Green Giant' FTG,"7' X 2.5' X 0"" / Brown in one side",30,Gallon,30,105.0,,FD,Tree,Tree,,7',2.5',https://cherrylake.com/images/web_photos/thuhyggfc030_d_1.jpg,Variable,Medium,,Unknown,,
CHERRYLAKE,TRAASMIFX001,Jasmine Minima,Trachelospermum asiaticum 'Minima',"2"" X 5"" X 0"" /",1,Gallon,0,2.1,,FA,Groundcover,Shrub,,"2""","5""",https://cherrylake.com/images/web_photos/traasmifx001_a_1.jpg,Variable,Medium,,Unknown,,
CHERRYLAKE,TRAJACOMX001,Jasmine Confederate,,"18"" X 24"" X 0"" /",1,Gallon,63,3.38,,FA,Groundcover,Shrub,,"18""","24""",https://cherrylake.com/images/web_photos/trajacomx001_a_1.jpg,Variable,Medium,,Unknown,,Availability: Limited Qty
CHERRYLAKE,TRAJACOMX003,Jasmine Confederate,,"12"" X 30"" X 0"" /",1,Gallon,7,5.95,,FA,Shrub,Shrub,,"12""","30""",https://cherrylake.com/images/web_photos/trajacomx003_a_1.jpg,Variable,Medium,,Unknown,,Availability: Limited Qty
CHERRYLAKE,TRIDA00FX001,Fakahatchee,Tripsicum dactyloides,"12"" X 8"" X 0"" / *NON-CORE* /",1,Gallon,348,2.64,,FA,Ornamental Grass,Shrub,,"12""","8""",https://cherrylake.com/images/web_photos/trida00fx001_a_1.jpg,Variable,Medium,,Native,,
CHERRYLAKE,TRIDA00FX003,Fakahatchee,Tripsicum dactyloides,"36"" X 20"" X 0"" /",3,Gallon,941,4.21,,FA,Ornamental Grass,Shrub,,"36""","20""",https://cherrylake.com/images/web_photos/trida00fx003_a_1.jpg,Variable,Medium,,Native,,
CHERRYLAKE,TRIFL00FX001,Fakahatchee 'Dwarf',Tripsicum floridanum,"24"" X 12"" X 0"" /",1,Gallon,330,2.5,,FA,Ornamental Grass,Shrub,,"24""","12""",https://cherrylake.com/images/web_photos/trifl00fx001_a_1.jpg,Variable,Medium,,Native,,
CHERRYLAKE,TRIFL00FX003,Fakahatchee 'Dwarf',Tripsicum floridanum,"30"" X 24"" X 0"" /",3,Gallon,0,4.74,,FA,Ornamental Grass,Shrub,,"30""","24""",https://cherrylake.com/images/web_photos/trifl00fx003_a_1.jpg,Variable,Medium,,Native,,
CHERRYLAKE,TULVI00FX001,Society Garlic,Tulbaghia violacea,"9"" X 9"" X 0"" /",1,Gallon,6,2.3,,FA,Wildflower,Shrub,,"9""","9""",https://cherrylake.com/images/web_photos/tulvi00fx001_a_1.jpg,Variable,Medium,,Unknown,,Availability: Limited Qty
CHERRYLAKE,ULMAL00TBB14,Winged,Ulmus alata,"14' X 3' X 3.5"" / Consistent height",1,Gallon,18,540.0,,FA,Elm,Tree,,14',,https://cherrylake.com/images/web_photos/ulmal00tbb14_a_1.jpg,Variable,Medium,,Native,,
CHERRYLAKE,ULMAL00TC030,Winged,Ulmus alata,"10' X 3' X 1.75"" / Consistent height",30,Gallon,272,150.0,,FA,Elm,Tree,,10',3',https://cherrylake.com/images/web_photos/ulmal00tc030_a_1.jpg,Variable,Medium,,Native,,
CHERRYLAKE,ULMAL00TC045,Winged,Ulmus alata,"12' X 3.5' X 2.25"" / Good branching",45,Gallon,0,275.0,,FA,Elm,Tree,,12',6',https://cherrylake.com/images/web_photos/ulmal00tc045_a_1.jpg,Variable,Medium,,Native,,Availability: Dec-25
CHERRYLAKE,ULMAL00TC045,Winged,Ulmus alata,"15' X 4' X 2.25"" / 2-4” collar scars",45,Gallon,18,175.5,,FD,Elm,Tree,,15',4',https://cherrylake.com/images/web_photos/ulmal00tc045_d_1.jpg,Variable,Medium,,Native,,Availability: Limited Qty
CHERRYLAKE,ULMAL00TC100,Winged,Ulmus alata,"14' X 6' X 3.75"" / Full canopy, straight trunk",100,Gallon,0,500.0,,FA,Elm,Tree,,14',8',https://cherrylake.com/images/web_photos/ulmal00tc100_a_1.jpg,Variable,Medium,,Native,,Availability: Nov-25
CHERRYLAKE,ULMPAALTBB12,Allée®,Ulmus parvifolia,"15' X 2' X 2.5"" / Consistent height","12""",Ball & Burlap,2,330.0,,FA,Elm,Tree,,,,https://cherrylake.com/images/web_photos/ulmpaaltbb12_a_1.jpg,Variable,Medium,,Unknown,,
CHERRYLAKE,ULMPAALTC030,Allée®,Ulmus parvifolia ‘Emer II’ / Allée® CT,"9' X 3' X 2"" / Good branching",30,Gallon,776,140.0,,FA,Elm,Tree,,9',3',https://cherrylake.com/images/web_photos/ulmpaaltc030_a_1.jpg,Variable,Medium,,Unknown,,
CHERRYLAKE,ULMPAALTC030,Allée®,Ulmus parvifolia ‘Emer II’ / Allée® CT,"12' X 3' X 1.75"" / Consistent height, 2” collar scars",30,Gallon,239,115.0,,FD,Elm,Tree,,12',3',https://cherrylake.com/images/web_photos/ulmpaaltc030_d_1.jpg,Variable,Medium,,Unknown,,
CHERRYLAKE,ULMPAALTC045,Allée®,Ulmus parvifolia ‘Emer II’ / Allée® CT,"14' X 4' X 2.5"" / Consistent height",45,Gallon,119,275.0,,FA,Elm,Tree,,14',4',https://cherrylake.com/images/web_photos/ulmpaaltc045_a_1.jpg,Variable,Medium,,Unknown,,
CHERRYLAKE,ULMPAALTC045,Allée®,Ulmus parvifolia ‘Emer II’ / Allée® CT,"12' X 3.5' X 3"" /",45,Gallon,80,275.0,,FP,Elm,Tree,,12',3.5',https://cherrylake.com/images/web_photos/ulmpaaltc045_p_1.jpg,Variable,Medium,,Unknown,,
CHERRYLAKE,ULMPAALTC045,Allée®,Ulmus parvifolia ‘Emer II’ / Allée® CT,"13' X 3' X 2.5"" / Small trellis scars 2” max.",45,Gallon,56,190.0,,FD,Elm,Tree,,13',3',https://cherrylake.com/images/web_photos/ulmpaaltc045_d_1.jpg,Variable,Medium,,Unknown,,
CHERRYLAKE,ULMPAALTC100,Allée®,Ulmus parvifolia ‘Emer II’ / Allée® CT,"14' X 5' X 3.5"" / Full canopy",100,Gallon,119,425.0,,FA,Elm,Tree,,14',5',https://cherrylake.com/images/web_photos/ulmpaaltc100_a_1.jpg,Variable,Medium,,Unknown,,
CHERRYLAKE,VACDALBFX001,Darrow's Blueberry,Vaccinium darrowii,"12"" X 12"" X 0"" / #1 quality",1,Gallon,250,4.0,,CSPDRA,Shrub,Shrub,,"12""","12""",https://cherrylake.com/images/web_photos/vacdalbfx001_a_1.jpg,Variable,Medium,,Native,,
CHERRYLAKE,VACDALBFX003,Darrow's Blueberry,Vaccinium darrowii,"12"" X 12"" X 0"" /",3,Gallon,206,10.0,,FA,Shrub,Shrub,,"12""","12""",https://cherrylake.com/images/web_photos/vacdalbfx003_a_1.jpg,Variable,Medium,,Native,,
CHERRYLAKE,VIBOBDEFX003,Viburnum Obovatum 'Densa',Viburnum obovatum 'Densa',"12"" X 12"" X 0"" /",3,Gallon,0,5.4,,FA,Shrub,Shrub,,"12""","12""",https://cherrylake.com/images/web_photos/vibobdefx003_a_1.jpg,Variable,Medium,,Native,,
CHERRYLAKE,VIBOBDEFX003,Viburnum Obovatum 'Densa',Viburnum obovatum 'Densa',"12"" X 12"" X 0"" /",3,Gallon,0,4.5,,FP,Shrub,Shrub,,"12""","12""",https://cherrylake.com/images/web_photos/vibobdefx003_p_1.jpg,Variable,Medium,,Native,,
CHERRYLAKE,VIBOBMSFX003,Viburnum Obovatum 'Mrs Schillers',Viburnum obovatum 'Mrs Schillers',"12"" X 12"" X 0"" /",3,Gallon,0,7.51,,FA,Shrub,Shrub,,"12""","12""",https://cherrylake.com/images/web_photos/vibobmsfx003_a_1.jpg,Variable,Medium,,Native,,
CHERRYLAKE,VIBOBMSFX003,Viburnum Obovatum 'Mrs Schillers',Viburnum obovatum 'Mrs Schillers',"18"" X 14"" X 0"" /",3,Gallon,0,5.5,,FP,Shrub,Shrub,,"18""","14""",https://cherrylake.com/images/web_photos/vibobmsfx003_p_1.jpg,Variable,Medium,,Native,,
CHERRYLAKE,VIBOBWAFX007,Viburnum Obovatum 'Walters',,"36"" X 24"" X 0"" /",7,Gallon,12,22.0,,FA,Shrub,Shrub,,"36""","24""",https://cherrylake.com/images/web_photos/vibobwafx007_a_1.jpg,Variable,Medium,,Native,,Availability: Limited Qty
CHERRYLAKE,VIBOBWAFX003,Viburnum Obovatum 'Walters',,"24"" X 16"" X 0"" /",3,Gallon,6,6.5,,FA,Shrub,Shrub,,"24""","16""",https://cherrylake.com/images/web_photos/vibobwafx003_a_1.jpg,Variable,Medium,,Native,,Availability: Limited Qty
CHERRYLAKE,VIBOBWIFC015,Viburnum obovatum 'Withlacoochee',Viburnum obovatum 'Withlacoochee',"4' X 4' X 0"" / Full branching",15,Gallon,211,50.0,,FA, Viburnum,Shrub,,4',4',https://cherrylake.com/images/web_photos/vibobwifc015_a_1.jpg,Variable,Medium,,Native,,
CHERRYLAKE,VIBOD00FC015,Viburnum Odoratissimum,Viburnum odoratissimum FTG,"4' X 2' X 0"" / Full all around.",15,Gallon,76,48.0,,FA,Viburnum,Shrub,,4',2',https://cherrylake.com/images/web_photos/vibod00fc015_a_1.jpg,Variable,Medium,,Non-native,,Origin: Asia
CHERRYLAKE,VIBOD00FC030,Viburnum Odoratissimum,Viburnum odoratissimum FTG,"5' X 4.5' X 0"" /",30,Gallon,76,120.0,,FA,Viburnum,Shrub,,5',4.5',https://cherrylake.com/images/web_photos/vibod00fc030_a_1.jpg,Variable,Medium,,Non-native,,Origin: Asia
CHERRYLAKE,VIBOD00FX003,Viburnum Odoratissimum,Viburnum odoratissimum FTG,"14"" X 14"" X 0"" /",3,Gallon,229,5.65,,FA,Shrub,Shrub,,"14""","14""",https://cherrylake.com/images/web_photos/vibod00fx003_a_1.jpg,Variable,Medium,,Non-native,,Origin: Asia
CHERRYLAKE,VIBOD00FX007,Viburnum Odoratissimum,Viburnum odoratissimum FTG,"30"" X 24"" X 0"" /",7,Gallon,0,17.89,,FA,Shrub,Shrub,,"30""","24""",https://cherrylake.com/images/web_photos/vibod00fx007_a_1.jpg,Variable,Medium,,Non-native,,Origin: Asia
CHERRYLAKE,VIBSU00FC015,Viburnum Suspensum,Viburnum suspensum FTG,"4' X 2.5' X 0"" / Consistent in height and spread.",15,Gallon,189,60.0,,FA,Viburnum,Shrub,,4',2.5',https://cherrylake.com/images/web_photos/vibsu00fc015_a_1.jpg,Variable,Medium,,Non-native,,Origin: Japan
CHERRYLAKE,VIBSU00FC030,Viburnum Suspensum,Viburnum suspensum FTG,"5' X 4.5' X 0"" / Good branching",30,Gallon,21,115.0,,FA,Viburnum,Shrub,,5',4.5',https://cherrylake.com/images/web_photos/vibsu00fc030_a_1.jpg,Variable,Medium,,Non-native,,"Availability: Limited Qty, Origin: Japan"
CHERRYLAKE,VIBSU00FC030,Viburnum Suspensum,Viburnum suspensum FTG,"5' X 3.5' X 0"" / Inconsistent Height",30,Gallon,14,86.25,,FD,Viburnum,Shrub,,5',3.5',https://cherrylake.com/images/web_photos/vibsu00fc030_d_1.jpg,Variable,Medium,,Non-native,,"Availability: Limited Qty, Origin: Japan"
CHERRYLAKE,VIBSU00FX003,Viburnum Suspensum,Viburnum suspensum FTG,"14"" X 12"" X 0"" /",3,Gallon,396,5.14,,FA,Shrub,Shrub,,"14""","12""",https://cherrylake.com/images/web_photos/vibsu00fx003_a_1.jpg,Variable,Medium,,Non-native,,Origin: Japan
CHERRYLAKE,VIBSU00FX007,Viburnum Suspensum,Viburnum suspensum FTG,"16"" X 14"" X 0"" /",7,Gallon,648,17.89,,FA,Shrub,Shrub,,"16""","14""",https://cherrylake.com/images/web_photos/vibsu00fx007_a_1.jpg,Variable,Medium,,Non-native,,Origin: Japan
CHERRYLAKE,VITAG00FC015,Chaste Tree,,"6' X 4' X 0"" /",15,Gallon,53,53.0,,FA,Vitex,Tree,,6',4',https://cherrylake.com/images/web_photos/vitag00fc015_a_1.jpg,Variable,Medium,,Unknown,,
CHERRYLAKE,YACWR001BB08,Paurotis Everglades Palm,Acoelorrhaphe wrightii,,"08""",Ball & Burlap,1,400.0,,FA,Palm,Tree,,8 - 10' OA,8',https://cherrylake.com/images/web_photos/yacwr001bb08_a_1.jpg,Variable,Medium,,Native,,Availability: Limited Qty.
CHERRYLAKE,YACWR001BB18,Paurotis Everglades Palm,Acoelorrhaphe wrightii,"0' X 0' X 0"" / *NON-CORE* /","18""",Ball & Burlap,97,270.0,,FPPFA,Palm,Tree,,18 - 22' OA,20-24',https://cherrylake.com/images/web_photos/yacwr001bb18_a_1.jpg,Variable,Medium,,Native,,
CHERRYLAKE,YBINO001BB12,Bismarck Palm (Regenerated),,"12' X 10' X 0"" / 3-5'ct pre-dug Beautiful.08l","12""",Ball & Burlap,2,510.0,,FA,Palm,Tree,,12',10',https://cherrylake.com/images/web_photos/ybino001bb12_a_1.jpg,Variable,Medium,,Unknown,,Availability: Limited Qty.
CHERRYLAKE,YBINO001BB14,Bismarck Palm (Regenerated),Bismarckia nobilis,"14' X 0' X 0"" / *NON-CORE* / Good quality","14""",Ball & Burlap,2,595.0,,FA,Palm,Tree,,14',10',https://cherrylake.com/images/web_photos/ybino001bb14_a_1.jpg,Variable,Medium,,Unknown,,"Availability: Limited Qty., Origin: Madagascar"
CHERRYLAKE,YBINO001C030,Bismarck Palm,,"5' X 5' X 0"" / Consistent high",30,Gallon,26,112.0,,FA,Palm,Tree,,5',5',https://cherrylake.com/images/web_photos/ybino001c030_a_1.jpg,Variable,Medium,,Unknown,,
CHERRYLAKE,YBINO001C030,Bismarck Palm,,"6' X 5' X 0"" / Thin canopy one side, inconsistent high,some of them have 60% rooted",30,Gallon,7,100.0,,FD,Palm,Tree,,6',5',https://cherrylake.com/images/web_photos/ybino001c030_d_1.jpg,Variable,Medium,,Unknown,,Availability: Limited Qty
CHERRYLAKE,YBINO001C045,Palm Bismarck,,"7' X 6' X 0"" /",1,Gallon,14,175.0,,FA,Palm,Tree,,7',6',https://cherrylake.com/images/web_photos/ybino001c045_a_1.jpg,Variable,Medium,,Unknown,,Availability: Limited Qty
CHERRYLAKE,YBUCA001BB06,Pindo (single),,"5' X 0' X 0"" / Units per truck 30 
Min order qty 20","06""",Ball & Burlap,0,636.0,,CSP,Palm,Tree,,12-13',5' -6' ct,https://cherrylake.com/images/web_photos/ybuca001bb06_p_1.jpg,Variable,Medium,,Unknown,,
CHERRYLAKE,YBUCA001C015,Pindo Palm,Butia capitata,"4' X 3' X 0"" / Consistent high",15,Gallon,57,52.0,,FA,Palm,Tree,,4',3',https://cherrylake.com/images/web_photos/ybuca001c015_a_1.jpg,Variable,Medium,,Non-native,,Origin: South America
CHERRYLAKE,YBUCA001C030,Pindo Palm,Butia capitata,"5' X 5' X 0"" / *NON-CORE* / Consistent height",30,Gallon,34,128.0,,FA,Palm,Tree,,5',5',https://cherrylake.com/images/web_photos/ybuca001c030_a_1.jpg,Variable,Medium,,Non-native,,Origin: South America
CHERRYLAKE,YBUCA001C045,Pindo Palm,,"6' X 6' X 0"" /",45,Gallon,25,225.0,,FA,Palm,Tree,,6',6',https://cherrylake.com/images/web_photos/ybuca001c045_a_1.jpg,Variable,Medium,,Unknown,,
CHERRYLAKE,YCHHU000BB06,European Fan,Chamaerops humilis,"3' X 3' X 0"" / most are 1-3' CT; some 4-5'CT; most singles; some doubles (but not matching)","06""",Ball & Burlap,14,105.0,,FPPFA,Palm,Tree,,3 - 7' OA,1 - 5' CT,https://cherrylake.com/images/web_photos/ychhu000bb06_a_1.jpg,Variable,Medium,,Non-native,,Origin: Europe and Africa
CHERRYLAKE,YCHHU000BB07,European Fan,,,"07""",Ball & Burlap,10,481.25,,FPPFA,Palm,Tree,,6.5 - 7' OA,,https://cherrylake.com/images/web_photos/ychhu000bb07_a_1.jpg,Variable,Medium,,Unknown,,
CHERRYLAKE,YCHHU000X007,European Fan Palm,Chamaerops humilis,"27"" X 24"" X 0"" /",7,Gallon,84,26.5,,FA,Palm,Tree,,"27""","24""",https://cherrylake.com/images/web_photos/ychhu000x007_a_1.jpg,Variable,Medium,,Non-native,,Origin: Europe and Africa
CHERRYLAKE,YCHHU000C015,European Fan Palm,Chamaerops humilis,"2.5' X 2.5' X 0"" /",15,Gallon,38,60.0,,FA,Palm,Tree,,2.5',2.5',https://cherrylake.com/images/web_photos/ychhu000c015_a_1.jpg,Variable,Medium,,Non-native,,Origin: Europe and Africa
CHERRYLAKE,YCHHU000C030,European Fan Palm,Chamaerops humilis,"4' X 4' X 0"" /",30,Gallon,31,125.0,,FA,Palm,Tree,,4',4',https://cherrylake.com/images/web_photos/ychhu000c030_a_1.jpg,Variable,Medium,,Non-native,,Origin: Europe and Africa
CHERRYLAKE,YCHHU000C045,European Fan Palm,,"4' X 5' X 0"" /",45,Gallon,28,225.0,,FA,Palm,Tree,,4',5',https://cherrylake.com/images/web_photos/ychhu000c045_a_1.jpg,Variable,Medium,,Unknown,,
CHERRYLAKE,YDYLU001BB12,Palm Areca,,,1,Gallon,24,0.0,,FPPFA,Palm,Tree,,,,https://cherrylake.com/images/web_photos/ydylu001bb12_a_1.jpg,Variable,Medium,,Unknown,,
CHERRYLAKE,YLICH000BB12,Chinese Fan (Single),Livistona chinensis,"0' X 0' X 0"" / *NON-CORE* /","12""",Ball & Burlap,366,288.0,,FPPFA,Palm,Tree,,10 - 12',6' CT,https://cherrylake.com/images/web_photos/ylich000bb12_a_1.jpg,Variable,Medium,,Non-native,,Origin: China and Japan
CHERRYLAKE,YLICH000BB16,Chinese Fan (Single),Livistona chinensis,"0' X 0' X 0"" /","16""",Ball & Burlap,202,320.0,,FPPFA,Palm,Tree,,16 - 20',7 - 12' CT,https://cherrylake.com/images/web_photos/ylich000bb16_a_1.jpg,Variable,Medium,,Non-native,,Origin: China and Japan
CHERRYLAKE,YLICH000BB18,Chinese Fan (Single),Livistona chinensis,"14' X 3' X 0"" / Consistent height","18""",Ball & Burlap,7,655.0,,FA,Palm,Tree,,16 - 21',7 - 12' CT,https://cherrylake.com/images/web_photos/ylich000bb18_a_1.jpg,Variable,Medium,,Unknown,,
CHERRYLAKE,YLICH000BB18,Chinese Fan (Single),Livistona chinensis,"0' X 0' X 0"" / Units per truck 40 
Min order qty 20","18""",Ball & Burlap,0,565.0,,CSP,Palm,Tree,,16 - 21',7 - 12' CT,https://cherrylake.com/images/web_photos/ylich000bb18_p_1.jpg,Variable,Medium,,Unknown,,
CHERRYLAKE,YLICH000C015,Chinese Fan,,"5' X 3' X 0"" / Consistent height",15,Gallon,111,50.0,,FA,Palm,Tree,,5',3',https://cherrylake.com/images/web_photos/ylich000c015_a_1.jpg,Variable,Medium,,Unknown,,
CHERRYLAKE,YLICH000C030,Chinese Fan,,"6' X 6' X 0"" /",30,Gallon,63,95.0,,FA,Palm,Tree,,6',6',https://cherrylake.com/images/web_photos/ylich000c030_a_1.jpg,Variable,Medium,,Unknown,,
CHERRYLAKE,YLICH003BB12,Chinese Fan (Triple),Livistona chinensis,"0' X 0' X 0"" / *NON-CORE* /","12""",Ball & Burlap,35,288.0,,FPPFA,Palm,Tree,,10 - 12',10',https://cherrylake.com/images/web_photos/ylich003bb12_a_1.jpg,Variable,Medium,,Unknown,,
CHERRYLAKE,YLICH003BB16,Chinese Fan (Triple),Livistona chinensis,"0' X 0' X 0"" / *NON-CORE* /","16""",Ball & Burlap,7,706.0,,FPPFA,Palm,Tree,,16 - 20',10',https://cherrylake.com/images/web_photos/ylich003bb16_a_1.jpg,Variable,Medium,,Unknown,,
CHERRYLAKE,YLIDE000BB16,Ribbon Palm,,,"16""",Ball & Burlap,10,618.0,,FA,Palm,Tree,,14 - 16',,https://cherrylake.com/images/web_photos/ylide000bb16_a_1.jpg,Variable,Medium,,Unknown,,
CHERRYLAKE,YLIDE000X003,Ribbon,,,3,Gallon,0,0.0,,FPPFA,Palm,Tree,,,,https://cherrylake.com/images/web_photos/ylide000x003_a_1.jpg,Variable,Medium,,Unknown,,
CHERRYLAKE,YLINI001BB12,Livistona Nitida Carnarvon Palm,Livistona nitida,"0' X 0' X 0"" / *NON-CORE* /","12""",Ball & Burlap,8,223.13,,FPPFD,Palm,Tree,,0',0',https://cherrylake.com/images/web_photos/ylini001bb12_d_1.jpg,Variable,Medium,,Unknown,,"Availability: Limited Qty, Origin: Australia"
CHERRYLAKE,YLISA00TBB10,Taraw Palm,Livistona saribus,"0' X 0' X 0"" / *NON-CORE* /","10""",Ball & Burlap,39,400.0,,FPPFA,Palm,Tree,,30',8',https://cherrylake.com/images/web_photos/ylisa00tbb10_a_1.jpg,Variable,Medium,,Unknown,,
CHERRYLAKE,YLISA00TBB12,Taraw Palm,,,"12""",Ball & Burlap,0,0.0,,FPPFA,Palm,Tree,,12',6',https://cherrylake.com/images/web_photos/ylisa00tbb12_a_1.jpg,Variable,Medium,,Unknown,,Availability: Mar-26
CHERRYLAKE,YPHRE000BB14,Reclinata,Phoenix reclinata,"0' X 0' X 0"" / *NON-CORE* /","14""",Ball & Burlap,643,500.0,,FPPFA,Palm,Tree,,14 - 16' OA,8',https://cherrylake.com/images/web_photos/yphre000bb14_a_1.jpg,Variable,Medium,,Non-native,,Origin: Africa
CHERRYLAKE,YPHRE000BB18,Reclinata,Phoenix reclinata,"0' X 0' X 0"" /","18""",Ball & Burlap,177,650.0,,FPPFA,Palm,Tree,,18 - 25' OA,8 - 12' CT,https://cherrylake.com/images/web_photos/yphre000bb18_a_1.jpg,Variable,Medium,,Non-native,,Origin: Africa
CHERRYLAKE,YPHRO003BB05,Roebelenii Palm (Single/Double/Triple),Phoenix roebelenii,"0' X 0' X 0"" /","05""",Ball & Burlap,41,105.0,,FA,Palm,Tree,,6',3',https://cherrylake.com/images/web_photos/yphro003bb05_a_1.jpg,Variable,Medium,,Unknown,,
CHERRYLAKE,YPHRU000BB16,Palm Cliff Date,Phoenix rupicola,"0' X 0' X 0"" /","16""",Ball & Burlap,24,300.0,,FPPFA,Palm,Tree,,12 - 16',6',https://cherrylake.com/images/web_photos/yphru000bb16_a_1.jpg,Variable,Medium,,Unknown,,Origin: India
CHERRYLAKE,YPHSY001BB04,Sylvester Palm,Phoenix sylvestris,"0' X 0' X 0"" /","04""",Ball & Burlap,155,0.0,,FPPFA,Palm,Tree,,4 - 7' CT,,https://cherrylake.com/images/web_photos/yphsy001bb04_a_1.jpg,Variable,Medium,,Unknown,,
CHERRYLAKE,YRAEX00TX007,Lady Palm,,"46"" X 36"" X 0"" /",7,Gallon,41,50.0,,FA,Palm,Tree,,"46""","36""",https://cherrylake.com/images/web_photos/yraex00tx007_a_1.jpg,Variable,Medium,,Unknown,,Availability: Limited Qty
CHERRYLAKE,YRAEX00TC015,Lady Palm,Rhapis Excelsa,"3' X 2.5' X 0"" /",15,Gallon,12,100.0,,FA,Palm,Tree,,3',2.5',https://cherrylake.com/images/web_photos/yraex00tc015_a_1.jpg,Variable,Medium,,Unknown,,
CHERRYLAKE,YRAEX00TC030,Lady Palm,Rhapis Excelsa,"4' X 4' X 0"" /",30,Gallon,38,215.0,,FA,Palm,Tree,,4',4',https://cherrylake.com/images/web_photos/yraex00tc030_a_1.jpg,Variable,Medium,,Unknown,,
CHERRYLAKE,YRHHY000BB06,Needle Palm,Rhapidophyllum hystrix,"0' X 0' X 0"" / *NON-CORE* /","06""",Ball & Burlap,496,350.0,,FPPFA,Palm,Tree,,6',6',https://cherrylake.com/images/web_photos/yrhhy000bb06_a_1.jpg,Variable,Medium,,Native,,
CHERRYLAKE,YRHHY000C015,Needle Palm,Rhapidophyllum hystrix,"2.5' X 2' X 0"" / Consistent high",15,Gallon,49,80.0,,FA,Palm,Tree,,2.5',2',https://cherrylake.com/images/web_photos/yrhhy000c015_a_1.jpg,Variable,Medium,,Native,,
CHERRYLAKE,YRORE001BB20,Palm Royal,,,"20""",Ball & Burlap,0,0.0,,CSP,Palm,Tree,,6' GW,,https://cherrylake.com/images/web_photos/yrore001bb20_p_1.jpg,Variable,Medium,,Unknown,,
CHERRYLAKE,YSAPA001BB08,Hurricane Cut Palm Sabal,Sabal palmetto,"8' X 0' X 0"" /","08""",Ball & Burlap,22,160.0,,FA,Palm,Tree,,8' CT - 20' CT,1',https://cherrylake.com/images/web_photos/ysapa001bb08_a_1.jpg,Variable,Medium,,Native,,
CHERRYLAKE,YSAPA001BB10,Sabal Palm (Hurricane Cut),Sabal palmetto,"10' X 0' X 0"" /","10""",Ball & Burlap,2,160.0,,FA,PALM,Tree,,8 - 20' CT,1',https://cherrylake.com/images/web_photos/ysapa001bb10_a_1.jpg,Variable,Medium,,Native,,Availability: Limited Qty.
CHERRYLAKE,YSAPA001BB12,Sabal Palm (Hurricane Cut),Sabal palmetto,"0' X 0' X 0"" /",1,Gallon,26,160.0,,FA,Palm,Tree,,8' CT - 20' CT,1',https://cherrylake.com/images/web_photos/ysapa001bb12_a_1.jpg,Variable,Medium,,Native,,
CHERRYLAKE,YSAPA001BB14,Sabal Palm,Sabal palmetto,"14' X 0' X 0"" /","14""",Ball & Burlap,18,160.0,,FA,PALM,Tree,,8 - 20' CT,1',https://cherrylake.com/images/web_photos/ysapa001bb14_a_1.jpg,Variable,Medium,,Native,,
CHERRYLAKE,YSAPA001BB16,Sabal Palm (Hurricane Cut),Sabal palmetto,"16' X 0' X 0"" /","16""",Ball & Burlap,66,160.0,,FA,Palm,Tree,,8' CT - 20' CT,1',https://cherrylake.com/images/web_photos/ysapa001bb16_a_1.jpg,Variable,Medium,,Native,,
CHERRYLAKE,YSAPA001BB16,Sabal Palm (Hurricane Cut),Sabal palmetto,"12' X 0' X 0"" / Units per truck 40 
Min order qty 20","16""",Ball & Burlap,0,118.0,,CSP,Palm,Tree,,8' CT - 20' CT,1',https://cherrylake.com/images/web_photos/ysapa001bb16_p_1.jpg,Variable,Medium,,Native,,
CHERRYLAKE,YSAPA001BB18,Sabal Palm (Hurricane Cut),Sabal palmetto,"0' X 0' X 0"" /",1,Gallon,40,160.0,,FA,Palm,Tree,,8' CT - 20' CT,1',https://cherrylake.com/images/web_photos/ysapa001bb18_a_1.jpg,Variable,Medium,,Native,,
CHERRYLAKE,YSAPA001BB20,Hurricane Cut Palm Sabal,Sabal palmetto,"0' X 0' X 0"" /",1,Gallon,24,160.0,,FA,Palm,Tree,,8' CT - 20' CT,1',https://cherrylake.com/images/web_photos/ysapa001bb20_a_1.jpg,Variable,Medium,,Native,,
CHERRYLAKE,YSAPA001BB22,Sabal Palm,Sabal palmetto,"0' X 0' X 0"" / *NON-CORE* /",1,Gallon,7,160.0,,FA,Palm,Tree,,,,https://cherrylake.com/images/web_photos/ysapa001bb22_a_1.jpg,Variable,Medium,,Native,,
CHERRYLAKE,YSAPA001BB24,Hurricane Cut Palm Sabal,Sabal palmetto,,1,Gallon,6,160.0,,FA,Palm,Tree,,,,https://cherrylake.com/images/web_photos/ysapa001bb24_a_1.jpg,Variable,Medium,,Native,,
CHERRYLAKE,YSAPADW1X003,Dwarf Palmetto Blue Stem,Sabal minor,"12"" X 18"" X 0"" /",3,Gallon,130,12.75,,FA,Palm,Tree,,"12""","18""",https://cherrylake.com/images/web_photos/ysapadw1x003_a_1.jpg,Variable,Medium,,Native,,
CHERRYLAKE,YSAPADW1X007,Dwarf Palmetto Blue Stem,Sabal minor,"22"" X 24"" X 0"" /",7,Gallon,180,34.03,,FA,Palm,Tree,,"22""","24""",https://cherrylake.com/images/web_photos/ysapadw1x007_a_1.jpg,Variable,Medium,,Native,,
CHERRYLAKE,YSAPADW1C015,Dwarf Palmetto Blue Stem,Sabal minor,"2' X 2' X 0"" /",15,Gallon,124,83.0,,FA,Palm,Tree,,2',2',https://cherrylake.com/images/web_photos/ysapadw1c015_a_1.jpg,Variable,Medium,,Native,,
CHERRYLAKE,YSEREGRFX003,Saw Palmetto 'Green' Palm,Serenoa repens 'Green',"6"" X 6"" X 0"" /",3,Gallon,600,11.73,,FA,Palm,Tree,,"6""","6""",https://cherrylake.com/images/web_photos/yseregrfx003_a_1.jpg,Variable,Medium,,Native,,
CHERRYLAKE,YSERESIFX003,Saw Palmetto 'Silver' Palm,Serenoa repens 'Silver',"10"" X 10"" X 0"" /",3,Gallon,460,14.22,,FA,Palm,Tree,,"10""","10""",https://cherrylake.com/images/web_photos/yseresifx003_a_1.jpg,Variable,Medium,,Native,,
CHERRYLAKE,YSERESIFX007,Saw Palmetto 'Silver' Palm,Serenoa repens 'Silver',"12"" X 10"" X 0"" /",7,Gallon,90,39.0,,FA,Palm,Tree,,"12""","10""",https://cherrylake.com/images/web_photos/yseresifx007_a_1.jpg,Variable,Medium,,Native,,
CHERRYLAKE,YSERESIFC015,Saw Palmetto 'Silver' Palm,Serenoa repens 'Silver',"1.5' X 2' X 0"" / Consistent height",15,Gallon,230,95.0,,FA,Palm,Tree,,1.5',2',https://cherrylake.com/images/web_photos/yseresifc015_a_1.jpg,Variable,Medium,,Native,,
CHERRYLAKE,YSERESIFC030,Saw Palmetto 'Silver' Palm,Serenoa repens 'Silver',"2' X 3' X 0"" /",30,Gallon,75,195.0,,FA,Palm,Tree,,2',3',https://cherrylake.com/images/web_photos/yseresifc030_a_1.jpg,Variable,Medium,,Native,,
CHERRYLAKE,YSYRO001BB12,Queen Palm,Syagrus romanzoffiana,"13' X 7' X 0"" /","12""",Ball & Burlap,24,85.0,,FA,Palm,Tree,,12 - 16' OA,6',https://cherrylake.com/images/web_photos/ysyro001bb12_a_1.jpg,Variable,Medium,,Non-native,,Origin: South America
CHERRYLAKE,YSYRO001BB18,Queen Palm,Syagrus romanzoffiana,"0' X 0' X 0"" /","18""",Ball & Burlap,90,105.0,,FPPFA,Palm,Tree,,18' OA,,https://cherrylake.com/images/web_photos/ysyro001bb18_a_1.jpg,Variable,Medium,,Non-native,,Origin: South America
CHERRYLAKE,YSYRO001X003,Palm Queen,,,3,Gallon,0,7.5,,FPPFA,Palm,Tree,,,,https://cherrylake.com/images/web_photos/ysyro001x003_a_1.jpg,Variable,Medium,,Unknown,,
CHERRYLAKE,YTRFO001X007,Windmill Palm,Trachycarpus fortunei,"14"" X 14"" X 0"" /",7,Gallon,67,30.0,,FA,Palm,Tree,,"14""","14""",https://cherrylake.com/images/web_photos/ytrfo001x007_a_1.jpg,Variable,Medium,,Unknown,,
CHERRYLAKE,YTRFO001C015,Windmill Palm,Trachycarpus fortunei,"4' X 3' X 0"" /",15,Gallon,20,70.0,,FA,Palm,Tree,,4',3',https://cherrylake.com/images/web_photos/ytrfo001c015_a_1.jpg,Variable,Medium,,Unknown,,Availability: Limited Qty
CHERRYLAKE,YTRFO001C030,Windmill Palm,Trachycarpus fortunei,"5' X 5' X 0"" /",30,Gallon,32,128.0,,FA,Palm,Tree,,5',5',https://cherrylake.com/images/web_photos/ytrfo001c030_a_1.jpg,Variable,Medium,,Unknown,,
CHERRYLAKE,YUCFICGFX003,Yucca 'Color Guard',,"14"" X 18"" X 0"" /",1,Gallon,9,0.0,,FA,Shrub,Shrub,,"14""","18""",https://cherrylake.com/images/web_photos/yucficgfx003_a_1.jpg,Variable,Medium,,Unknown,,Availability: Limited Qty
CHERRYLAKE,YVEME003BB10,Palm Christmas (triple),Veitchia merillii,"9' X 0' X 0"" / Units per truck 35 
Min order qty 18","10""",Ball & Burlap,0,176.0,,CSP,Palm,Tree,,9-10',6' CT,https://cherrylake.com/images/web_photos/yveme003bb10_p_1.jpg,Variable,Medium,,Unknown,,
CHERRYLAKE,YWARO001BB14,Washingtonia Palm,,"14' X 6' X 0"" / *NON-CORE* / 14-16 oa  8-10' ct","14""",Ball & Burlap,7,195.0,,FA,PALM,Tree,,12 -14' OA,,https://cherrylake.com/images/web_photos/ywaro001bb14_a_1.jpg,Variable,Medium,,Unknown,,
CHERRYLAKE,YWOBI001BB12,Foxtail Palm,,,"12""",Ball & Burlap,0,0.0,,FPPFA,Palm,Tree,,12',5',https://cherrylake.com/images/web_photos/ywobi001bb12_a_1.jpg,Variable,Medium,,Unknown,,Availability: Jan-26
CHERRYLAKE,YWOBI001BB16,Palm Foxtail Single,Wodyetia bifurcata,"15' X 0' X 0"" / Units per truck 40 
Min order qty 20",1,Gallon,0,235.0,,CSP,Palm,Tree,,16' OA,10' CT,https://cherrylake.com/images/web_photos/ywobi001bb16_p_1.jpg,Variable,Medium,,Unknown,,
CHERRYLAKE,YWOBI001BB16,Palm Foxtail Single,Wodyetia bifurcata,,1,Gallon,41,0.0,,FPPFA,Palm,Tree,,16' OA,10' CT,https://cherrylake.com/images/web_photos/ywobi001bb16_a_1.jpg,Variable,Medium,,Unknown,,
CHERRYLAKE,YWOBI001C015,Foxtail Palm (Single),,"7' X 3.5' X 0"" /",15,Gallon,50,56.25,,FA,Palm,Tree,,7',3.5',https://cherrylake.com/images/web_photos/ywobi001c015_a_1.jpg,Variable,Medium,,Unknown,,
CHERRYLAKE,ZAMFU001X007,Cardboard Palm,Zamia furfuraceae,"18"" X 18"" X 0"" / *NON-CORE* /",7,Gallon,91,24.88,,FA,Palm,Tree,,"18""","18""",https://cherrylake.com/images/web_photos/zamfu001x007_a_1.jpg,Variable,Medium,,Unknown,,
CHERRYLAKE,ZAMPU001X007,Coontie Palm,Zamia floridana,"20"" X 20"" X 0"" /",7,Gallon,1,34.15,,FA,Shrub,Tree,,"20""","20""",https://cherrylake.com/images/web_photos/zampu001x007_a_1.jpg,Variable,Medium,,Native,,Availability: Limited Qty
CHERRYLAKE,ZAMPU001X003,Coontie Palm,Zamia floridana,"15"" X 18"" X 0"" /",3,Gallon,0,10.75,,FA,Shrub,Shrub,,"15""","18""",https://cherrylake.com/images/web_photos/zampu001x003_a_1.jpg,Variable,Medium,,Native,,Availability: Limited Qty
CHERRYLAKE,BAMTESWFC030,Bamboo Slender Weavers,,"13' X 6' X 0"" /",30,Gallon,35,200.0,,FP,Grass,Tree,,13',6',https://cherrylake.com/images/web_photos/bamteswfc030_p_1.jpg,Variable,Medium,,Unknown,,
CHERRYLAKE,ILEHYOAFC015,Oakland®,,"4' X 1.5' X 0"" / Units per truck 300 
Min order qty 150",15,Gallon,0,59.0,,CSP,Shrub,Tree,,4',1.5',https://cherrylake.com/images/web_photos/ilehyoafc015_p_1.jpg,Variable,Medium,,Unknown,,
CHERRYLAKE,ILLPA00FX003,Anise 'Ocala',Illicium parviflorum 'Ocala',"14"" X 12"" X 0"" /",3,Gallon,0,6.22,,FA,Shrub,Shrub,,"14""","12""",https://cherrylake.com/images/web_photos/illpa00fx003_a_1.jpg,Variable,Medium,,Native,,
CHERRYLAKE,ILLPA00FX003,Anise 'Ocala',Illicium parviflorum 'Ocala',"14"" X 12"" X 0"" /",3,Gallon,465,5.5,,FP,Shrub,Shrub,,"14""","12""",https://cherrylake.com/images/web_photos/illpa00fx003_p_1.jpg,Variable,Medium,,Native,,
CHERRYLAKE,YPHRO003C030,Roebelenii Palm (Triple),Phoenix Roebelenii,"5' X 5' X 0"" /",30,Gallon,62,110.0,,FA,Palm,Tree,,5',5',https://cherrylake.com/images/web_photos/yphro003c030_a_1.jpg,Variable,Medium,,Unknown,,
CHERRYLAKE,YBUNA001BB18,Palm Mule,X Butyargrus nabonnandii,"16' X 0' X 0"" / Units per truck 20 
Min order qty 10","18""",Ball & Burlap,0,588.0,,CSP,Palm,Tree,,16-18' OA,5-6' CT,https://cherrylake.com/images/web_photos/ybuna001bb18_p_1.jpg,Variable,Medium,,Unknown,,
CHERRYLAKE,YLINI000BB16,BB16 - Nitida Livistonia Nitida,Livistonia Nitida,"0' X 0' X 0"" / *NON-CORE* /",1,Gallon,0,0.0,,FPPFA,Palm,Tree,,16',,https://cherrylake.com/images/web_photos/ylini000bb16_a_1.jpg,Variable,Medium,,Unknown,,Availability: Jun-26
CHERRYLAKE,YLINI001BB16,Livistona nitida Carnarvon,,"0' X 0' X 0"" / *NON-CORE* /","16""",Ball & Burlap,78,720.0,,FPPFA,Palm,Tree,,16'oa,8'-10'CT,https://cherrylake.com/images/web_photos/ylini001bb16_a_1.jpg,Variable,Medium,,Unknown,,
CHERRYLAKE,YSEREGRFC015,Saw Palmetto 'Green' Palm,Serenoa repens 'Green',"1.5' X 2' X 0"" /",15,Gallon,58,79.5,,FA,Palm,Tree,,1.5',2',https://cherrylake.com/images/web_photos/yseregrfc015_a_1.jpg,Variable,Medium,,Native,,
CHERRYLAKE,CONERSBTC045,Silver Buttonwood CT,,"11' X 5' X 2"" /",1,Gallon,3,375.0,,FA,Tree,Tree,,11',5',https://cherrylake.com/images/web_photos/conersbtc045_a_1.jpg,Variable,Medium,,Unknown,,Availability: Limited Qty
CHERRYLAKE,YBINO001X007,Palm Bismarck,,,7,Gallon,0,25.0,,FPPFA,Palm,Tree,,,,https://cherrylake.com/images/web_photos/ybino001x007_a_1.jpg,Variable,Medium,,Unknown,,Availability: Limited Qty
CHERRYLAKE,YSAPA00RBB14,Sabal Palm (Regenerated),Sabal palmetto,,"14""",Ball & Burlap,7,260.0,,FA,Palm,Tree,,12 - 20' OA,10 - 18' CT,https://cherrylake.com/images/web_photos/ysapa00rbb14_a_1.jpg,Variable,Medium,,Native,,
CHERRYLAKE,YSAPA00RBB16,Sabal Palm (Regenerated),Sabal palmetto,,"16""",Ball & Burlap,18,260.0,,FA,PALM,Tree,,12 - 20' OA,10 - 18' CT,https://cherrylake.com/images/web_photos/ysapa00rbb16_a_1.jpg,Variable,Medium,,Native,,
CHERRYLAKE,YSAPA00RBB20,Sabal Palm (Regenerated),Sabal palmetto,,"20""",Ball & Burlap,12,260.0,,FA,Palm,Tree,,12-20',10-18' CT,https://cherrylake.com/images/web_photos/ysapa00rbb20_a_1.jpg,Variable,Medium,,Native,,
CHERRYLAKE,YSAPA00RBB10,Palm Sabal Regenerated,Sabal palmetto,,"10""",Ball & Burlap,0,250.0,,FPPFA,Palm,Tree,,14' OA,10' CT,https://cherrylake.com/images/web_photos/ysapa00rbb10_a_1.jpg,Variable,Medium,,Native,,Availability: Feb-26
CHERRYLAKE,YSAPA00RBB12,Sabal Palm (Regenerated),Sabal palmetto,"0' X 0' X 0"" /","12""",Ball & Burlap,7,260.0,,FA,PALM,Tree,,12 - 20' OA,10-18'CT,https://cherrylake.com/images/web_photos/ysapa00rbb12_a_1.jpg,Variable,Medium,,Native,,
CHERRYLAKE,YSAPA00RBB18,Sabal Palm (Regenerated),Sabal palmetto,,"18""",Ball & Burlap,6,234.0,,FA,Palm,Tree,,12 - 20' OA,10 - 18' CT,https://cherrylake.com/images/web_photos/ysapa00rbb18_a_1.jpg,Variable,Medium,,Native,,
CHERRYLAKE,YLIDE000BB22, Palm Ribbon,Livistona decipiens,"22' X 0' X 0"" / Units per truck 30 
Min order qty 15",1,Gallon,0,635.0,,CSP,Palm,Tree,,20-22' OA,14-15' CT,https://cherrylake.com/images/web_photos/ylide000bb22_p_1.jpg,Variable,Medium,,Unknown,,
CHERRYLAKE,CORSE00TC045,Orange Geiger,,"12' X 3.5' X 2"" /",1,Gallon,3,400.0,,FA,Tree,Tree,,12',3.5',https://cherrylake.com/images/web_photos/corse00tc045_a_1.jpg,Variable,Medium,,Unknown,,Availability: Limited Qty
CHERRYLAKE,ILEVOSCFX007,Holly 'Schilling's Dwarf',Ilex vomitoria 'Schilling's Dwarf',"15"" X 15"" X 0"" /",7,Gallon,67,24.94,,FA,Shrub,Shrub,,"15""","15""",https://cherrylake.com/images/web_photos/ilevoscfx007_a_1.jpg,Variable,Medium,,Native,,Availability: Limited Qty
CHERRYLAKE,PINELDETC015,Densa Pine,Pinus elliottii 'Densa',"7.5' X 2.5' X 0"" / Consistent in height and spread.",15,Gallon,129,75.0,,FA,Tree,Tree,,7.5',2.5',https://cherrylake.com/images/web_photos/pineldetc015_a_1.jpg,Variable,Medium,,Native,,
CHERRYLAKE,QUEAU00TC045,Bluff Oak,Quercus austrina,"12' X 3.5' X 3"" / full canopy,straight trunk",45,Gallon,0,241.0,,FA,Tree,Tree,,12',6',https://cherrylake.com/images/web_photos/queau00tc045_a_1.jpg,Variable,Medium,,Native,,Availability: Mar-26
CHERRYLAKE,QUEAU00TC045,Bluff Oak,Quercus austrina,"14' X 2' X 2.25"" / Consistent height",45,Gallon,76,241.0,,FP,Tree,Tree,,14',2',https://cherrylake.com/images/web_photos/queau00tc045_p_1.jpg,Variable,Medium,,Native,,
CHERRYLAKE,YCOAL00FBB12,Copernicia Caranday Palm,,"0' X 0' X 0"" / *NON-CORE* /","12""",Ball & Burlap,10,360.0,,FA,Palm,Tree,,12'-18'oa,6',https://cherrylake.com/images/web_photos/ycoal00fbb12_a_1.jpg,Variable,Medium,,Unknown,,
CHERRYLAKE,YCOAL00FBB14,Copernicia Caranday Palm,Copernicia alba,"0' X 0' X 0"" /","14""",Ball & Burlap,56,273.0,,FPPFD,Palm,Tree,,0',0',https://cherrylake.com/images/web_photos/ycoal00fbb14_d_1.jpg,Variable,Medium,,Non-native,,Origin: South America
CHERRYLAKE,LIGSISUFX003,Ligustrum 'Sunshine’,,"12"" X 13"" X 0"" /",3,Gallon,281,12.75,,FA,Shrub,Shrub,,"12""","13""",https://cherrylake.com/images/web_photos/ligsisufx003_a_1.jpg,Variable,Medium,,Unknown,,
CHERRYLAKE,BAMMASBFC015,Bamboo Seabreeze,,"6' X 3' X 0"" / *NON-CORE* /",15,Gallon,40,47.0,,FA,Grass,Tree,,6',3',https://cherrylake.com/images/web_photos/bammasbfc015_a_1.jpg,Variable,Medium,,Unknown,,
CHERRYLAKE,BAMMASBFC015,Bamboo Seabreeze,,"6' X 3' X 0"" / *NON-CORE* /",15,Gallon,154,40.0,,FP,Grass,Tree,,6',3',https://cherrylake.com/images/web_photos/bammasbfc015_p_1.jpg,Variable,Medium,,Unknown,,
CHERRYLAKE,PINELDETC030,Densa Pine,Pinus elliottii 'Densa',"8' X 3' X 2.5"" /",30,Gallon,3,140.0,,FA,Tree,Tree,,8',3',https://cherrylake.com/images/web_photos/pineldetc030_a_1.jpg,Variable,Medium,,Native,,Availability: Limited Qty
CHERRYLAKE,PINELDETC030,Densa Pine,Pinus elliottii 'Densa',"7' X 3' X 3"" /",30,Gallon,100,125.0,,FP,Tree,Tree,,7',3',https://cherrylake.com/images/web_photos/pineldetc030_p_1.jpg,Variable,Medium,,Native,,
CHERRYLAKE,CORFRRSFX003,Ti Plant 'Red Sister',Cordyline fruticosa 'Red Sister',"36"" X 24"" X 0"" / *NON-CORE* /",3,Gallon,71,6.9,,FA,Shrub,Shrub,,"36""","24""",https://cherrylake.com/images/web_photos/corfrrsfx003_a_1.jpg,Variable,Medium,,Unknown,,
CHERRYLAKE,GARJAFPFX003,Gardenia 'Frostproof',Gardenia jasminoides 'Frostproof',"12"" X 18"" X 0"" /",3,Gallon,272,6.9,,FA,Shrub,Shrub,,"12""","18""",https://cherrylake.com/images/web_photos/garjafpfx003_a_1.jpg,Variable,Medium,,Non-native,,Origin: China
CHERRYLAKE,MYRFR00FX003,Simpson's Stopper,Myrcianthes fragrans,"30"" X 18"" X 0"" /",3,Gallon,174,5.5,,FA,Shrub,Shrub,,"30""","18""",https://cherrylake.com/images/web_photos/myrfr00fx003_a_1.jpg,Variable,Medium,,Native,,
CHERRYLAKE,MISSIADFX003,Maiden Grass 'Adagio',Miscanthus sinensis 'Adagio',"16"" X 16"" X 0"" /",3,Gallon,33,5.45,,FA,Ornamental Grass,Shrub,,"16""","16""",https://cherrylake.com/images/web_photos/missiadfx003_a_1.jpg,Variable,Medium,,Unknown,,Availability: Limited Qty
CHERRYLAKE,MISSIADFX003,Maiden Grass 'Adagio',Miscanthus sinensis 'Adagio',"30"" X 20"" X 0"" /",3,Gallon,0,4.25,,FP,Ornamental Grass,Shrub,,"30""","20""",https://cherrylake.com/images/web_photos/missiadfx003_p_1.jpg,Variable,Medium,,Unknown,,
CHERRYLAKE,TRAASSSFX001,Jasmine 'Summer Sunset',Trachelospermum asiaticum 'Summer Sunset',"4"" X 12"" X 0"" /",1,Gallon,0,0.0,,FA,Groundcover,Shrub,,"4""","12""",https://cherrylake.com/images/web_photos/traasssfx001_a_1.jpg,Variable,Medium,,Unknown,,
CHERRYLAKE,YSAPA00RBB22,Palm Sabal Regenerated,Sabal palmetto,,"22""",Ball & Burlap,0,250.0,,FPPFA,Palm,Tree,,26' OA,22' CT,https://cherrylake.com/images/web_photos/ysapa00rbb22_a_1.jpg,Variable,Medium,,Native,,Availability: Feb-26
CHERRYLAKE,YBINO001BB24, Palm Bismarck,Bismarckia noblis,"24' X 0' X 0"" / Units per truck 6 
Min order qty 2","24""",Ball & Burlap,0,0.0,,CSP,Palms,Tree,,24-26',12-14' CT,https://cherrylake.com/images/web_photos/ybino001bb24_p_1.jpg,Variable,Medium,,Unknown,,
CHERRYLAKE,YBINO001BB20,Palm Bismarck,Bismarckia noblis,"0' X 0' X 0"" / *NON-CORE* / Units per truck 6-12 Min order qty 6","20""",Ball & Burlap,0,706.0,,CSP,Palm,Tree,,20 - 21',6-7' CT,https://cherrylake.com/images/web_photos/ybino001bb20_p_1.jpg,Variable,Medium,,Unknown,,
CHERRYLAKE,LAGINMFMC030,Miss Frances MT (Dark Red),Lagerstroemia indica 'Miss Frances' CM224,"6' X 2' X 1.5"" / *NON-CORE* / Blooming, uniform cane",30,Gallon,189,105.0,,FP,Tree,Tree,,6',2',https://cherrylake.com/images/web_photos/laginmfmc030_p_1.jpg,Variable,Medium,,Unknown,,
CHERRYLAKE,LAN00NGFX001,Lantana 'New Gold',Lantana x ‘New Gold’,"8"" X 14"" X 0"" /",1,Gallon,487,2.98,,FA,Groundcover,Shrub,,"8""","14""",https://cherrylake.com/images/web_photos/lan00ngfx001_a_1.jpg,Variable,Medium,,Unknown,,
CHERRYLAKE,YPHHYRE0BB10,Reclinata x Hybrid Palm,Phoenix reclinata x Hybrid,"0' X 0' X 0"" /","10""",Ball & Burlap,19,400.0,,FPPFA,Palm,Tree,,18 - 22' OA,8',https://cherrylake.com/images/web_photos/yphhyre0bb10_a_1.jpg,Variable,Medium,,Unknown,,
CHERRYLAKE,YPHHYRE0BB10,Reclinata x Hybrid Palm,Phoenix reclinata x Hybrid,"0' X 0' X 0"" / *NON-CORE* /","10""",Ball & Burlap,189,255.0,,FPPFD,Palm,Tree,,0',0',https://cherrylake.com/images/web_photos/yphhyre0bb10_d_1.jpg,Variable,Medium,,Unknown,,
CHERRYLAKE,LEUFR00FX003,Texas Sage,Leucophyllum frutescens FTG,"24"" X 14"" X 0"" / *NON-CORE* /",3,Gallon,48,6.25,,FA,Shrub,Shrub,,"24""","14""",https://cherrylake.com/images/web_photos/leufr00fx003_a_1.jpg,Variable,Medium,,Unknown,,"Availability: Limited Qty, Origin: Native to Texas and Mexico"
CHERRYLAKE,EVOGLBMFX001,Blue Daze 'Blue My Mind'®,Evolvulus x 'Blue My Mind'®,"6"" X 7"" X 0"" /",1,Gallon,143,3.0,,FA,Wildflower,Shrub,,"6""","7""",https://cherrylake.com/images/web_photos/evoglbmfx001_a_1.jpg,Variable,Medium,,Unknown,,Availability: Limited Qty
CHERRYLAKE,AGAAF00FX003,Lily of The Nile,Agapanthus africanus,"10"" X 12"" X 0"" /",3,Gallon,193,6.3,,FA,Wildflower,Shrub,,"10""","12""",https://cherrylake.com/images/web_photos/agaaf00fx003_a_1.jpg,Variable,Medium,,Non-native,,Origin: South Africa
CHERRYLAKE,LIQSTSSTC015,Sweetgum 'Slender Silhouette' CT,Liquidambar styraciflua 'Slender Silouhette',"10' X 1.5' X 1.5"" / *NON-CORE* / Consistent height",15,Gallon,42,68.75,,FA,SWEETGUM,Tree,,10',1.5',https://cherrylake.com/images/web_photos/liqstsstc015_a_1.jpg,Variable,Medium,,Native,,
CHERRYLAKE,MYRFRSSFC015,Simpson's Stopper 'Shostopper' FTG,Myrcianthes fragrans 'Shostopper' TM,"4' X 2' X 0"" / good quality,consistent",15,Gallon,349,40.0,,FA,SIMPSON'S STOPPER,Shrub,,4',2',https://cherrylake.com/images/web_photos/myrfrssfc015_a_1.jpg,Variable,Medium,,Native,,
CHERRYLAKE,MYRFRSSFC015,Simpson's Stopper 'Shostopper' FTG,Myrcianthes fragrans 'Shostopper' TM,"4' X 2.5' X 0"" / Consistent height",15,Gallon,258,25.0,,FP,SIMPSON'S STOPPER,Shrub,,4',2.5',https://cherrylake.com/images/web_photos/myrfrssfc015_p_1.jpg,Variable,Medium,,Native,,
CHERRYLAKE,JATIN00TC030,Jatropha STD,Jatropha integerrima,"6.5' X 2' X 1"" / Trunk bow moderate",30,Gallon,60,175.0,,FA,Jatropha,Tree,,6.5',2',https://cherrylake.com/images/web_photos/jatin00tc030_a_1.jpg,Variable,Medium,,Unknown,,
CHERRYLAKE,ILLPAFGFX007,Anise 'Forest Green',Illicium parviflorum 'Forest Green',"36"" X 30"" X 0"" /",7,Gallon,131,20.0,,FA,Shrub,Shrub,,"36""","30""",https://cherrylake.com/images/web_photos/illpafgfx007_a_1.jpg,Variable,Medium,,Native,,
CHERRYLAKE,LAG00LSMC030,Thunderstruck™ Lavender Skies™ MT,Lagerstroemia x 'JM3' MT,"12' X 3' X 1.5"" /",30,Gallon,56,106.0,,FA,Tree,Tree,,12',3',https://cherrylake.com/images/web_photos/lag00lsmc030_a_1.jpg,Variable,Medium,,Unknown,,
CHERRYLAKE,LAG00WLMC015,Thunderstruck™ White Lightning™ MT (White),Lagerstroemia x 'JM4' PP31534 MT,"11' X 4' X 0"" / *NON-CORE* /",15,Gallon,43,57.0,,FA,Tree,Tree,,11',4',https://cherrylake.com/images/web_photos/lag00wlmc015_a_1.jpg,Variable,Medium,,Unknown,,
CHERRYLAKE,HAMPACAFX003,Firebush 'Calusa',Hamelia patens 'Calusa'TM,"14"" X 14"" X 0"" /",3,Gallon,0,4.87,,FA,Shrub,Shrub,,"14""","14""",https://cherrylake.com/images/web_photos/hampacafx003_a_1.jpg,Variable,Medium,,Native,,
CHERRYLAKE,HAMPACAFX003,Firebush 'Calusa',Hamelia patens 'Calusa'TM,"14"" X 20"" X 0"" /",3,Gallon,0,3.38,,FD,Shrub,Shrub,,"14""","20""",https://cherrylake.com/images/web_photos/hampacafx003_d_1.jpg,Variable,Medium,,Native,,
CHERRYLAKE,HAMPACAFX007,Firebush 'Calusa',Hamelia patens 'Calusa'TM,"18"" X 18"" X 0"" / *NON-CORE* /",7,Gallon,28,20.0,,FA,Shrub,Shrub,,"18""","18""",https://cherrylake.com/images/web_photos/hampacafx007_a_1.jpg,Variable,Medium,,Native,,Availability: Limited Qty
CHERRYLAKE,HAMPACAFX007,Firebush 'Calusa',Hamelia patens 'Calusa'TM,"16"" X 20"" X 0"" / *NON-CORE* /",7,Gallon,2,17.0,,FP,Shrub,Shrub,,"16""","20""",https://cherrylake.com/images/web_photos/hampacafx007_p_1.jpg,Variable,Medium,,Native,,Availability: Limited Qty
CHERRYLAKE,MUHCAWCFX003,Muhly Grass 'White Cloud',Muhlenbergia capillaris 'White Cloud',"16"" X 16"" X 0"" /",3,Gallon,0,5.0,,FA,Ornamental Grass,Shrub,,"16""","16""",https://cherrylake.com/images/web_photos/muhcawcfx003_a_1.jpg,Variable,Medium,,Native,,
CHERRYLAKE,MUHCAWCFX003,Muhly Grass 'White Cloud',Muhlenbergia capillaris 'White Cloud',"36"" X 26"" X 0"" /",3,Gallon,0,4.5,,FP,Ornamental Grass,Shrub,,"36""","26""",https://cherrylake.com/images/web_photos/muhcawcfx003_p_1.jpg,Variable,Medium,,Native,,
CHERRYLAKE,MAGVI00TC030,Sweetbay CT,,"9' X 4' X 2"" / Consistent branching",30,Gallon,111,113.99,,FA,MAGNOLIA CLEAR TRUNK,Tree,,9',4',https://cherrylake.com/images/web_photos/magvi00tc030_a_1.jpg,Variable,Medium,,Native,,
CHERRYLAKE,LIGJA00TBB08,Japanese Privet CT,,"0' X 0' X 0"" / 36in ct    08","08""",Ball & Burlap,3,335.0,,FA,Ligustrum,Tree,,8',8',https://cherrylake.com/images/web_photos/ligja00tbb08_a_1.jpg,Variable,Medium,,Unknown,,
CHERRYLAKE,LIGJA00TBB10,Japanese Privet CT,,"0' X 0' X 0"" / *NON-CORE* /","10""",Ball & Burlap,7,553.0,,FA,Ligustrum,Tree,,10',8',https://cherrylake.com/images/web_photos/ligja00tbb10_a_1.jpg,Variable,Medium,,Unknown,,
CHERRYLAKE,JUNVITAFC015,Eastern Red Cedar 'Taylor' FTG,Juniperus virginiana 'Taylor',"7' X 2' X 2"" / Consistent height",15,Gallon,46,140.0,,FA,NEEDLED EVERGREEN,Tree,,7',2',https://cherrylake.com/images/web_photos/junvitafc015_a_1.jpg,Variable,Medium,,Native,,
CHERRYLAKE,LAG00RUMC030,Thunderstruck™ Ruby™ MT (Ruby Red),Lagerstroemia x 'JM7',"12' X 3' X 1.5"" /",30,Gallon,37,106.0,,FA,Tree,Tree,,12',3',https://cherrylake.com/images/web_photos/lag00rumc030_a_1.jpg,Variable,Medium,,Unknown,,
CHERRYLAKE,MAGVI00MC030,Sweetbay MT,,"8' X 2.5' X 1.5"" / Consistent branching",30,Gallon,86,145.0,,FA,MAGNOLIA Multi Trunk,Tree,,8',2.5',https://cherrylake.com/images/web_photos/magvi00mc030_a_1.jpg,Variable,Medium,,Native,,
CHERRYLAKE,MAGVI00MC030,Sweetbay MT,,"7' X 3.5' X 1.25"" / Inconsistent high & branching",30,Gallon,28,0.0,,FD,MAGNOLIA Multi Trunk,Tree,,7',3.5',https://cherrylake.com/images/web_photos/magvi00mc030_d_1.jpg,Variable,Medium,,Native,,
CHERRYLAKE,VIBOBWAMC015,Viburnum Obovatum 'Walters',,"5' X 2.5' X 0"" /",15,Gallon,108,56.25,,FA,Viburnum,Tree,,5',2.5',https://cherrylake.com/images/web_photos/vibobwamc015_a_1.jpg,Variable,Medium,,Native,,
CHERRYLAKE,YWOBI003C030,Foxtail Palm (Triple),Wodyetia bifurcata,"12' X 4' X 0"" / Inconsistent high, some rootball showing, and some have 2 trunks",30,Gallon,7,110.25,,FD,Palm,Tree,,12',4',https://cherrylake.com/images/web_photos/ywobi003c030_d_1.jpg,Variable,Medium,,Unknown,,Availability: Limited Qty
CHERRYLAKE,YWOBI001C030,Foxtail Palm (Single),Wodyetia bifurcata,"8' X 6' X 0"" / *NON-CORE* /",30,Gallon,53,112.0,,FA,Palm,Tree,,8',6',https://cherrylake.com/images/web_photos/ywobi001c030_a_1.jpg,Variable,Medium,,Unknown,,
CHERRYLAKE,YWOBI001C030,Foxtail Palm (Single),Wodyetia bifurcata,"14' X 6' X 0"" / *NON-CORE* / Inconsistent high",30,Gallon,1,84.0,,FD,Palm,Tree,,14',6',https://cherrylake.com/images/web_photos/ywobi001c030_d_1.jpg,Variable,Medium,,Unknown,,Availability: Limited Qty
CHERRYLAKE,YADME003C030,Christmas Palm (Triple),,"8' X 6' X 0"" / Full canopy, consisting height",30,Gallon,26,125.0,,FA,Palm,Tree,,8',6',https://cherrylake.com/images/web_photos/yadme003c030_a_1.jpg,Variable,Medium,,Unknown,,
CHERRYLAKE,YADME003C030,Christmas Palm (Triple),,"8' X 6' X 0"" / Some rootball showing",30,Gallon,14,93.75,,FD,Palm,Tree,,8',6',https://cherrylake.com/images/web_photos/yadme003c030_d_1.jpg,Variable,Medium,,Unknown,,
CHERRYLAKE,LAGFAMUMC200,Muskogee MT (Lavender),,"17' X 15' X 0"" / Full canopy, small trunk scars",200,Gallon,2,607.5,,FD,Tree,Tree,,17',15',https://cherrylake.com/images/web_photos/lagfamumc200_d_1.jpg,Variable,Medium,,Unknown,,
CHERRYLAKE,CARMA00FX003,Emerald Blanket Natal Plum 'Dwarf',,"6"" X 8"" X 0"" /",3,Gallon,121,5.27,,FA,Shrub,Shrub,,"6""","8""",https://cherrylake.com/images/web_photos/carma00fx003_a_1.jpg,Variable,Medium,,Unknown,,
CHERRYLAKE,QUEVISETBB12,Live Oak Seedling,Quercus virginiana,"11' X 4' X 2"" /","12""",Ball & Burlap,4,405.0,,FA,Tree,Tree,,11 - 12.5',4 - 4.5',https://cherrylake.com/images/web_photos/quevisetbb12_a_1.jpg,Variable,Medium,,Native,,
CHERRYLAKE,QUEVISETBB12,Live Oak Seedling,Quercus virginiana,"11' X 4' X 2"" /","12""",Ball & Burlap,1,324.0,,FD,Tree,Tree,,11 - 12.5',4 - 4.5',https://cherrylake.com/images/web_photos/quevisetbb12_d_1.jpg,Variable,Medium,,Native,,
CHERRYLAKE,YSAPASORBB12,Sabal Palm (Stage One Regenerated),,"12' X 0' X 0"" / 12' CT","12""",Ball & Burlap,2,225.0,,FA,PALM,Tree,,6 - 24' OA,,https://cherrylake.com/images/web_photos/ysapasorbb12_a_1.jpg,Variable,Medium,,Native,,Availability: Limited Qty.
CHERRYLAKE,YSAPASORBB18,Stage One Palm Sabal Regenerated,,"0' X 0' X 0"" / *NON-CORE* / 18' CT",1,Gallon,16,225.0,,FA,PALM,Tree,,18' CT,,https://cherrylake.com/images/web_photos/ysapasorbb18_a_1.jpg,Variable,Medium,,Native,,
CHERRYLAKE,YSAPASORBB20,Stage One Palm Sabal Regenerated,,"0' X 0' X 0"" / *NON-CORE* / 20' CT",1,Gallon,39,225.0,,FA,PALM,Tree,,20' CT,,https://cherrylake.com/images/web_photos/ysapasorbb20_a_1.jpg,Variable,Medium,,Native,,
CHERRYLAKE,YSAPASORBB22,Stage One Palm Sabal Regenerated,,"0' X 0' X 0"" / 22' CT",1,Gallon,10,225.0,,FA,Palm,Tree,,,,https://cherrylake.com/images/web_photos/ysapasorbb22_a_1.jpg,Variable,Medium,,Native,,
CHERRYLAKE,ILEHYNSFBB06,Nellie R. Stevens FTG,Ilex  x hybrida,"5' X 3.5' X 0"" /","06""",Ball & Burlap,48,170.0,,FA,Shrub,Tree,,6',3',https://cherrylake.com/images/web_photos/ilehynsfbb06_a_1.jpg,Variable,Medium,,Unknown,,
CHERRYLAKE,ERASP00FEC25,Purple Lovegrass,Eragrostis spectabilis,"14"" X 10"" X 0"" /",1,Gallon,0,2.7,,FA,Wildflower,Shrub,,"6""","4""",https://cherrylake.com/images/web_photos/erasp00fec25_a_1.jpg,Variable,Medium,,Native,,Availability: Nov-25
CHERRYLAKE,ERASP00FEC25,Purple Lovegrass,Eragrostis spectabilis,"6"" X 8"" X 0"" /",1,Gallon,463,1.75,,FP,Wildflower,Shrub,,"6""","8""",https://cherrylake.com/images/web_photos/erasp00fec25_p_1.jpg,Variable,Medium,,Native,,
CHERRYLAKE,PITGR00FEC25,Silkgrass,Pityopsis graminifolia var tracyi,"0"" X 0"" X 0"" /",1,Gallon,0,2.7,,FA,Wildflower,Shrub,,"8""","6""",https://cherrylake.com/images/web_photos/pitgr00fec25_a_1.jpg,Variable,Medium,,Native,,Availability: Oct-25
CHERRYLAKE,MIMSTSUFEC25,Sunshine Mimosa,Mimosa strigillosa,"2"" X 4"" X 0"" /",1,Gallon,610,2.7,,FA,Wildflower,Shrub,,"2""","4""",https://cherrylake.com/images/web_photos/mimstsufec25_a_1.jpg,Variable,Medium,,Native,,
CHERRYLAKE,ARAGLECHEC25,Perennial Peanut 'Ecoturf',,"4"" X 4"" X 0"" /",1,Gallon,0,2.7,,FA,HERBACEOUS PERENNIAL,Shrub,,"4""","4""",https://cherrylake.com/images/web_photos/araglechec25_a_1.jpg,Variable,Medium,,Unknown,,
CHERRYLAKE,ARAGLECHEC25,Perennial Peanut 'Ecoturf',,"6"" X 4"" X 0"" /",1,Gallon,320,1.75,,FP,HERBACEOUS PERENNIAL,Shrub,,"6""","4""",https://cherrylake.com/images/web_photos/araglechec25_p_1.jpg,Variable,Medium,,Unknown,,
CHERRYLAKE,PHYNO00FEC25,Frogfruit,Phyla nodiflora,"4"" X 4"" X 0"" /",1,Gallon,0,2.7,,FA,Wildflower,Shrub,,"4""","4""",https://cherrylake.com/images/web_photos/phyno00fec25_a_1.jpg,Variable,Medium,,Native,,
CHERRYLAKE,PHYNO00FEC25,Frogfruit,Phyla nodiflora,"4"" X 4"" X 0"" /",1,Gallon,996,1.75,,FP,Wildflower,Shrub,,"4""","4""",https://cherrylake.com/images/web_photos/phyno00fec25_p_1.jpg,Variable,Medium,,Native,,
CHERRYLAKE,DYSHU00FEC25,Swamp Twinflower,Dyschoriste humistrata,"4"" X 8"" X 0"" /",1,Gallon,800,2.7,,FA,Wildflower,Shrub,,"4""","8""",https://cherrylake.com/images/web_photos/dyshu00fec25_a_1.jpg,Variable,Medium,,Native,,
CHERRYLAKE,DYSHU00FEC25,Swamp Twinflower,Dyschoriste humistrata,"2"" X 12"" X 0"" /",1,Gallon,0,1.75,,FP,Wildflower,Shrub,,"2""","12""",https://cherrylake.com/images/web_photos/dyshu00fec25_p_1.jpg,Variable,Medium,,Native,,
CHERRYLAKE,DYSOB00FEC25,Twinflower,Dyschoriste oblongifolia,"3"" X 2"" X 0"" /",1,Gallon,240,2.7,,FA,Wildflower,Shrub,,"3""","2""",https://cherrylake.com/images/web_photos/dysob00fec25_a_1.jpg,Variable,Medium,,Native,,
CHERRYLAKE,DYSOB00FEC25,Twinflower,Dyschoriste oblongifolia,"3"" X 4"" X 0"" /",1,Gallon,0,1.75,,FP,Wildflower,Shrub,,"3""","4""",https://cherrylake.com/images/web_photos/dysob00fec25_p_1.jpg,Variable,Medium,,Native,,
CHERRYLAKE,SALCOSSFEC25,Scarlet Sage,Salvia coccinea,"6"" X 4"" X 0"" /",1,Gallon,0,2.7,,FA,Wildflower,Shrub,,"6""","4""",https://cherrylake.com/images/web_photos/salcossfec25_a_1.jpg,Variable,Medium,,Native,,
CHERRYLAKE,SALCOSSFEC25,Scarlet Sage,Salvia coccinea,"12"" X 4"" X 0"" /",1,Gallon,298,1.75,,FP,Wildflower,Shrub,,"12""","4""",https://cherrylake.com/images/web_photos/salcossfec25_p_1.jpg,Variable,Medium,,Native,,
CHERRYLAKE,STOLA00FEC25,Purple Parasol,Stokesia laevis,"4"" X 4"" X 0"" /",1,Gallon,200,2.7,,FA,Wildflower,Shrub,,"4""","4""",https://cherrylake.com/images/web_photos/stola00fec25_a_1.jpg,Variable,Medium,,Native,,
CHERRYLAKE,STOLA00FEC25,Purple Parasol,Stokesia laevis,"16"" X 3"" X 0"" /",1,Gallon,432,1.75,,FP,Wildflower,Shrub,,"16""","3""",https://cherrylake.com/images/web_photos/stola00fec25_p_1.jpg,Variable,Medium,,Native,,
CHERRYLAKE,BERSU00FEC25,Florida Greeneyes,Berlandiera subacaulis,"3"" X 2"" X 0"" /",1,Gallon,75,2.7,,FA,Wildflower,Shrub,,"3""","2""",https://cherrylake.com/images/web_photos/bersu00fec25_a_1.jpg,Variable,Medium,,Native,,
CHERRYLAKE,BERSU00FEC25,Florida Greeneyes,Berlandiera subacaulis,"4"" X 2"" X 0"" /",1,Gallon,85,1.75,,FP,Wildflower,Shrub,,"4""","2""",https://cherrylake.com/images/web_photos/bersu00fec25_p_1.jpg,Variable,Medium,,Native,,
CHERRYLAKE,GAIPU00FEC25,Blanket Flower,Gallardia pulchella,"6"" X 4"" X 0"" /",1,Gallon,34,2.7,,FA,Wildflower,Shrub,,"6""","4""",https://cherrylake.com/images/web_photos/gaipu00fec25_a_1.jpg,Variable,Medium,,Native,,
CHERRYLAKE,RUDHI00FEC25,Black Eyed Susan,Rudbeckia hirta,"4"" X 4"" X 0"" /",1,Gallon,96,2.7,,FA,Wildflower,Shrub,,"4""","4""",https://cherrylake.com/images/web_photos/rudhi00fec25_a_1.jpg,Variable,Medium,,Native,,
CHERRYLAKE,STAJA00FEC25,Blue Porterweed,Stachytarpheta jamaicensis,"12"" X 10"" X 0"" /",1,Gallon,300,2.7,,FA,Wildflower,Shrub,,"12""","10""",https://cherrylake.com/images/web_photos/staja00fec25_a_1.jpg,Variable,Medium,,Native,,
CHERRYLAKE,STAJA00FEC25,Blue Porterweed,Stachytarpheta jamaicensis,"12"" X 6"" X 0"" /",1,Gallon,700,1.75,,FP,Wildflower,Shrub,,"12""","6""",https://cherrylake.com/images/web_photos/staja00fec25_p_1.jpg,Variable,Medium,,Native,,
CHERRYLAKE,CORLA00FEC25,Lanceleaf Coreopsis,Coreopsis lanceolata,"6"" X 10"" X 0"" /",1,Gallon,0,2.7,,FA,Wildflower,Shrub,,"6""","4""",https://cherrylake.com/images/web_photos/corla00fec25_a_1.jpg,Variable,Medium,,Native,,Availability: Oct-25
CHERRYLAKE,CORLA00FEC25,Lanceleaf Coreopsis,Coreopsis lanceolata,"6"" X 4"" X 0"" /",1,Gallon,0,1.75,,FP,Wildflower,Shrub,,"6""","4""",https://cherrylake.com/images/web_photos/corla00fec25_p_1.jpg,Variable,Medium,,Native,,
CHERRYLAKE,PENMUWHFEC25,Manyflower beardtongue 'White',Penstemon multiflorus 'White',"6"" X 4"" X 0"" /",1,Gallon,100,2.7,,FA,Wildflower,Shrub,,"6""","4""",https://cherrylake.com/images/web_photos/penmuwhfec25_a_1.jpg,Variable,Medium,,Native,,
CHERRYLAKE,PENMUWHFEC25,Manyflower beardtongue 'White',Penstemon multiflorus 'White',"6"" X 4"" X 0"" /",1,Gallon,569,1.75,,FP,Wildflower,Shrub,,"6""","4""",https://cherrylake.com/images/web_photos/penmuwhfec25_p_1.jpg,Variable,Medium,,Native,,
CHERRYLAKE,MONPU00FEC25,Beebalm,Monarda punctata,"4"" X 4"" X 0"" /",1,Gallon,47,2.7,,FA,Wildflower,Shrub,,"4""","4""",https://cherrylake.com/images/web_photos/monpu00fec25_a_1.jpg,Variable,Medium,,Native,,
CHERRYLAKE,ASCPE00FEC25,Aquatic milkweed,Asclepias perennis,"16"" X 4"" X 0"" /",1,Gallon,0,2.7,,FA,Wildflower,Shrub,,"8""","3""",https://cherrylake.com/images/web_photos/ascpe00fec25_a_1.jpg,Variable,Medium,,Native,,Availability: Oct-25
CHERRYLAKE,ASCIN00FEC25,Milkweed 'Swamp',Asclepias incarnata,"18"" X 3"" X 0"" /",1,Gallon,0,2.7,,FA,Wildflower,Shrub,,"8""","3""",https://cherrylake.com/images/web_photos/ascin00fec25_a_1.jpg,Variable,Medium,,Native,,Availability: Oct-25
CHERRYLAKE,SILAS00FEC25,Starry Rosin Flower,Silphium asteriscus 'Native Star',"3"" X 4"" X 0"" /",1,Gallon,594,2.7,,FA,Wildflower,Shrub,,"3""","4""",https://cherrylake.com/images/web_photos/silas00fec25_a_1.jpg,Variable,Medium,,Native,,
CHERRYLAKE,SILAS00FEC25,Starry Rosin Flower,Silphium asteriscus 'Native Star',"6"" X 3"" X 0"" /",1,Gallon,245,1.75,,FP,Wildflower,Shrub,,"6""","3""",https://cherrylake.com/images/web_photos/silas00fec25_p_1.jpg,Variable,Medium,,Native,,
CHERRYLAKE,IXOCOMOFX003,Ixora 'Maui Orange',Ixora coccinea 'Maui Orange',"12"" X 8"" X 0"" /",3,Gallon,5,4.38,,FA,Shrub,Shrub,,"12""","8""",https://cherrylake.com/images/web_photos/ixocomofx003_a_1.jpg,Variable,Medium,,Unknown,,Availability: Limited Qty
CHERRYLAKE,CAMSASSFX007,Camellia Sasanqua 'Shi Shi',,"12"" X 12"" X 0"" /",7,Gallon,114,45.0,,FA,Camellia,Shrub,,"12""","12""",https://cherrylake.com/images/web_photos/camsassfx007_a_1.jpg,Variable,Medium,,Unknown,,
CHERRYLAKE,PSYNELPFX003,Wild Coffee 'Little Psycho' ™,Psychotria nervosa 'Little Psycho'TM,"12"" X 12"" X 0"" /",3,Gallon,440,6.05,,FA,Shrub,Shrub,,"12""","12""",https://cherrylake.com/images/web_photos/psynelpfx003_a_1.jpg,Variable,Medium,,Native,,
CHERRYLAKE,PSYNELPFX003,Wild Coffee 'Little Psycho' ™,Psychotria nervosa 'Little Psycho'TM,"16"" X 12"" X 0"" / *NON-CORE* /",3,Gallon,113,5.5,,FP,Shrub,Shrub,,"16""","12""",https://cherrylake.com/images/web_photos/psynelpfx003_p_1.jpg,Variable,Medium,,Native,,
CHERRYLAKE,SENPODCFC030,Desert Cassia,,"7' X 4' X 1"" / The soil is in the middle of the pot.",1,Gallon,3,185.0,,FA,Tree,Tree,,7',4',https://cherrylake.com/images/web_photos/senpodcfc030_a_1.jpg,Variable,Medium,,Unknown,,
CHERRYLAKE,NEPBI00FX003,Macho Fern,,"14"" X 14"" X 0"" / *NON-CORE* /",3,Gallon,15,6.3,,FA,Wildflower,Shrub,,"14""","14""",https://cherrylake.com/images/web_photos/nepbi00fx003_a_1.jpg,Variable,Medium,,Native,,Availability: Limited Qty
CHERRYLAKE,JUNVITAFBB08,Eastern Red Cedar 'Taylor' FTG,Juniperus virginiana 'Taylor',"9' X 1.5' X 0"" /","08""",Ball & Burlap,44,400.0,,FA,NEEDLED EVERGREEN,Tree,,,,https://cherrylake.com/images/web_photos/junvitafbb08_a_1.jpg,Variable,Medium,,Native,,
CHERRYLAKE,LORCRCCFX003,Loropetalum 'Cerise Charm',Loropetalum chinense rubrum 'Fire Dance' FTG,"10"" X 10"" X 0"" / *NON-CORE* /",3,Gallon,261,10.67,,FA,Shrub,Shrub,,"10""","10""",https://cherrylake.com/images/web_photos/lorcrccfx003_a_1.jpg,Variable,Medium,,Unknown,,
CHERRYLAKE,CAMJADEFC015,"Camellia Japonica, Debutante",,"3.5' X 2.5' X 0"" /",15,Gallon,1,74.6,,FA,Camellia,Tree,,3.5',2.5',https://cherrylake.com/images/web_photos/camjadefc015_a_1.jpg,Variable,Medium,,Unknown,,Availability: Limited Qty
CHERRYLAKE,LAGFATCSC015,Tuscarora (Dark Coral),,"9' X 1.5' X 1.25"" / Consistent canopy and spread.",15,Gallon,66,58.0,,FA,Tree,Tree,,9',1.5',https://cherrylake.com/images/web_photos/lagfatcsc015_a_1.jpg,Variable,Medium,,Unknown,,
CHERRYLAKE,VIBAWCHNC030,Viburnum odoratissimum awabuki 'Chindo',,"5' X 4.5' X 0"" / Consistent branching",1,Gallon,35,122.5,,FA,Tree,Tree,,5',4.5',https://cherrylake.com/images/web_photos/vibawchnc030_a_1.jpg,Variable,Medium,,Unknown,,
CHERRYLAKE,ILEHYNSFBB04,Nellie R. Stevens FTG,Ilex  x hybrida,"5' X 2' X 0"" / Consistent height","04""",Ball & Burlap,6,95.0,,FA,Shrub,Tree,,4',2',https://cherrylake.com/images/web_photos/ilehynsfbb04_a_1.jpg,Variable,Medium,,Unknown,,
CHERRYLAKE,YCOAL00FBB16,Copernicia Caranday Palm,,"0' X 0' X 0"" / *NON-CORE* /","16""",Ball & Burlap,0,480.0,,FPPFA,Palm,Tree,,16',10'CT,https://cherrylake.com/images/web_photos/ycoal00fbb16_a_1.jpg,Variable,Medium,,Unknown,,Availability: Jun-26
CHERRYLAKE,MYRFRSSFC030,Shostopper TM FTG,Myrcianthes fragrans 'Shostopper' TM,"6' X 3' X 1.5"" / *NON-CORE* /",30,Gallon,38,115.0,,FP,SIMPSON'S STOPPER,Shrub,,6',3',https://cherrylake.com/images/web_photos/myrfrssfc030_p_1.jpg,Variable,Medium,,Native,,
CHERRYLAKE,QUEVISETBB10,Live Oak Seedling,Quercus virginiana,"10' X 4' X 1.75"" /","10""",Ball & Burlap,8,204.8,,FD,Tree,Tree,,,,https://cherrylake.com/images/web_photos/quevisetbb10_d_1.jpg,Variable,Medium,,Native,,
CHERRYLAKE,CAMJALVFX003,"Camellia Japonica, Lady Vansittart",,"24"" X 14"" X 0"" /",3,Gallon,66,14.0,,FA,Camellia,Shrub,,"24""","14""",https://cherrylake.com/images/web_photos/camjalvfx003_a_1.jpg,Variable,Medium,,Unknown,,
CHERRYLAKE,PSYNELPFX007,Wild Coffee 'Little Psycho' ™,Psychotria nervosa 'Little Psycho'TM,"18"" X 14"" X 0"" / *NON-CORE* /",7,Gallon,157,20.0,,FA,Shrub,Shrub,,"18""","14""",https://cherrylake.com/images/web_photos/psynelpfx007_a_1.jpg,Variable,Medium,,Native,,
CHERRYLAKE,PSYNELPFX007,Wild Coffee 'Little Psycho' ™,Psychotria nervosa 'Little Psycho'TM,"30"" X 21"" X 0"" / *NON-CORE* /",7,Gallon,223,15.0,,FP,Shrub,Shrub,,"30""","21""",https://cherrylake.com/images/web_photos/psynelpfx007_p_1.jpg,Variable,Medium,,Native,,
CHERRYLAKE,JUNSIFWFC030,Southern Red Cedar 'Fuzzy Wuzzy' FTG,,"8' X 3' X 0"" /",30,Gallon,99,156.25,,FA,NEEDLED EVERGREEN,Tree,,8',3',https://cherrylake.com/images/web_photos/junsifwfc030_a_1.jpg,Variable,Medium,,Native,,
CHERRYLAKE,JUNSIFWFC030,Southern Red Cedar 'Fuzzy Wuzzy' FTG,,"8' X 4' X 0"" / Thin canopy ,Inconsistent high",30,Gallon,4,125.0,,FD,NEEDLED EVERGREEN,Tree,,8',4',https://cherrylake.com/images/web_photos/junsifwfc030_d_1.jpg,Variable,Medium,,Native,,
CHERRYLAKE,MYRFRSSFX003,Simpson's Stopper 'Shostopper,Myrcianthes fragrans 'Shostopper' TM,"16"" X 12"" X 0"" /",3,Gallon,490,5.5,,FA,Shrub,Shrub,,"16""","12""",https://cherrylake.com/images/web_photos/myrfrssfx003_a_1.jpg,Variable,Medium,,Native,,
CHERRYLAKE,MYRFRSSFX003,Simpson's Stopper 'Shostopper,Myrcianthes fragrans 'Shostopper' TM,"20"" X 14"" X 0"" /",3,Gallon,0,4.5,,FP,Shrub,Shrub,,"20""","14""",https://cherrylake.com/images/web_photos/myrfrssfx003_p_1.jpg,Variable,Medium,,Native,,
CHERRYLAKE,LAGFACSMC030,Colorama Scarlet MT (Scarlet Red),,"8' X 5' X 1.5"" /",30,Gallon,81,138.0,,FA,Tree,Tree,,8',5',https://cherrylake.com/images/web_photos/lagfacsmc030_a_1.jpg,Variable,Medium,,Unknown,,
CHERRYLAKE,ILEVOPHFC015,Yaupon Upright  'Pride of Houston' FTG,Ilex vomitoria 'Pride of Houston',"5' X 3' X 0"" / Most consistent in height and spread.",15,Gallon,120,65.0,,FA,Shrub,Tree,,5',3',https://cherrylake.com/images/web_photos/ilevophfc015_a_1.jpg,Variable,Medium,,Native,,
CHERRYLAKE,LIGJA00TBB06,Japanese Privet CT,,"0' X 0' X 0"" / *NON-CORE* /","06""",Ball & Burlap,32,180.0,,FPPFA,Ligustrum,Tree,,6',6',https://cherrylake.com/images/web_photos/ligja00tbb06_a_1.jpg,Variable,Medium,,Unknown,,
CHERRYLAKE,LANIN001EC25,Wild Sage,Lantana involucrata,"6"" X 4"" X 0"" /",1,Gallon,65,2.7,,FA,Wildflower,Shrub,,"6""","4""",https://cherrylake.com/images/web_photos/lanin001ec25_a_1.jpg,Variable,Medium,,Native,,
CHERRYLAKE,LANIN001EC25,Wild Sage,Lantana involucrata,"8"" X 4"" X 0"" /",1,Gallon,145,1.75,,FP,Wildflower,Shrub,,"8""","4""",https://cherrylake.com/images/web_photos/lanin001ec25_p_1.jpg,Variable,Medium,,Native,,
CHERRYLAKE,JUNCHBPFX007,Juniper Blue Point,,"30"" X 20"" X 0"" /",7,Gallon,150,26.37,,FA,Shrub,Shrub,,"30""","20""",https://cherrylake.com/images/web_photos/junchbpfx007_a_1.jpg,Variable,Medium,,Unknown,,
CHERRYLAKE,LIQSTSSTC030,Sweetgum 'Slender Silhouette' CT,Liquidambar styraciflua 'Slender Silouhette',"12' X 2' X 2"" / Inconsistent high",30,Gallon,60,165.0,,FA,Sweetgum,Tree,,12',2',https://cherrylake.com/images/web_photos/liqstsstc030_a_1.jpg,Variable,Medium,,Native,,
CHERRYLAKE,JUNSIFWFC045,Southern Red Cedar 'Fuzzy Wuzzy' FTG,,"8' X 4' X 0"" /",45,Gallon,49,325.0,,FA,Tree,Tree,,8',4',https://cherrylake.com/images/web_photos/junsifwfc045_a_1.jpg,Variable,Medium,,Native,,
CHERRYLAKE,JUNSIFWFC045,Southern Red Cedar 'Fuzzy Wuzzy' FTG,,"10' X 5' X 2.5"" / Small  voids",45,Gallon,1,0.0,,FD,Tree,Tree,,10',5',https://cherrylake.com/images/web_photos/junsifwfc045_d_1.jpg,Variable,Medium,,Native,,Availability: Limited Qty
CHERRYLAKE,FORSE00MC030,Florida Privet MT,,"7' X 3.5' X 0"" / *NON-CORE* /",30,Gallon,24,126.0,,FA,Ligustrum Multi-Trunk,Shrub,,7',3.5',https://cherrylake.com/images/web_photos/forse00mc030_a_1.jpg,Variable,Medium,,Native,,
CHERRYLAKE,MYRCEDDMX007,Wax Myrtle 'Don's Dwarf' MT,Myrica cerifera 'Don's Dwarf',"18"" X 24"" X 0"" /",7,Gallon,321,29.29,,FA,Shrub,Shrub,,"18""","24""",https://cherrylake.com/images/web_photos/myrceddmx007_a_1.jpg,Variable,Medium,,Native,,
CHERRYLAKE,LAGFACSMC015,Colorama Scarlet MT (Scarlet Red),Lagerstroemia,"9.5' X 2.5' X 0"" / Consistent branching flushing.",15,Gallon,8,50.0,,FA,Tree,Tree,,9.5',2.5',https://cherrylake.com/images/web_photos/lagfacsmc015_a_1.jpg,Variable,Medium,,Unknown,,
CHERRYLAKE,YPHHYRE0BB14,Reclinata x Hybrid Palm,Phoenix reclinata x Hybrid,"0' X 0' X 0"" / *NON-CORE* /","14""",Ball & Burlap,49,560.0,,FPPFA,Palm,Tree,,14',10',https://cherrylake.com/images/web_photos/yphhyre0bb14_a_1.jpg,Variable,Medium,,Unknown,,
CHERRYLAKE,MAGGRLGFBB08,Little Gem,Magnolia grandiflora 'Little Gem',"8' X 3' X 0"" / *NON-CORE* /","08""",Ball & Burlap,9,132.0,,FD,Tree,Tree,,,,https://cherrylake.com/images/web_photos/maggrlgfbb08_d_1.jpg,Variable,Medium,,Native,,
CHERRYLAKE,LOMLOBREX003,Breeze™ Dwarf Mat Rush,,"18"" X 12"" X 0"" /",1,Gallon,0,0.0,,FA,Shrub,Shrub,,"18""","12""",https://cherrylake.com/images/web_photos/lomlobrex003_a_1.jpg,Variable,Medium,,Unknown,,
CHERRYLAKE,YLICH004BB16,Chinese Fan (Quad),Livistona chinensis,"0' X 0' X 0"" / *NON-CORE* /","16""",Ball & Burlap,5,941.0,,FPPFA,Palm,Tree,,16',,https://cherrylake.com/images/web_photos/ylich004bb16_a_1.jpg,Variable,Medium,,Unknown,,
CHERRYLAKE,CALSUPPFC030,Powder Puff 'Pink',,"8' X 4' X 1.5"" /",30,Gallon,22,185.0,,FA,Tree,Shrub,,8',4',https://cherrylake.com/images/web_photos/calsuppfc030_a_1.jpg,Variable,Medium,,Unknown,,Availability: Limited Qty
CHERRYLAKE,CALSUPPFC030,Powder Puff 'Pink',,"8' X 4.5' X 2"" / Medium trunk scars/ some rootball showing",30,Gallon,6,155.0,,FD,Tree,Shrub,,8',4.5',https://cherrylake.com/images/web_photos/calsuppfc030_d_1.jpg,Variable,Medium,,Unknown,,Availability: Limited Qty
CHERRYLAKE,JUNSIFWFC015,Southern Red Cedar 'Fuzzy Wuzzy' FTG,,"8' X 3' X 0"" / *NON-CORE* / Full canopy, Consistent branching",15,Gallon,8,55.0,,FA,NEEDLED EVERGREEN,Tree,,8',3',https://cherrylake.com/images/web_photos/junsifwfc015_a_1.jpg,Variable,Medium,,Native,,
CHERRYLAKE,JUNVITAFBB14,Juniper Taylor Eastern Red Cedar,Juniperus virginiana 'Taylor',"14' X 2.5' X 3"" / *NON-CORE* / Consistent height","14""",Ball & Burlap,2,495.0,,FA,NEEDLED EVERGREEN,Tree,,14',4',https://cherrylake.com/images/web_photos/junvitafbb14_a_1.jpg,Variable,Medium,,Native,,
CHERRYLAKE,MAGVI00TC015,Sweetbay CT,,"9' X 3' X 1"" / *NON-CORE* /",15,Gallon,14,58.66,,FA,MAGNOLIA CLEAR TRUNK,Tree,,9',3',https://cherrylake.com/images/web_photos/magvi00tc015_a_1.jpg,Variable,Medium,,Native,,
CHERRYLAKE,MAGVI00MC015,Sweetbay MT,,"6.5' X 3' X 0"" /",15,Gallon,76,65.0,,FA,MAGNOLIA FULL TO GROUND,Tree,,6.5',3',https://cherrylake.com/images/web_photos/magvi00mc015_a_1.jpg,Variable,Medium,,Native,,
CHERRYLAKE,LIGJA00CC045,Japanese Privet CT,,"8' X 7' X 0"" / Full head",1,Gallon,40,245.0,,FA,Tree,Tree,,8',7',https://cherrylake.com/images/web_photos/ligja00cc045_a_1.jpg,Variable,Medium,,Unknown,,
CHERRYLAKE,LAGFACSSC015,Colorama Scarlet STD (Scarlet Red),Lagerstroemia,"9' X 2.5' X 1.5"" / Only 3 left out here",15,Gallon,41,65.0,,FA,Tree,Tree,,9',2.5',https://cherrylake.com/images/web_photos/lagfacssc015_a_1.jpg,Variable,Medium,,Unknown,,
CHERRYLAKE,THUHYGGFBB16,Thuja Green Giant FTG,,,1,Gallon,7,575.0,,FA,Tree,Tree,,,,https://cherrylake.com/images/web_photos/thuhyggfbb16_a_1.jpg,Variable,Medium,,Unknown,,
CHERRYLAKE,YSAPACS1BB12,Hurricane Cut Curved Palm Sabal,,,1,Gallon,1,178.56,,FA,Palm,Tree,,,,https://cherrylake.com/images/web_photos/ysapacs1bb12_a_1.jpg,Variable,Medium,,Unknown,,
CHERRYLAKE,MAGVI00MBB08,Sweetbay MT,,"8' X 2.5' X 0"" /","08""",Ball & Burlap,7,175.0,,FA,MAGNOLIA Multi Trunk,Tree,,8',4',https://cherrylake.com/images/web_photos/magvi00mbb08_a_1.jpg,Variable,Medium,,Native,,
CHERRYLAKE,MAGVI00MBB10,Sweetbay MT,,"10' X 3' X 0"" /","10""",Ball & Burlap,4,345.0,,FA,MAGNOLIA Multi Trunk,Tree,,10',4',https://cherrylake.com/images/web_photos/magvi00mbb10_a_1.jpg,Variable,Medium,,Native,,Availability: Limited Qty.
CHERRYLAKE,JATIN00MC015,Jatropha MT,Jatropha integerrima,"5' X 3' X 0"" / *NON-CORE* /",15,Gallon,60,55.0,,FA,Jatropha,Tree,,5',3',https://cherrylake.com/images/web_photos/jatin00mc015_a_1.jpg,Variable,Medium,,Unknown,,
CHERRYLAKE,JATIN00MC030,Jatropha MT,Jatropha integerrima,"5' X 4' X 0"" /",30,Gallon,27,93.15,,FA,Jatropha,Tree,,5',4',https://cherrylake.com/images/web_photos/jatin00mc030_a_1.jpg,Variable,Medium,,Unknown,,
CHERRYLAKE,LAN00NGSC010,Lantana ' New Gold' STD,,,1,Gallon,14,0.0,,FA,Tree,Tree,,,,https://cherrylake.com/images/web_photos/lan00ngsc010_a_1.jpg,Variable,Medium,,Unknown,,
CHERRYLAKE,CALHAPPFC030,Powder Puff 'Red',,"8' X 4' X 1.5"" /",30,Gallon,50,185.0,,FA,Tree,Shrub,,8',4',https://cherrylake.com/images/web_photos/calhappfc030_a_1.jpg,Variable,Medium,,Unknown,,
CHERRYLAKE,CHIVI00MC030,Fringetree  MT,,"5' X 3' X 0"" /",1,Gallon,4,0.0,,FA,Tree,Tree,,5',3',https://cherrylake.com/images/web_photos/chivi00mc030_a_1.jpg,Variable,Medium,,Unknown,,
CHERRYLAKE,YSAPABJ1BB10,Hurricane Cut Palm Sabal 'Bootjacks',,,1,Gallon,6,260.0,,FA,Palm,Tree,,,,https://cherrylake.com/images/web_photos/ysapabj1bb10_a_1.jpg,Variable,Medium,,Unknown,,
CHERRYLAKE,YSAPABJ1BB12,Hurricane Cut Palm Sabal 'Bootjacks',,,1,Gallon,4,260.0,,FA,Palm,Tree,,,,https://cherrylake.com/images/web_photos/ysapabj1bb12_a_1.jpg,Variable,Medium,,Unknown,,
CHERRYLAKE,YSAPABJ1BB14,Hurricane Cut Palm Sabal 'Bootjacks',,,1,Gallon,3,260.0,,FA,Palm,Tree,,,,https://cherrylake.com/images/web_photos/ysapabj1bb14_a_1.jpg,Variable,Medium,,Unknown,,
CHERRYLAKE,YSAPABJ1BB08,Hurricane Cut Palm Sabal 'Bootjacks',,,1,Gallon,2,260.0,,FA,Palm,Tree,,,,https://cherrylake.com/images/web_photos/ysapabj1bb08_a_1.jpg,Variable,Medium,,Unknown,,
CHERRYLAKE,YBINO00RBB18,Palm Bismarck,Bismarckia nobilis,"0' X 0' X 0"" /","18""",Ball & Burlap,4,720.0,,FPPFA,Palm,Tree,,18'oa,,https://cherrylake.com/images/web_photos/ybino00rbb18_a_1.jpg,Variable,Medium,,Unknown,,Origin: Madagascar
CHERRYLAKE,YBINO00RBB24,Palm Bismarck BB24,Bismarckia nobilis,"0' X 0' X 0"" /",1,Gallon,3,960.0,,FPPFA,Palm,Tree,,20'oa,,https://cherrylake.com/images/web_photos/ybino00rbb24_a_1.jpg,Variable,Medium,,Unknown,,
CHERRYLAKE,YWOBI002C030,Palm Foxtail Double,,"12' X 6' X 0"" / Rootball showing",1,Gallon,2,110.0,,FD,Palm,Tree,,12',6',https://cherrylake.com/images/web_photos/ywobi002c030_d_1.jpg,Variable,Medium,,Unknown,,
CHERRYLAKE,ULMCR00TBB14,Cedar,Ulmus Cassifolia,,1,Gallon,31,540.0,,FA,Elm,Tree,,14',,https://cherrylake.com/images/web_photos/ulmcr00tbb14_a_1.jpg,Variable,Medium,,Native,,
CHERRYLAKE,ILEVOPETBB20,Holly Weeping Yaupon CT,Ilex  vomitora  'Pendula',,1,Gallon,1,553.18,,FA,Shrub,Tree,,18',5',https://cherrylake.com/images/web_photos/ilevopetbb20_a_1.jpg,Variable,Medium,,Unknown,,
CHERRYLAKE,YSAPACSRBB12,Hurricane Cut Curved Palm Sabal Regenerated,,,1,Gallon,5,0.0,,FPPFA,Palm,Tree,,,,https://cherrylake.com/images/web_photos/ysapacsrbb12_a_1.jpg,Variable,Medium,,Unknown,,
